ACCOUNT_MANAGER_ORIGIN,APPLE_SSO_CLIENT_ID,DEVVIT_GATEWAY_ORIGIN,GOOGLE_SSO_CLIENT_ID,IN_CLUSTER_STATIC_BASE_URL,IS_GKE,MANIFEST_FILE,MEDIA_BASE_URL,MWEB_ORIGIN,ORIGIN,PRECONNECT_ORIGINS,RUNTIME_CONCAT_BASE_URL,STATIC_BASE_URL,TRACKING_ENDPOINT,TRACKING_KEY,TRACKING_SECRET,USE_DEBUG,W3_REPORTING_WEB_VITAL_REPORTS_URL,ads_in_related_posts_m1,api_endpoints,dsn,enabled,environment,shreddit_ad_event_migration_m3,shreddit_ad_observer_v2,shreddit_age_settings,shreddit_paid_ua_landing_good_visit,shreddit_recaptcha_comment_create,shreddit_recaptcha_single_protocol,shreddit_service_worker_registration,web_bermuda_remove_pm_ui
https://www.reddit.com,com.reddit.RedditAppleSSO,https://devvit-gateway.reddit.com,705819728788-b2c1kcs7tst3b7ghv7at0hkqmtc68ckl.apps.googleusercontent.com,https://www.redditstatic.com/shreddit/,False,client-manifest.json,https://www.redditstatic.com/,https://www.reddit.com,https://www.reddit.com,['https://www.redditstatic.com/'],https://www.redditstatic.com/js/concat,https://www.redditstatic.com/shreddit/,https://events.redditmedia.com/v2j,ShredditFrontend-v1,eW9vM3lhZW00VW9naDVleGFlZm9lcGhlZTZQaG9o,False,https://w3-reporting.reddit.com/reports,,,,,,,,,,,,,
,,,,,,,,,,,,,,,,,,,,https://9f057df6115a4bb488c08ea12a835e6e@error-tracking.reddit.com/o418887/5810803,True,production,,,,,,,,
,,,,,,,,,,,,,,,,,,enabled,,,,,enabled,enabled,enabled,enabled,enabled,enabled,enabled,enabled
,,,,,,,,,,,,,,,,,,,"['https://www.reddit.com/r/webscraping/t support constructed stylesheets. See https:/lit.dev/docs/api/LitElement/#LitElement.styles        window.litNonce = ', 'https://www.redditstatic.com/avatars/defaults/v2/avatar_default_7.png', 'https://www.redditstatic.com/avatars/defaults/v2/avatar_default_6.png', 'https://www.redditstatic.com/avatars/defaults/v2/avatar_default_5.png', 'https://www.redditstatic.com/avatars/defaults/v2/avatar_default_0.png', 'https://www.redditstatic.com/avatars/defaults/v2/avatar_default_3.png', 'https://www.redditstatic.com/avatars/defaults/v2/avatar_default_4.png']",,,,,,,,,,,
https://www.reddit.com,com.reddit.RedditAppleSSO,https://devvit-gateway.reddit.com,705819728788-b2c1kcs7tst3b7ghv7at0hkqmtc68ckl.apps.googleusercontent.com,https://www.redditstatic.com/shreddit/,False,client-manifest.json,https://www.redditstatic.com/,https://www.reddit.com,https://www.reddit.com,['https://www.redditstatic.com/'],https://www.redditstatic.com/js/concat,https://www.redditstatic.com/shreddit/,https://events.redditmedia.com/v2j,ShredditFrontend-v1,eW9vM3lhZW00VW9naDVleGFlZm9lcGhlZTZQaG9o,False,https://w3-reporting.reddit.com/reports,,,,,,,,,,,,,
,,,,,,,,,,,,,,,,,,,,https://9f057df6115a4bb488c08ea12a835e6e@error-tracking.reddit.com/o418887/5810803,True,production,,,,,,,,
,,,,,,,,,,,,,,,,,,enabled,,,,,enabled,enabled,enabled,enabled,enabled,enabled,enabled,enabled
,,,,,,,,,,,,,,,,,,,"['https://www.reddit.com/r/webscraping/t support constructed stylesheets. See https:/lit.dev/docs/api/LitElement/#LitElement.styles        window.litNonce = ', 'https://www.redditstatic.com/avatars/defaults/v2/avatar_default_7.png', 'https://www.redditstatic.com/avatars/defaults/v2/avatar_default_5.png', 'https://www.redditstatic.com/avatars/defaults/v2/avatar_default_0.png', 'https://www.redditstatic.com/avatars/defaults/v2/avatar_default_4.png', 'https://www.redditstatic.com/avatars/defaults/v2/avatar_default_3.png', 'https://www.redditstatic.com/avatars/defaults/v2/avatar_default_6.png']",,,,,,,,,,,
https://www.reddit.com,com.reddit.RedditAppleSSO,https://devvit-gateway.reddit.com,705819728788-b2c1kcs7tst3b7ghv7at0hkqmtc68ckl.apps.googleusercontent.com,https://www.redditstatic.com/shreddit/,False,client-manifest.json,https://www.redditstatic.com/,https://www.reddit.com,https://www.reddit.com,['https://www.redditstatic.com/'],https://www.redditstatic.com/js/concat,https://www.redditstatic.com/shreddit/,https://events.redditmedia.com/v2j,ShredditFrontend-v1,eW9vM3lhZW00VW9naDVleGFlZm9lcGhlZTZQaG9o,False,https://w3-reporting.reddit.com/reports,,,,,,,,,,,,,
,,,,,,,,,,,,,,,,,,,,https://9f057df6115a4bb488c08ea12a835e6e@error-tracking.reddit.com/o418887/5810803,True,production,,,,,,,,
,,,,,,,,,,,,,,,,,,enabled,,,,,enabled,enabled,enabled,enabled,enabled,enabled,enabled,enabled
,,,,,,,,,,,,,,,,,,,"['https://www.reddit.com/r/webscraping/t support constructed stylesheets. See https:/lit.dev/docs/api/LitElement/#LitElement.styles        window.litNonce = ', 'https://www.redditstatic.com/avatars/defaults/v2/avatar_default_7.png', 'https://www.redditstatic.com/avatars/defaults/v2/avatar_default_5.png', 'https://www.redditstatic.com/avatars/defaults/v2/avatar_default_0.png', 'https://www.redditstatic.com/avatars/defaults/v2/avatar_default_4.png', 'https://www.redditstatic.com/avatars/defaults/v2/avatar_default_3.png', 'https://www.redditstatic.com/avatars/defaults/v2/avatar_default_6.png']",,,,,,,,,,,
https://www.reddit.com,com.reddit.RedditAppleSSO,https://devvit-gateway.reddit.com,705819728788-b2c1kcs7tst3b7ghv7at0hkqmtc68ckl.apps.googleusercontent.com,https://www.redditstatic.com/shreddit/,False,client-manifest.json,https://www.redditstatic.com/,https://www.reddit.com,https://www.reddit.com,['https://www.redditstatic.com/'],https://www.redditstatic.com/js/concat,https://www.redditstatic.com/shreddit/,https://events.redditmedia.com/v2j,ShredditFrontend-v1,eW9vM3lhZW00VW9naDVleGFlZm9lcGhlZTZQaG9o,False,https://w3-reporting.reddit.com/reports,,,,,,,,,,,,,
,,,,,,,,,,,,,,,,,,,,https://9f057df6115a4bb488c08ea12a835e6e@error-tracking.reddit.com/o418887/5810803,True,production,,,,,,,,
,,,,,,,,,,,,,,,,,,enabled,,,,,enabled,enabled,enabled,enabled,enabled,enabled,enabled,enabled
,,,,,,,,,,,,,,,,,,,"['https://www.reddit.com/r/webscraping/t support constructed stylesheets. See https:/lit.dev/docs/api/LitElement/#LitElement.styles        window.litNonce = ', 'https://www.redditstatic.com/avatars/defaults/v2/avatar_default_7.png', 'https://www.redditstatic.com/avatars/defaults/v2/avatar_default_5.png', 'https://www.redditstatic.com/avatars/defaults/v2/avatar_default_0.png', 'https://www.redditstatic.com/avatars/defaults/v2/avatar_default_4.png', 'https://www.redditstatic.com/avatars/defaults/v2/avatar_default_3.png', 'https://www.redditstatic.com/avatars/defaults/v2/avatar_default_6.png']",,,,,,,,,,,
https://www.reddit.com,com.reddit.RedditAppleSSO,https://devvit-gateway.reddit.com,705819728788-b2c1kcs7tst3b7ghv7at0hkqmtc68ckl.apps.googleusercontent.com,https://www.redditstatic.com/shreddit/,False,client-manifest.json,https://www.redditstatic.com/,https://www.reddit.com,https://www.reddit.com,['https://www.redditstatic.com/'],https://www.redditstatic.com/js/concat,https://www.redditstatic.com/shreddit/,https://events.redditmedia.com/v2j,ShredditFrontend-v1,eW9vM3lhZW00VW9naDVleGFlZm9lcGhlZTZQaG9o,False,https://w3-reporting.reddit.com/reports,,,,,,,,,,,,,
,,,,,,,,,,,,,,,,,,,,https://9f057df6115a4bb488c08ea12a835e6e@error-tracking.reddit.com/o418887/5810803,True,production,,,,,,,,
,,,,,,,,,,,,,,,,,,enabled,,,,,enabled,enabled,enabled,enabled,enabled,enabled,enabled,enabled
,,,,,,,,,,,,,,,,,,,"['https://www.reddit.com/r/webscraping/t support constructed stylesheets. See https:/lit.dev/docs/api/LitElement/#LitElement.styles        window.litNonce = ', 'https://www.redditstatic.com/avatars/defaults/v2/avatar_default_7.png', 'https://www.redditstatic.com/avatars/defaults/v2/avatar_default_5.png', 'https://www.redditstatic.com/avatars/defaults/v2/avatar_default_0.png', 'https://www.redditstatic.com/avatars/defaults/v2/avatar_default_4.png', 'https://www.redditstatic.com/avatars/defaults/v2/avatar_default_3.png', 'https://www.redditstatic.com/avatars/defaults/v2/avatar_default_6.png']",,,,,,,,,,,
https://www.reddit.com,com.reddit.RedditAppleSSO,https://devvit-gateway.reddit.com,705819728788-b2c1kcs7tst3b7ghv7at0hkqmtc68ckl.apps.googleusercontent.com,https://www.redditstatic.com/shreddit/,False,client-manifest.json,https://www.redditstatic.com/,https://www.reddit.com,https://www.reddit.com,['https://www.redditstatic.com/'],https://www.redditstatic.com/js/concat,https://www.redditstatic.com/shreddit/,https://events.redditmedia.com/v2j,ShredditFrontend-v1,eW9vM3lhZW00VW9naDVleGFlZm9lcGhlZTZQaG9o,False,https://w3-reporting.reddit.com/reports,,,,,,,,,,,,,
,,,,,,,,,,,,,,,,,,,,https://9f057df6115a4bb488c08ea12a835e6e@error-tracking.reddit.com/o418887/5810803,True,production,,,,,,,,
,,,,,,,,,,,,,,,,,,enabled,,,,,enabled,enabled,enabled,enabled,enabled,enabled,enabled,enabled
,,,,,,,,,,,,,,,,,,,"['https://www.reddit.com/r/webscraping/t support constructed stylesheets. See https:/lit.dev/docs/api/LitElement/#LitElement.styles        window.litNonce = ', 'https://www.redditstatic.com/avatars/defaults/v2/avatar_default_7.png', 'https://www.redditstatic.com/avatars/defaults/v2/avatar_default_5.png', 'https://www.redditstatic.com/avatars/defaults/v2/avatar_default_0.png', 'https://www.redditstatic.com/avatars/defaults/v2/avatar_default_4.png', 'https://www.redditstatic.com/avatars/defaults/v2/avatar_default_3.png', 'https://www.redditstatic.com/avatars/defaults/v2/avatar_default_6.png']",,,,,,,,,,,
https://www.reddit.com,com.reddit.RedditAppleSSO,https://devvit-gateway.reddit.com,705819728788-b2c1kcs7tst3b7ghv7at0hkqmtc68ckl.apps.googleusercontent.com,https://www.redditstatic.com/shreddit/,False,client-manifest.json,https://www.redditstatic.com/,https://www.reddit.com,https://www.reddit.com,['https://www.redditstatic.com/'],https://www.redditstatic.com/js/concat,https://www.redditstatic.com/shreddit/,https://events.redditmedia.com/v2j,ShredditFrontend-v1,eW9vM3lhZW00VW9naDVleGFlZm9lcGhlZTZQaG9o,False,https://w3-reporting.reddit.com/reports,,,,,,,,,,,,,
,,,,,,,,,,,,,,,,,,,,https://9f057df6115a4bb488c08ea12a835e6e@error-tracking.reddit.com/o418887/5810803,True,production,,,,,,,,
,,,,,,,,,,,,,,,,,,enabled,,,,,enabled,enabled,enabled,enabled,enabled,enabled,enabled,enabled
,,,,,,,,,,,,,,,,,,,"['https://www.reddit.com/r/webscraping/t support constructed stylesheets. See https:/lit.dev/docs/api/LitElement/#LitElement.styles        window.litNonce = ', 'https://www.redditstatic.com/avatars/defaults/v2/avatar_default_7.png', 'https://www.redditstatic.com/avatars/defaults/v2/avatar_default_5.png', 'https://www.redditstatic.com/avatars/defaults/v2/avatar_default_0.png', 'https://www.redditstatic.com/avatars/defaults/v2/avatar_default_4.png', 'https://www.redditstatic.com/avatars/defaults/v2/avatar_default_3.png', 'https://www.redditstatic.com/avatars/defaults/v2/avatar_default_6.png']",,,,,,,,,,,
https://www.reddit.com,com.reddit.RedditAppleSSO,https://devvit-gateway.reddit.com,705819728788-b2c1kcs7tst3b7ghv7at0hkqmtc68ckl.apps.googleusercontent.com,https://www.redditstatic.com/shreddit/,False,client-manifest.json,https://www.redditstatic.com/,https://www.reddit.com,https://www.reddit.com,['https://www.redditstatic.com/'],https://www.redditstatic.com/js/concat,https://www.redditstatic.com/shreddit/,https://events.redditmedia.com/v2j,ShredditFrontend-v1,eW9vM3lhZW00VW9naDVleGFlZm9lcGhlZTZQaG9o,False,https://w3-reporting.reddit.com/reports,,,,,,,,,,,,,
,,,,,,,,,,,,,,,,,,,,https://9f057df6115a4bb488c08ea12a835e6e@error-tracking.reddit.com/o418887/5810803,True,production,,,,,,,,
,,,,,,,,,,,,,,,,,,enabled,,,,,enabled,enabled,enabled,enabled,enabled,enabled,enabled,enabled
,,,,,,,,,,,,,,,,,,,"['https://www.reddit.com/r/webscraping/t support constructed stylesheets. See https:/lit.dev/docs/api/LitElement/#LitElement.styles        window.litNonce = ', 'https://www.redditstatic.com/avatars/defaults/v2/avatar_default_7.png', 'https://www.redditstatic.com/avatars/defaults/v2/avatar_default_5.png', 'https://www.redditstatic.com/avatars/defaults/v2/avatar_default_0.png', 'https://www.redditstatic.com/avatars/defaults/v2/avatar_default_4.png', 'https://www.redditstatic.com/avatars/defaults/v2/avatar_default_3.png', 'https://www.redditstatic.com/avatars/defaults/v2/avatar_default_6.png']",,,,,,,,,,,
https://www.reddit.com,com.reddit.RedditAppleSSO,https://devvit-gateway.reddit.com,705819728788-b2c1kcs7tst3b7ghv7at0hkqmtc68ckl.apps.googleusercontent.com,https://www.redditstatic.com/shreddit/,False,client-manifest.json,https://www.redditstatic.com/,https://www.reddit.com,https://www.reddit.com,['https://www.redditstatic.com/'],https://www.redditstatic.com/js/concat,https://www.redditstatic.com/shreddit/,https://events.redditmedia.com/v2j,ShredditFrontend-v1,eW9vM3lhZW00VW9naDVleGFlZm9lcGhlZTZQaG9o,False,https://w3-reporting.reddit.com/reports,,,,,,,,,,,,,
,,,,,,,,,,,,,,,,,,,,https://9f057df6115a4bb488c08ea12a835e6e@error-tracking.reddit.com/o418887/5810803,True,production,,,,,,,,
,,,,,,,,,,,,,,,,,,enabled,,,,,enabled,enabled,enabled,enabled,enabled,enabled,enabled,enabled
,,,,,,,,,,,,,,,,,,,"['https://www.reddit.com/r/webscraping/t support constructed stylesheets. See https:/lit.dev/docs/api/LitElement/#LitElement.styles        window.litNonce = ', 'https://www.redditstatic.com/avatars/defaults/v2/avatar_default_7.png', 'https://www.redditstatic.com/avatars/defaults/v2/avatar_default_5.png', 'https://www.redditstatic.com/avatars/defaults/v2/avatar_default_0.png', 'https://www.redditstatic.com/avatars/defaults/v2/avatar_default_4.png', 'https://www.redditstatic.com/avatars/defaults/v2/avatar_default_3.png', 'https://www.redditstatic.com/avatars/defaults/v2/avatar_default_6.png']",,,,,,,,,,,
https://www.reddit.com,com.reddit.RedditAppleSSO,https://devvit-gateway.reddit.com,705819728788-b2c1kcs7tst3b7ghv7at0hkqmtc68ckl.apps.googleusercontent.com,https://www.redditstatic.com/shreddit/,False,client-manifest.json,https://www.redditstatic.com/,https://www.reddit.com,https://www.reddit.com,['https://www.redditstatic.com/'],https://www.redditstatic.com/js/concat,https://www.redditstatic.com/shreddit/,https://events.redditmedia.com/v2j,ShredditFrontend-v1,eW9vM3lhZW00VW9naDVleGFlZm9lcGhlZTZQaG9o,False,https://w3-reporting.reddit.com/reports,,,,,,,,,,,,,
,,,,,,,,,,,,,,,,,,,,https://9f057df6115a4bb488c08ea12a835e6e@error-tracking.reddit.com/o418887/5810803,True,production,,,,,,,,
,,,,,,,,,,,,,,,,,,enabled,,,,,enabled,enabled,enabled,enabled,enabled,enabled,enabled,enabled
,,,,,,,,,,,,,,,,,,,"['https://www.reddit.com/r/webscraping/t support constructed stylesheets. See https:/lit.dev/docs/api/LitElement/#LitElement.styles        window.litNonce = ', 'https://www.redditstatic.com/avatars/defaults/v2/avatar_default_7.png', 'https://www.redditstatic.com/avatars/defaults/v2/avatar_default_5.png', 'https://www.redditstatic.com/avatars/defaults/v2/avatar_default_0.png', 'https://www.redditstatic.com/avatars/defaults/v2/avatar_default_4.png', 'https://www.redditstatic.com/avatars/defaults/v2/avatar_default_3.png', 'https://www.redditstatic.com/avatars/defaults/v2/avatar_default_6.png']",,,,,,,,,,,
https://www.reddit.com,com.reddit.RedditAppleSSO,https://devvit-gateway.reddit.com,705819728788-b2c1kcs7tst3b7ghv7at0hkqmtc68ckl.apps.googleusercontent.com,https://www.redditstatic.com/shreddit/,False,client-manifest.json,https://www.redditstatic.com/,https://www.reddit.com,https://www.reddit.com,['https://www.redditstatic.com/'],https://www.redditstatic.com/js/concat,https://www.redditstatic.com/shreddit/,https://events.redditmedia.com/v2j,ShredditFrontend-v1,eW9vM3lhZW00VW9naDVleGFlZm9lcGhlZTZQaG9o,False,https://w3-reporting.reddit.com/reports,,,,,,,,,,,,,
,,,,,,,,,,,,,,,,,,,,https://9f057df6115a4bb488c08ea12a835e6e@error-tracking.reddit.com/o418887/5810803,True,production,,,,,,,,
,,,,,,,,,,,,,,,,,,enabled,,,,,enabled,enabled,enabled,enabled,enabled,enabled,enabled,enabled
,,,,,,,,,,,,,,,,,,,"['https://www.reddit.com/r/webscraping/t support constructed stylesheets. See https:/lit.dev/docs/api/LitElement/#LitElement.styles        window.litNonce = ', 'https://www.redditstatic.com/avatars/defaults/v2/avatar_default_7.png', 'https://www.redditstatic.com/avatars/defaults/v2/avatar_default_5.png', 'https://www.redditstatic.com/avatars/defaults/v2/avatar_default_0.png', 'https://www.redditstatic.com/avatars/defaults/v2/avatar_default_4.png', 'https://www.redditstatic.com/avatars/defaults/v2/avatar_default_3.png', 'https://www.redditstatic.com/avatars/defaults/v2/avatar_default_6.png']",,,,,,,,,,,
https://www.reddit.com,com.reddit.RedditAppleSSO,https://devvit-gateway.reddit.com,705819728788-b2c1kcs7tst3b7ghv7at0hkqmtc68ckl.apps.googleusercontent.com,https://www.redditstatic.com/shreddit/,False,client-manifest.json,https://www.redditstatic.com/,https://www.reddit.com,https://www.reddit.com,['https://www.redditstatic.com/'],https://www.redditstatic.com/js/concat,https://www.redditstatic.com/shreddit/,https://events.redditmedia.com/v2j,ShredditFrontend-v1,eW9vM3lhZW00VW9naDVleGFlZm9lcGhlZTZQaG9o,False,https://w3-reporting.reddit.com/reports,,,,,,,,,,,,,
,,,,,,,,,,,,,,,,,,,,https://9f057df6115a4bb488c08ea12a835e6e@error-tracking.reddit.com/o418887/5810803,True,production,,,,,,,,
,,,,,,,,,,,,,,,,,,enabled,,,,,enabled,enabled,enabled,enabled,enabled,enabled,enabled,enabled
,,,,,,,,,,,,,,,,,,,"['https://www.reddit.com/r/webscraping/t support constructed stylesheets. See https:/lit.dev/docs/api/LitElement/#LitElement.styles        window.litNonce = ', 'https://www.redditstatic.com/avatars/defaults/v2/avatar_default_7.png', 'https://www.redditstatic.com/avatars/defaults/v2/avatar_default_5.png', 'https://www.redditstatic.com/avatars/defaults/v2/avatar_default_0.png', 'https://www.redditstatic.com/avatars/defaults/v2/avatar_default_4.png', 'https://www.redditstatic.com/avatars/defaults/v2/avatar_default_3.png', 'https://www.redditstatic.com/avatars/defaults/v2/avatar_default_6.png']",,,,,,,,,,,
https://www.reddit.com,com.reddit.RedditAppleSSO,https://devvit-gateway.reddit.com,705819728788-b2c1kcs7tst3b7ghv7at0hkqmtc68ckl.apps.googleusercontent.com,https://www.redditstatic.com/shreddit/,False,client-manifest.json,https://www.redditstatic.com/,https://www.reddit.com,https://www.reddit.com,['https://www.redditstatic.com/'],https://www.redditstatic.com/js/concat,https://www.redditstatic.com/shreddit/,https://events.redditmedia.com/v2j,ShredditFrontend-v1,eW9vM3lhZW00VW9naDVleGFlZm9lcGhlZTZQaG9o,False,https://w3-reporting.reddit.com/reports,,,,,,,,,,,,,
,,,,,,,,,,,,,,,,,,,,https://9f057df6115a4bb488c08ea12a835e6e@error-tracking.reddit.com/o418887/5810803,True,production,,,,,,,,
,,,,,,,,,,,,,,,,,,enabled,,,,,enabled,enabled,enabled,enabled,enabled,enabled,enabled,enabled
,,,,,,,,,,,,,,,,,,,"['https://www.reddit.com/r/webscraping/t support constructed stylesheets. See https:/lit.dev/docs/api/LitElement/#LitElement.styles        window.litNonce = ', 'https://www.redditstatic.com/avatars/defaults/v2/avatar_default_7.png', 'https://www.redditstatic.com/avatars/defaults/v2/avatar_default_5.png', 'https://www.redditstatic.com/avatars/defaults/v2/avatar_default_0.png', 'https://www.redditstatic.com/avatars/defaults/v2/avatar_default_4.png', 'https://www.redditstatic.com/avatars/defaults/v2/avatar_default_3.png', 'https://www.redditstatic.com/avatars/defaults/v2/avatar_default_6.png']",,,,,,,,,,,
https://www.reddit.com,com.reddit.RedditAppleSSO,https://devvit-gateway.reddit.com,705819728788-b2c1kcs7tst3b7ghv7at0hkqmtc68ckl.apps.googleusercontent.com,https://www.redditstatic.com/shreddit/,False,client-manifest.json,https://www.redditstatic.com/,https://www.reddit.com,https://www.reddit.com,['https://www.redditstatic.com/'],https://www.redditstatic.com/js/concat,https://www.redditstatic.com/shreddit/,https://events.redditmedia.com/v2j,ShredditFrontend-v1,eW9vM3lhZW00VW9naDVleGFlZm9lcGhlZTZQaG9o,False,https://w3-reporting.reddit.com/reports,,,,,,,,,,,,,
,,,,,,,,,,,,,,,,,,,,https://9f057df6115a4bb488c08ea12a835e6e@error-tracking.reddit.com/o418887/5810803,True,production,,,,,,,,
,,,,,,,,,,,,,,,,,,enabled,,,,,enabled,enabled,enabled,enabled,enabled,enabled,enabled,enabled
,,,,,,,,,,,,,,,,,,,"['https://www.reddit.com/r/webscraping/t support constructed stylesheets. See https:/lit.dev/docs/api/LitElement/#LitElement.styles        window.litNonce = ', 'https://www.redditstatic.com/avatars/defaults/v2/avatar_default_7.png', 'https://www.redditstatic.com/avatars/defaults/v2/avatar_default_5.png', 'https://www.redditstatic.com/avatars/defaults/v2/avatar_default_0.png', 'https://www.redditstatic.com/avatars/defaults/v2/avatar_default_4.png', 'https://www.redditstatic.com/avatars/defaults/v2/avatar_default_3.png', 'https://www.redditstatic.com/avatars/defaults/v2/avatar_default_6.png']",,,,,,,,,,,
https://www.reddit.com,com.reddit.RedditAppleSSO,https://devvit-gateway.reddit.com,705819728788-b2c1kcs7tst3b7ghv7at0hkqmtc68ckl.apps.googleusercontent.com,https://www.redditstatic.com/shreddit/,False,client-manifest.json,https://www.redditstatic.com/,https://www.reddit.com,https://www.reddit.com,['https://www.redditstatic.com/'],https://www.redditstatic.com/js/concat,https://www.redditstatic.com/shreddit/,https://events.redditmedia.com/v2j,ShredditFrontend-v1,eW9vM3lhZW00VW9naDVleGFlZm9lcGhlZTZQaG9o,False,https://w3-reporting.reddit.com/reports,,,,,,,,,,,,,
,,,,,,,,,,,,,,,,,,,,https://9f057df6115a4bb488c08ea12a835e6e@error-tracking.reddit.com/o418887/5810803,True,production,,,,,,,,
,,,,,,,,,,,,,,,,,,enabled,,,,,enabled,enabled,enabled,enabled,enabled,enabled,enabled,enabled
,,,,,,,,,,,,,,,,,,,"['https://www.reddit.com/r/webscraping/t support constructed stylesheets. See https:/lit.dev/docs/api/LitElement/#LitElement.styles        window.litNonce = ', 'https://www.redditstatic.com/avatars/defaults/v2/avatar_default_7.png', 'https://www.redditstatic.com/avatars/defaults/v2/avatar_default_5.png', 'https://www.redditstatic.com/avatars/defaults/v2/avatar_default_0.png', 'https://www.redditstatic.com/avatars/defaults/v2/avatar_default_4.png', 'https://www.redditstatic.com/avatars/defaults/v2/avatar_default_3.png', 'https://www.redditstatic.com/avatars/defaults/v2/avatar_default_6.png']",,,,,,,,,,,
https://www.reddit.com,com.reddit.RedditAppleSSO,https://devvit-gateway.reddit.com,705819728788-b2c1kcs7tst3b7ghv7at0hkqmtc68ckl.apps.googleusercontent.com,https://www.redditstatic.com/shreddit/,False,client-manifest.json,https://www.redditstatic.com/,https://www.reddit.com,https://www.reddit.com,['https://www.redditstatic.com/'],https://www.redditstatic.com/js/concat,https://www.redditstatic.com/shreddit/,https://events.redditmedia.com/v2j,ShredditFrontend-v1,eW9vM3lhZW00VW9naDVleGFlZm9lcGhlZTZQaG9o,False,https://w3-reporting.reddit.com/reports,,,,,,,,,,,,,
,,,,,,,,,,,,,,,,,,,,https://9f057df6115a4bb488c08ea12a835e6e@error-tracking.reddit.com/o418887/5810803,True,production,,,,,,,,
,,,,,,,,,,,,,,,,,,enabled,,,,,enabled,enabled,enabled,enabled,enabled,enabled,enabled,enabled
,,,,,,,,,,,,,,,,,,,"['https://www.reddit.com/r/webscraping/t support constructed stylesheets. See https:/lit.dev/docs/api/LitElement/#LitElement.styles        window.litNonce = ', 'https://www.redditstatic.com/avatars/defaults/v2/avatar_default_7.png', 'https://www.redditstatic.com/avatars/defaults/v2/avatar_default_5.png', 'https://www.redditstatic.com/avatars/defaults/v2/avatar_default_0.png', 'https://www.redditstatic.com/avatars/defaults/v2/avatar_default_4.png', 'https://www.redditstatic.com/avatars/defaults/v2/avatar_default_3.png', 'https://www.redditstatic.com/avatars/defaults/v2/avatar_default_6.png']",,,,,,,,,,,
https://www.reddit.com,com.reddit.RedditAppleSSO,https://devvit-gateway.reddit.com,705819728788-b2c1kcs7tst3b7ghv7at0hkqmtc68ckl.apps.googleusercontent.com,https://www.redditstatic.com/shreddit/,False,client-manifest.json,https://www.redditstatic.com/,https://www.reddit.com,https://www.reddit.com,['https://www.redditstatic.com/'],https://www.redditstatic.com/js/concat,https://www.redditstatic.com/shreddit/,https://events.redditmedia.com/v2j,ShredditFrontend-v1,eW9vM3lhZW00VW9naDVleGFlZm9lcGhlZTZQaG9o,False,https://w3-reporting.reddit.com/reports,,,,,,,,,,,,,
,,,,,,,,,,,,,,,,,,,,https://9f057df6115a4bb488c08ea12a835e6e@error-tracking.reddit.com/o418887/5810803,True,production,,,,,,,,
,,,,,,,,,,,,,,,,,,enabled,,,,,enabled,enabled,enabled,enabled,enabled,enabled,enabled,enabled
,,,,,,,,,,,,,,,,,,,"['https://www.reddit.com/r/webscraping/t support constructed stylesheets. See https:/lit.dev/docs/api/LitElement/#LitElement.styles        window.litNonce = ', 'https://www.redditstatic.com/avatars/defaults/v2/avatar_default_7.png', 'https://www.redditstatic.com/avatars/defaults/v2/avatar_default_5.png', 'https://www.redditstatic.com/avatars/defaults/v2/avatar_default_0.png', 'https://www.redditstatic.com/avatars/defaults/v2/avatar_default_4.png', 'https://www.redditstatic.com/avatars/defaults/v2/avatar_default_3.png', 'https://www.redditstatic.com/avatars/defaults/v2/avatar_default_6.png']",,,,,,,,,,,
https://www.reddit.com,com.reddit.RedditAppleSSO,https://devvit-gateway.reddit.com,705819728788-b2c1kcs7tst3b7ghv7at0hkqmtc68ckl.apps.googleusercontent.com,https://www.redditstatic.com/shreddit/,False,client-manifest.json,https://www.redditstatic.com/,https://www.reddit.com,https://www.reddit.com,['https://www.redditstatic.com/'],https://www.redditstatic.com/js/concat,https://www.redditstatic.com/shreddit/,https://events.redditmedia.com/v2j,ShredditFrontend-v1,eW9vM3lhZW00VW9naDVleGFlZm9lcGhlZTZQaG9o,False,https://w3-reporting.reddit.com/reports,,,,,,,,,,,,,
,,,,,,,,,,,,,,,,,,,,https://9f057df6115a4bb488c08ea12a835e6e@error-tracking.reddit.com/o418887/5810803,True,production,,,,,,,,
,,,,,,,,,,,,,,,,,,enabled,,,,,enabled,enabled,enabled,enabled,enabled,enabled,enabled,enabled
,,,,,,,,,,,,,,,,,,,"['https://www.reddit.com/r/webscraping/t support constructed stylesheets. See https:/lit.dev/docs/api/LitElement/#LitElement.styles        window.litNonce = ', 'https://www.redditstatic.com/avatars/defaults/v2/avatar_default_7.png', 'https://www.redditstatic.com/avatars/defaults/v2/avatar_default_5.png', 'https://www.redditstatic.com/avatars/defaults/v2/avatar_default_0.png', 'https://www.redditstatic.com/avatars/defaults/v2/avatar_default_4.png', 'https://www.redditstatic.com/avatars/defaults/v2/avatar_default_3.png', 'https://www.redditstatic.com/avatars/defaults/v2/avatar_default_6.png']",,,,,,,,,,,
https://www.reddit.com,com.reddit.RedditAppleSSO,https://devvit-gateway.reddit.com,705819728788-b2c1kcs7tst3b7ghv7at0hkqmtc68ckl.apps.googleusercontent.com,https://www.redditstatic.com/shreddit/,False,client-manifest.json,https://www.redditstatic.com/,https://www.reddit.com,https://www.reddit.com,['https://www.redditstatic.com/'],https://www.redditstatic.com/js/concat,https://www.redditstatic.com/shreddit/,https://events.redditmedia.com/v2j,ShredditFrontend-v1,eW9vM3lhZW00VW9naDVleGFlZm9lcGhlZTZQaG9o,False,https://w3-reporting.reddit.com/reports,,,,,,,,,,,,,
,,,,,,,,,,,,,,,,,,,,https://9f057df6115a4bb488c08ea12a835e6e@error-tracking.reddit.com/o418887/5810803,True,production,,,,,,,,
,,,,,,,,,,,,,,,,,,enabled,,,,,enabled,enabled,enabled,enabled,enabled,enabled,enabled,enabled
,,,,,,,,,,,,,,,,,,,"['https://www.reddit.com/r/webscraping/t support constructed stylesheets. See https:/lit.dev/docs/api/LitElement/#LitElement.styles        window.litNonce = ', 'https://www.redditstatic.com/avatars/defaults/v2/avatar_default_7.png', 'https://www.redditstatic.com/avatars/defaults/v2/avatar_default_5.png', 'https://www.redditstatic.com/avatars/defaults/v2/avatar_default_0.png', 'https://www.redditstatic.com/avatars/defaults/v2/avatar_default_4.png', 'https://www.redditstatic.com/avatars/defaults/v2/avatar_default_3.png', 'https://www.redditstatic.com/avatars/defaults/v2/avatar_default_6.png']",,,,,,,,,,,
https://www.reddit.com,com.reddit.RedditAppleSSO,https://devvit-gateway.reddit.com,705819728788-b2c1kcs7tst3b7ghv7at0hkqmtc68ckl.apps.googleusercontent.com,https://www.redditstatic.com/shreddit/,False,client-manifest.json,https://www.redditstatic.com/,https://www.reddit.com,https://www.reddit.com,['https://www.redditstatic.com/'],https://www.redditstatic.com/js/concat,https://www.redditstatic.com/shreddit/,https://events.redditmedia.com/v2j,ShredditFrontend-v1,eW9vM3lhZW00VW9naDVleGFlZm9lcGhlZTZQaG9o,False,https://w3-reporting.reddit.com/reports,,,,,,,,,,,,,
,,,,,,,,,,,,,,,,,,,,https://9f057df6115a4bb488c08ea12a835e6e@error-tracking.reddit.com/o418887/5810803,True,production,,,,,,,,
,,,,,,,,,,,,,,,,,,enabled,,,,,enabled,enabled,enabled,enabled,enabled,enabled,enabled,enabled
,,,,,,,,,,,,,,,,,,,"['https://www.reddit.com/r/webscraping/t support constructed stylesheets. See https:/lit.dev/docs/api/LitElement/#LitElement.styles        window.litNonce = ', 'https://www.redditstatic.com/avatars/defaults/v2/avatar_default_7.png', 'https://www.redditstatic.com/avatars/defaults/v2/avatar_default_5.png', 'https://www.redditstatic.com/avatars/defaults/v2/avatar_default_0.png', 'https://www.redditstatic.com/avatars/defaults/v2/avatar_default_4.png', 'https://www.redditstatic.com/avatars/defaults/v2/avatar_default_3.png', 'https://www.redditstatic.com/avatars/defaults/v2/avatar_default_6.png']",,,,,,,,,,,
https://www.reddit.com,com.reddit.RedditAppleSSO,https://devvit-gateway.reddit.com,705819728788-b2c1kcs7tst3b7ghv7at0hkqmtc68ckl.apps.googleusercontent.com,https://www.redditstatic.com/shreddit/,False,client-manifest.json,https://www.redditstatic.com/,https://www.reddit.com,https://www.reddit.com,['https://www.redditstatic.com/'],https://www.redditstatic.com/js/concat,https://www.redditstatic.com/shreddit/,https://events.redditmedia.com/v2j,ShredditFrontend-v1,eW9vM3lhZW00VW9naDVleGFlZm9lcGhlZTZQaG9o,False,https://w3-reporting.reddit.com/reports,,,,,,,,,,,,,
,,,,,,,,,,,,,,,,,,,,https://9f057df6115a4bb488c08ea12a835e6e@error-tracking.reddit.com/o418887/5810803,True,production,,,,,,,,
,,,,,,,,,,,,,,,,,,enabled,,,,,enabled,enabled,enabled,enabled,enabled,enabled,enabled,enabled
,,,,,,,,,,,,,,,,,,,"['https://www.reddit.com/r/webscraping/t support constructed stylesheets. See https:/lit.dev/docs/api/LitElement/#LitElement.styles        window.litNonce = ', 'https://www.redditstatic.com/avatars/defaults/v2/avatar_default_7.png', 'https://www.redditstatic.com/avatars/defaults/v2/avatar_default_5.png', 'https://www.redditstatic.com/avatars/defaults/v2/avatar_default_0.png', 'https://www.redditstatic.com/avatars/defaults/v2/avatar_default_4.png', 'https://www.redditstatic.com/avatars/defaults/v2/avatar_default_3.png', 'https://www.redditstatic.com/avatars/defaults/v2/avatar_default_6.png']",,,,,,,,,,,
https://www.reddit.com,com.reddit.RedditAppleSSO,https://devvit-gateway.reddit.com,705819728788-b2c1kcs7tst3b7ghv7at0hkqmtc68ckl.apps.googleusercontent.com,https://www.redditstatic.com/shreddit/,False,client-manifest.json,https://www.redditstatic.com/,https://www.reddit.com,https://www.reddit.com,['https://www.redditstatic.com/'],https://www.redditstatic.com/js/concat,https://www.redditstatic.com/shreddit/,https://events.redditmedia.com/v2j,ShredditFrontend-v1,eW9vM3lhZW00VW9naDVleGFlZm9lcGhlZTZQaG9o,False,https://w3-reporting.reddit.com/reports,,,,,,,,,,,,,
,,,,,,,,,,,,,,,,,,,,https://9f057df6115a4bb488c08ea12a835e6e@error-tracking.reddit.com/o418887/5810803,True,production,,,,,,,,
,,,,,,,,,,,,,,,,,,enabled,,,,,enabled,enabled,enabled,enabled,enabled,enabled,enabled,enabled
,,,,,,,,,,,,,,,,,,,"['https://www.reddit.com/r/webscraping/t support constructed stylesheets. See https:/lit.dev/docs/api/LitElement/#LitElement.styles        window.litNonce = ', 'https://www.redditstatic.com/avatars/defaults/v2/avatar_default_7.png', 'https://www.redditstatic.com/avatars/defaults/v2/avatar_default_5.png', 'https://www.redditstatic.com/avatars/defaults/v2/avatar_default_0.png', 'https://www.redditstatic.com/avatars/defaults/v2/avatar_default_4.png', 'https://www.redditstatic.com/avatars/defaults/v2/avatar_default_3.png', 'https://www.redditstatic.com/avatars/defaults/v2/avatar_default_6.png']",,,,,,,,,,,
https://www.reddit.com,com.reddit.RedditAppleSSO,https://devvit-gateway.reddit.com,705819728788-b2c1kcs7tst3b7ghv7at0hkqmtc68ckl.apps.googleusercontent.com,https://www.redditstatic.com/shreddit/,False,client-manifest.json,https://www.redditstatic.com/,https://www.reddit.com,https://www.reddit.com,['https://www.redditstatic.com/'],https://www.redditstatic.com/js/concat,https://www.redditstatic.com/shreddit/,https://events.redditmedia.com/v2j,ShredditFrontend-v1,eW9vM3lhZW00VW9naDVleGFlZm9lcGhlZTZQaG9o,False,https://w3-reporting.reddit.com/reports,,,,,,,,,,,,,
,,,,,,,,,,,,,,,,,,,,https://9f057df6115a4bb488c08ea12a835e6e@error-tracking.reddit.com/o418887/5810803,True,production,,,,,,,,
,,,,,,,,,,,,,,,,,,enabled,,,,,enabled,enabled,enabled,enabled,enabled,enabled,enabled,enabled
,,,,,,,,,,,,,,,,,,,"['https://www.reddit.com/r/webscraping/t support constructed stylesheets. See https:/lit.dev/docs/api/LitElement/#LitElement.styles        window.litNonce = ', 'https://www.redditstatic.com/avatars/defaults/v2/avatar_default_7.png', 'https://www.redditstatic.com/avatars/defaults/v2/avatar_default_5.png', 'https://www.redditstatic.com/avatars/defaults/v2/avatar_default_0.png', 'https://www.redditstatic.com/avatars/defaults/v2/avatar_default_4.png', 'https://www.redditstatic.com/avatars/defaults/v2/avatar_default_3.png', 'https://www.redditstatic.com/avatars/defaults/v2/avatar_default_6.png']",,,,,,,,,,,
https://www.reddit.com,com.reddit.RedditAppleSSO,https://devvit-gateway.reddit.com,705819728788-b2c1kcs7tst3b7ghv7at0hkqmtc68ckl.apps.googleusercontent.com,https://www.redditstatic.com/shreddit/,False,client-manifest.json,https://www.redditstatic.com/,https://www.reddit.com,https://www.reddit.com,['https://www.redditstatic.com/'],https://www.redditstatic.com/js/concat,https://www.redditstatic.com/shreddit/,https://events.redditmedia.com/v2j,ShredditFrontend-v1,eW9vM3lhZW00VW9naDVleGFlZm9lcGhlZTZQaG9o,False,https://w3-reporting.reddit.com/reports,,,,,,,,,,,,,
,,,,,,,,,,,,,,,,,,,,https://9f057df6115a4bb488c08ea12a835e6e@error-tracking.reddit.com/o418887/5810803,True,production,,,,,,,,
,,,,,,,,,,,,,,,,,,enabled,,,,,enabled,enabled,enabled,enabled,enabled,enabled,enabled,enabled
,,,,,,,,,,,,,,,,,,,"['https://www.reddit.com/r/webscraping/t support constructed stylesheets. See https:/lit.dev/docs/api/LitElement/#LitElement.styles        window.litNonce = ', 'https://www.redditstatic.com/avatars/defaults/v2/avatar_default_7.png', 'https://www.redditstatic.com/avatars/defaults/v2/avatar_default_5.png', 'https://www.redditstatic.com/avatars/defaults/v2/avatar_default_0.png', 'https://www.redditstatic.com/avatars/defaults/v2/avatar_default_4.png', 'https://www.redditstatic.com/avatars/defaults/v2/avatar_default_3.png', 'https://www.redditstatic.com/avatars/defaults/v2/avatar_default_6.png']",,,,,,,,,,,
https://www.reddit.com,com.reddit.RedditAppleSSO,https://devvit-gateway.reddit.com,705819728788-b2c1kcs7tst3b7ghv7at0hkqmtc68ckl.apps.googleusercontent.com,https://www.redditstatic.com/shreddit/,False,client-manifest.json,https://www.redditstatic.com/,https://www.reddit.com,https://www.reddit.com,['https://www.redditstatic.com/'],https://www.redditstatic.com/js/concat,https://www.redditstatic.com/shreddit/,https://events.redditmedia.com/v2j,ShredditFrontend-v1,eW9vM3lhZW00VW9naDVleGFlZm9lcGhlZTZQaG9o,False,https://w3-reporting.reddit.com/reports,,,,,,,,,,,,,
,,,,,,,,,,,,,,,,,,,,https://9f057df6115a4bb488c08ea12a835e6e@error-tracking.reddit.com/o418887/5810803,True,production,,,,,,,,
,,,,,,,,,,,,,,,,,,enabled,,,,,enabled,enabled,enabled,enabled,enabled,enabled,enabled,enabled
,,,,,,,,,,,,,,,,,,,"['https://www.reddit.com/r/webscraping/t support constructed stylesheets. See https:/lit.dev/docs/api/LitElement/#LitElement.styles        window.litNonce = ', 'https://www.redditstatic.com/avatars/defaults/v2/avatar_default_7.png', 'https://www.redditstatic.com/avatars/defaults/v2/avatar_default_5.png', 'https://www.redditstatic.com/avatars/defaults/v2/avatar_default_0.png', 'https://www.redditstatic.com/avatars/defaults/v2/avatar_default_4.png', 'https://www.redditstatic.com/avatars/defaults/v2/avatar_default_3.png', 'https://www.redditstatic.com/avatars/defaults/v2/avatar_default_6.png']",,,,,,,,,,,
https://www.reddit.com,com.reddit.RedditAppleSSO,https://devvit-gateway.reddit.com,705819728788-b2c1kcs7tst3b7ghv7at0hkqmtc68ckl.apps.googleusercontent.com,https://www.redditstatic.com/shreddit/,False,client-manifest.json,https://www.redditstatic.com/,https://www.reddit.com,https://www.reddit.com,['https://www.redditstatic.com/'],https://www.redditstatic.com/js/concat,https://www.redditstatic.com/shreddit/,https://events.redditmedia.com/v2j,ShredditFrontend-v1,eW9vM3lhZW00VW9naDVleGFlZm9lcGhlZTZQaG9o,False,https://w3-reporting.reddit.com/reports,,,,,,,,,,,,,
,,,,,,,,,,,,,,,,,,,,https://9f057df6115a4bb488c08ea12a835e6e@error-tracking.reddit.com/o418887/5810803,True,production,,,,,,,,
,,,,,,,,,,,,,,,,,,enabled,,,,,enabled,enabled,enabled,enabled,enabled,enabled,enabled,enabled
,,,,,,,,,,,,,,,,,,,"['https://www.reddit.com/r/webscraping/t support constructed stylesheets. See https:/lit.dev/docs/api/LitElement/#LitElement.styles        window.litNonce = ', 'https://www.redditstatic.com/avatars/defaults/v2/avatar_default_7.png', 'https://www.redditstatic.com/avatars/defaults/v2/avatar_default_5.png', 'https://www.redditstatic.com/avatars/defaults/v2/avatar_default_0.png', 'https://www.redditstatic.com/avatars/defaults/v2/avatar_default_4.png', 'https://www.redditstatic.com/avatars/defaults/v2/avatar_default_3.png', 'https://www.redditstatic.com/avatars/defaults/v2/avatar_default_6.png']",,,,,,,,,,,
https://www.reddit.com,com.reddit.RedditAppleSSO,https://devvit-gateway.reddit.com,705819728788-b2c1kcs7tst3b7ghv7at0hkqmtc68ckl.apps.googleusercontent.com,https://www.redditstatic.com/shreddit/,False,client-manifest.json,https://www.redditstatic.com/,https://www.reddit.com,https://www.reddit.com,['https://www.redditstatic.com/'],https://www.redditstatic.com/js/concat,https://www.redditstatic.com/shreddit/,https://events.redditmedia.com/v2j,ShredditFrontend-v1,eW9vM3lhZW00VW9naDVleGFlZm9lcGhlZTZQaG9o,False,https://w3-reporting.reddit.com/reports,,,,,,,,,,,,,
,,,,,,,,,,,,,,,,,,,,https://9f057df6115a4bb488c08ea12a835e6e@error-tracking.reddit.com/o418887/5810803,True,production,,,,,,,,
,,,,,,,,,,,,,,,,,,enabled,,,,,enabled,enabled,enabled,enabled,enabled,enabled,enabled,enabled
,,,,,,,,,,,,,,,,,,,"['https://www.reddit.com/r/webscraping/t support constructed stylesheets. See https:/lit.dev/docs/api/LitElement/#LitElement.styles        window.litNonce = ', 'https://www.redditstatic.com/avatars/defaults/v2/avatar_default_7.png', 'https://www.redditstatic.com/avatars/defaults/v2/avatar_default_5.png', 'https://www.redditstatic.com/avatars/defaults/v2/avatar_default_0.png', 'https://www.redditstatic.com/avatars/defaults/v2/avatar_default_4.png', 'https://www.redditstatic.com/avatars/defaults/v2/avatar_default_3.png', 'https://www.redditstatic.com/avatars/defaults/v2/avatar_default_6.png']",,,,,,,,,,,
https://www.reddit.com,com.reddit.RedditAppleSSO,https://devvit-gateway.reddit.com,705819728788-b2c1kcs7tst3b7ghv7at0hkqmtc68ckl.apps.googleusercontent.com,https://www.redditstatic.com/shreddit/,False,client-manifest.json,https://www.redditstatic.com/,https://www.reddit.com,https://www.reddit.com,['https://www.redditstatic.com/'],https://www.redditstatic.com/js/concat,https://www.redditstatic.com/shreddit/,https://events.redditmedia.com/v2j,ShredditFrontend-v1,eW9vM3lhZW00VW9naDVleGFlZm9lcGhlZTZQaG9o,False,https://w3-reporting.reddit.com/reports,,,,,,,,,,,,,
,,,,,,,,,,,,,,,,,,,,https://9f057df6115a4bb488c08ea12a835e6e@error-tracking.reddit.com/o418887/5810803,True,production,,,,,,,,
,,,,,,,,,,,,,,,,,,enabled,,,,,enabled,enabled,enabled,enabled,enabled,enabled,enabled,enabled
,,,,,,,,,,,,,,,,,,,"['https://www.reddit.com/r/webscraping/t support constructed stylesheets. See https:/lit.dev/docs/api/LitElement/#LitElement.styles        window.litNonce = ', 'https://www.redditstatic.com/avatars/defaults/v2/avatar_default_7.png', 'https://www.redditstatic.com/avatars/defaults/v2/avatar_default_5.png', 'https://www.redditstatic.com/avatars/defaults/v2/avatar_default_0.png', 'https://www.redditstatic.com/avatars/defaults/v2/avatar_default_4.png', 'https://www.redditstatic.com/avatars/defaults/v2/avatar_default_3.png', 'https://www.redditstatic.com/avatars/defaults/v2/avatar_default_6.png']",,,,,,,,,,,
https://www.reddit.com,com.reddit.RedditAppleSSO,https://devvit-gateway.reddit.com,705819728788-b2c1kcs7tst3b7ghv7at0hkqmtc68ckl.apps.googleusercontent.com,https://www.redditstatic.com/shreddit/,False,client-manifest.json,https://www.redditstatic.com/,https://www.reddit.com,https://www.reddit.com,['https://www.redditstatic.com/'],https://www.redditstatic.com/js/concat,https://www.redditstatic.com/shreddit/,https://events.redditmedia.com/v2j,ShredditFrontend-v1,eW9vM3lhZW00VW9naDVleGFlZm9lcGhlZTZQaG9o,False,https://w3-reporting.reddit.com/reports,,,,,,,,,,,,,
,,,,,,,,,,,,,,,,,,,,https://9f057df6115a4bb488c08ea12a835e6e@error-tracking.reddit.com/o418887/5810803,True,production,,,,,,,,
,,,,,,,,,,,,,,,,,,enabled,,,,,enabled,enabled,enabled,enabled,enabled,enabled,enabled,enabled
,,,,,,,,,,,,,,,,,,,"['https://www.reddit.com/r/webscraping/t support constructed stylesheets. See https:/lit.dev/docs/api/LitElement/#LitElement.styles        window.litNonce = ', 'https://www.redditstatic.com/avatars/defaults/v2/avatar_default_7.png', 'https://www.redditstatic.com/avatars/defaults/v2/avatar_default_5.png', 'https://www.redditstatic.com/avatars/defaults/v2/avatar_default_0.png', 'https://www.redditstatic.com/avatars/defaults/v2/avatar_default_4.png', 'https://www.redditstatic.com/avatars/defaults/v2/avatar_default_3.png', 'https://www.redditstatic.com/avatars/defaults/v2/avatar_default_6.png']",,,,,,,,,,,
https://www.reddit.com,com.reddit.RedditAppleSSO,https://devvit-gateway.reddit.com,705819728788-b2c1kcs7tst3b7ghv7at0hkqmtc68ckl.apps.googleusercontent.com,https://www.redditstatic.com/shreddit/,False,client-manifest.json,https://www.redditstatic.com/,https://www.reddit.com,https://www.reddit.com,['https://www.redditstatic.com/'],https://www.redditstatic.com/js/concat,https://www.redditstatic.com/shreddit/,https://events.redditmedia.com/v2j,ShredditFrontend-v1,eW9vM3lhZW00VW9naDVleGFlZm9lcGhlZTZQaG9o,False,https://w3-reporting.reddit.com/reports,,,,,,,,,,,,,
,,,,,,,,,,,,,,,,,,,,https://9f057df6115a4bb488c08ea12a835e6e@error-tracking.reddit.com/o418887/5810803,True,production,,,,,,,,
,,,,,,,,,,,,,,,,,,enabled,,,,,enabled,enabled,enabled,enabled,enabled,enabled,enabled,enabled
,,,,,,,,,,,,,,,,,,,"['https://www.reddit.com/r/webscraping/t support constructed stylesheets. See https:/lit.dev/docs/api/LitElement/#LitElement.styles        window.litNonce = ', 'https://www.redditstatic.com/avatars/defaults/v2/avatar_default_7.png', 'https://www.redditstatic.com/avatars/defaults/v2/avatar_default_5.png', 'https://www.redditstatic.com/avatars/defaults/v2/avatar_default_0.png', 'https://www.redditstatic.com/avatars/defaults/v2/avatar_default_4.png', 'https://www.redditstatic.com/avatars/defaults/v2/avatar_default_3.png', 'https://www.redditstatic.com/avatars/defaults/v2/avatar_default_6.png']",,,,,,,,,,,
https://www.reddit.com,com.reddit.RedditAppleSSO,https://devvit-gateway.reddit.com,705819728788-b2c1kcs7tst3b7ghv7at0hkqmtc68ckl.apps.googleusercontent.com,https://www.redditstatic.com/shreddit/,False,client-manifest.json,https://www.redditstatic.com/,https://www.reddit.com,https://www.reddit.com,['https://www.redditstatic.com/'],https://www.redditstatic.com/js/concat,https://www.redditstatic.com/shreddit/,https://events.redditmedia.com/v2j,ShredditFrontend-v1,eW9vM3lhZW00VW9naDVleGFlZm9lcGhlZTZQaG9o,False,https://w3-reporting.reddit.com/reports,,,,,,,,,,,,,
,,,,,,,,,,,,,,,,,,,,https://9f057df6115a4bb488c08ea12a835e6e@error-tracking.reddit.com/o418887/5810803,True,production,,,,,,,,
,,,,,,,,,,,,,,,,,,enabled,,,,,enabled,enabled,enabled,enabled,enabled,enabled,enabled,enabled
,,,,,,,,,,,,,,,,,,,"['https://www.reddit.com/r/webscraping/t support constructed stylesheets. See https:/lit.dev/docs/api/LitElement/#LitElement.styles        window.litNonce = ', 'https://www.redditstatic.com/avatars/defaults/v2/avatar_default_7.png', 'https://www.redditstatic.com/avatars/defaults/v2/avatar_default_5.png', 'https://www.redditstatic.com/avatars/defaults/v2/avatar_default_0.png', 'https://www.redditstatic.com/avatars/defaults/v2/avatar_default_4.png', 'https://www.redditstatic.com/avatars/defaults/v2/avatar_default_3.png', 'https://www.redditstatic.com/avatars/defaults/v2/avatar_default_6.png']",,,,,,,,,,,
https://www.reddit.com,com.reddit.RedditAppleSSO,https://devvit-gateway.reddit.com,705819728788-b2c1kcs7tst3b7ghv7at0hkqmtc68ckl.apps.googleusercontent.com,https://www.redditstatic.com/shreddit/,False,client-manifest.json,https://www.redditstatic.com/,https://www.reddit.com,https://www.reddit.com,['https://www.redditstatic.com/'],https://www.redditstatic.com/js/concat,https://www.redditstatic.com/shreddit/,https://events.redditmedia.com/v2j,ShredditFrontend-v1,eW9vM3lhZW00VW9naDVleGFlZm9lcGhlZTZQaG9o,False,https://w3-reporting.reddit.com/reports,,,,,,,,,,,,,
,,,,,,,,,,,,,,,,,,,,https://9f057df6115a4bb488c08ea12a835e6e@error-tracking.reddit.com/o418887/5810803,True,production,,,,,,,,
,,,,,,,,,,,,,,,,,,enabled,,,,,enabled,enabled,enabled,enabled,enabled,enabled,enabled,enabled
,,,,,,,,,,,,,,,,,,,"['https://www.reddit.com/r/webscraping/t support constructed stylesheets. See https:/lit.dev/docs/api/LitElement/#LitElement.styles        window.litNonce = ', 'https://www.redditstatic.com/avatars/defaults/v2/avatar_default_5.png', 'https://www.redditstatic.com/avatars/defaults/v2/avatar_default_7.png', 'https://www.redditstatic.com/avatars/defaults/v2/avatar_default_0.png', 'https://www.redditstatic.com/avatars/defaults/v2/avatar_default_4.png', 'https://www.redditstatic.com/avatars/defaults/v2/avatar_default_3.png', 'https://www.redditstatic.com/avatars/defaults/v2/avatar_default_6.png']",,,,,,,,,,,
https://www.reddit.com,com.reddit.RedditAppleSSO,https://devvit-gateway.reddit.com,705819728788-b2c1kcs7tst3b7ghv7at0hkqmtc68ckl.apps.googleusercontent.com,https://www.redditstatic.com/shreddit/,False,client-manifest.json,https://www.redditstatic.com/,https://www.reddit.com,https://www.reddit.com,['https://www.redditstatic.com/'],https://www.redditstatic.com/js/concat,https://www.redditstatic.com/shreddit/,https://events.redditmedia.com/v2j,ShredditFrontend-v1,eW9vM3lhZW00VW9naDVleGFlZm9lcGhlZTZQaG9o,False,https://w3-reporting.reddit.com/reports,,,,,,,,,,,,,
,,,,,,,,,,,,,,,,,,,,https://9f057df6115a4bb488c08ea12a835e6e@error-tracking.reddit.com/o418887/5810803,True,production,,,,,,,,
,,,,,,,,,,,,,,,,,,enabled,,,,,enabled,enabled,enabled,enabled,enabled,enabled,enabled,enabled
,,,,,,,,,,,,,,,,,,,"['https://www.reddit.com/r/webscraping/t support constructed stylesheets. See https:/lit.dev/docs/api/LitElement/#LitElement.styles        window.litNonce = ', 'https://www.redditstatic.com/avatars/defaults/v2/avatar_default_7.png', 'https://www.redditstatic.com/avatars/defaults/v2/avatar_default_5.png', 'https://www.redditstatic.com/avatars/defaults/v2/avatar_default_0.png', 'https://www.redditstatic.com/avatars/defaults/v2/avatar_default_4.png', 'https://www.redditstatic.com/avatars/defaults/v2/avatar_default_3.png', 'https://www.redditstatic.com/avatars/defaults/v2/avatar_default_6.png']",,,,,,,,,,,
https://www.reddit.com,com.reddit.RedditAppleSSO,https://devvit-gateway.reddit.com,705819728788-b2c1kcs7tst3b7ghv7at0hkqmtc68ckl.apps.googleusercontent.com,https://www.redditstatic.com/shreddit/,False,client-manifest.json,https://www.redditstatic.com/,https://www.reddit.com,https://www.reddit.com,['https://www.redditstatic.com/'],https://www.redditstatic.com/js/concat,https://www.redditstatic.com/shreddit/,https://events.redditmedia.com/v2j,ShredditFrontend-v1,eW9vM3lhZW00VW9naDVleGFlZm9lcGhlZTZQaG9o,False,https://w3-reporting.reddit.com/reports,,,,,,,,,,,,,
,,,,,,,,,,,,,,,,,,,,https://9f057df6115a4bb488c08ea12a835e6e@error-tracking.reddit.com/o418887/5810803,True,production,,,,,,,,
,,,,,,,,,,,,,,,,,,enabled,,,,,enabled,enabled,enabled,enabled,enabled,enabled,enabled,enabled
,,,,,,,,,,,,,,,,,,,"['https://www.reddit.com/r/webscraping/t support constructed stylesheets. See https:/lit.dev/docs/api/LitElement/#LitElement.styles        window.litNonce = ', 'https://www.redditstatic.com/avatars/defaults/v2/avatar_default_7.png', 'https://www.redditstatic.com/avatars/defaults/v2/avatar_default_5.png', 'https://www.redditstatic.com/avatars/defaults/v2/avatar_default_0.png', 'https://www.redditstatic.com/avatars/defaults/v2/avatar_default_4.png', 'https://www.redditstatic.com/avatars/defaults/v2/avatar_default_3.png', 'https://www.redditstatic.com/avatars/defaults/v2/avatar_default_6.png']",,,,,,,,,,,
https://www.reddit.com,com.reddit.RedditAppleSSO,https://devvit-gateway.reddit.com,705819728788-b2c1kcs7tst3b7ghv7at0hkqmtc68ckl.apps.googleusercontent.com,https://www.redditstatic.com/shreddit/,False,client-manifest.json,https://www.redditstatic.com/,https://www.reddit.com,https://www.reddit.com,['https://www.redditstatic.com/'],https://www.redditstatic.com/js/concat,https://www.redditstatic.com/shreddit/,https://events.redditmedia.com/v2j,ShredditFrontend-v1,eW9vM3lhZW00VW9naDVleGFlZm9lcGhlZTZQaG9o,False,https://w3-reporting.reddit.com/reports,,,,,,,,,,,,,
,,,,,,,,,,,,,,,,,,,,https://9f057df6115a4bb488c08ea12a835e6e@error-tracking.reddit.com/o418887/5810803,True,production,,,,,,,,
,,,,,,,,,,,,,,,,,,enabled,,,,,enabled,enabled,enabled,enabled,enabled,enabled,enabled,enabled
,,,,,,,,,,,,,,,,,,,"['https://www.reddit.com/r/webscraping/t support constructed stylesheets. See https:/lit.dev/docs/api/LitElement/#LitElement.styles        window.litNonce = ', 'https://www.redditstatic.com/avatars/defaults/v2/avatar_default_5.png', 'https://www.redditstatic.com/avatars/defaults/v2/avatar_default_7.png', 'https://www.redditstatic.com/avatars/defaults/v2/avatar_default_0.png', 'https://www.redditstatic.com/avatars/defaults/v2/avatar_default_4.png', 'https://www.redditstatic.com/avatars/defaults/v2/avatar_default_3.png', 'https://www.redditstatic.com/avatars/defaults/v2/avatar_default_6.png']",,,,,,,,,,,
https://www.reddit.com,com.reddit.RedditAppleSSO,https://devvit-gateway.reddit.com,705819728788-b2c1kcs7tst3b7ghv7at0hkqmtc68ckl.apps.googleusercontent.com,https://www.redditstatic.com/shreddit/,False,client-manifest.json,https://www.redditstatic.com/,https://www.reddit.com,https://www.reddit.com,['https://www.redditstatic.com/'],https://www.redditstatic.com/js/concat,https://www.redditstatic.com/shreddit/,https://events.redditmedia.com/v2j,ShredditFrontend-v1,eW9vM3lhZW00VW9naDVleGFlZm9lcGhlZTZQaG9o,False,https://w3-reporting.reddit.com/reports,,,,,,,,,,,,,
,,,,,,,,,,,,,,,,,,,,https://9f057df6115a4bb488c08ea12a835e6e@error-tracking.reddit.com/o418887/5810803,True,production,,,,,,,,
,,,,,,,,,,,,,,,,,,enabled,,,,,enabled,enabled,enabled,enabled,enabled,enabled,enabled,enabled
,,,,,,,,,,,,,,,,,,,"['https://www.reddit.com/r/webscraping/t support constructed stylesheets. See https:/lit.dev/docs/api/LitElement/#LitElement.styles        window.litNonce = ', 'https://www.redditstatic.com/avatars/defaults/v2/avatar_default_7.png', 'https://www.redditstatic.com/avatars/defaults/v2/avatar_default_5.png', 'https://www.redditstatic.com/avatars/defaults/v2/avatar_default_0.png', 'https://www.redditstatic.com/avatars/defaults/v2/avatar_default_4.png', 'https://www.redditstatic.com/avatars/defaults/v2/avatar_default_3.png', 'https://www.redditstatic.com/avatars/defaults/v2/avatar_default_6.png']",,,,,,,,,,,
https://www.reddit.com,com.reddit.RedditAppleSSO,https://devvit-gateway.reddit.com,705819728788-b2c1kcs7tst3b7ghv7at0hkqmtc68ckl.apps.googleusercontent.com,https://www.redditstatic.com/shreddit/,False,client-manifest.json,https://www.redditstatic.com/,https://www.reddit.com,https://www.reddit.com,['https://www.redditstatic.com/'],https://www.redditstatic.com/js/concat,https://www.redditstatic.com/shreddit/,https://events.redditmedia.com/v2j,ShredditFrontend-v1,eW9vM3lhZW00VW9naDVleGFlZm9lcGhlZTZQaG9o,False,https://w3-reporting.reddit.com/reports,,,,,,,,,,,,,
,,,,,,,,,,,,,,,,,,,,https://9f057df6115a4bb488c08ea12a835e6e@error-tracking.reddit.com/o418887/5810803,True,production,,,,,,,,
,,,,,,,,,,,,,,,,,,enabled,,,,,enabled,enabled,enabled,enabled,enabled,enabled,enabled,enabled
,,,,,,,,,,,,,,,,,,,"['https://www.reddit.com/r/webscraping/t support constructed stylesheets. See https:/lit.dev/docs/api/LitElement/#LitElement.styles        window.litNonce = ', 'https://www.redditstatic.com/avatars/defaults/v2/avatar_default_7.png', 'https://www.redditstatic.com/avatars/defaults/v2/avatar_default_5.png', 'https://www.redditstatic.com/avatars/defaults/v2/avatar_default_0.png', 'https://www.redditstatic.com/avatars/defaults/v2/avatar_default_4.png', 'https://www.redditstatic.com/avatars/defaults/v2/avatar_default_3.png', 'https://www.redditstatic.com/avatars/defaults/v2/avatar_default_6.png']",,,,,,,,,,,
https://www.reddit.com,com.reddit.RedditAppleSSO,https://devvit-gateway.reddit.com,705819728788-b2c1kcs7tst3b7ghv7at0hkqmtc68ckl.apps.googleusercontent.com,https://www.redditstatic.com/shreddit/,False,client-manifest.json,https://www.redditstatic.com/,https://www.reddit.com,https://www.reddit.com,['https://www.redditstatic.com/'],https://www.redditstatic.com/js/concat,https://www.redditstatic.com/shreddit/,https://events.redditmedia.com/v2j,ShredditFrontend-v1,eW9vM3lhZW00VW9naDVleGFlZm9lcGhlZTZQaG9o,False,https://w3-reporting.reddit.com/reports,,,,,,,,,,,,,
,,,,,,,,,,,,,,,,,,,,https://9f057df6115a4bb488c08ea12a835e6e@error-tracking.reddit.com/o418887/5810803,True,production,,,,,,,,
,,,,,,,,,,,,,,,,,,enabled,,,,,enabled,enabled,enabled,enabled,enabled,enabled,enabled,enabled
,,,,,,,,,,,,,,,,,,,"['https://www.reddit.com/r/webscraping/t support constructed stylesheets. See https:/lit.dev/docs/api/LitElement/#LitElement.styles        window.litNonce = ', 'https://www.redditstatic.com/avatars/defaults/v2/avatar_default_7.png', 'https://www.redditstatic.com/avatars/defaults/v2/avatar_default_5.png', 'https://www.redditstatic.com/avatars/defaults/v2/avatar_default_0.png', 'https://www.redditstatic.com/avatars/defaults/v2/avatar_default_4.png', 'https://www.redditstatic.com/avatars/defaults/v2/avatar_default_3.png', 'https://www.redditstatic.com/avatars/defaults/v2/avatar_default_6.png']",,,,,,,,,,,
https://www.reddit.com,com.reddit.RedditAppleSSO,https://devvit-gateway.reddit.com,705819728788-b2c1kcs7tst3b7ghv7at0hkqmtc68ckl.apps.googleusercontent.com,https://www.redditstatic.com/shreddit/,False,client-manifest.json,https://www.redditstatic.com/,https://www.reddit.com,https://www.reddit.com,['https://www.redditstatic.com/'],https://www.redditstatic.com/js/concat,https://www.redditstatic.com/shreddit/,https://events.redditmedia.com/v2j,ShredditFrontend-v1,eW9vM3lhZW00VW9naDVleGFlZm9lcGhlZTZQaG9o,False,https://w3-reporting.reddit.com/reports,,,,,,,,,,,,,
,,,,,,,,,,,,,,,,,,,,https://9f057df6115a4bb488c08ea12a835e6e@error-tracking.reddit.com/o418887/5810803,True,production,,,,,,,,
,,,,,,,,,,,,,,,,,,enabled,,,,,enabled,enabled,enabled,enabled,enabled,enabled,enabled,enabled
,,,,,,,,,,,,,,,,,,,"['https://www.reddit.com/r/webscraping/t support constructed stylesheets. See https:/lit.dev/docs/api/LitElement/#LitElement.styles        window.litNonce = ', 'https://www.redditstatic.com/avatars/defaults/v2/avatar_default_7.png', 'https://www.redditstatic.com/avatars/defaults/v2/avatar_default_5.png', 'https://www.redditstatic.com/avatars/defaults/v2/avatar_default_0.png', 'https://www.redditstatic.com/avatars/defaults/v2/avatar_default_4.png', 'https://www.redditstatic.com/avatars/defaults/v2/avatar_default_3.png', 'https://www.redditstatic.com/avatars/defaults/v2/avatar_default_6.png']",,,,,,,,,,,
https://www.reddit.com,com.reddit.RedditAppleSSO,https://devvit-gateway.reddit.com,705819728788-b2c1kcs7tst3b7ghv7at0hkqmtc68ckl.apps.googleusercontent.com,https://www.redditstatic.com/shreddit/,False,client-manifest.json,https://www.redditstatic.com/,https://www.reddit.com,https://www.reddit.com,['https://www.redditstatic.com/'],https://www.redditstatic.com/js/concat,https://www.redditstatic.com/shreddit/,https://events.redditmedia.com/v2j,ShredditFrontend-v1,eW9vM3lhZW00VW9naDVleGFlZm9lcGhlZTZQaG9o,False,https://w3-reporting.reddit.com/reports,,,,,,,,,,,,,
,,,,,,,,,,,,,,,,,,,,https://9f057df6115a4bb488c08ea12a835e6e@error-tracking.reddit.com/o418887/5810803,True,production,,,,,,,,
,,,,,,,,,,,,,,,,,,enabled,,,,,enabled,enabled,enabled,enabled,enabled,enabled,enabled,enabled
,,,,,,,,,,,,,,,,,,,"['https://www.reddit.com/r/webscraping/t support constructed stylesheets. See https:/lit.dev/docs/api/LitElement/#LitElement.styles        window.litNonce = ', 'https://www.redditstatic.com/avatars/defaults/v2/avatar_default_7.png', 'https://www.redditstatic.com/avatars/defaults/v2/avatar_default_5.png', 'https://www.redditstatic.com/avatars/defaults/v2/avatar_default_0.png', 'https://www.redditstatic.com/avatars/defaults/v2/avatar_default_4.png', 'https://www.redditstatic.com/avatars/defaults/v2/avatar_default_3.png', 'https://www.redditstatic.com/avatars/defaults/v2/avatar_default_6.png']",,,,,,,,,,,
https://www.reddit.com,com.reddit.RedditAppleSSO,https://devvit-gateway.reddit.com,705819728788-b2c1kcs7tst3b7ghv7at0hkqmtc68ckl.apps.googleusercontent.com,https://www.redditstatic.com/shreddit/,False,client-manifest.json,https://www.redditstatic.com/,https://www.reddit.com,https://www.reddit.com,['https://www.redditstatic.com/'],https://www.redditstatic.com/js/concat,https://www.redditstatic.com/shreddit/,https://events.redditmedia.com/v2j,ShredditFrontend-v1,eW9vM3lhZW00VW9naDVleGFlZm9lcGhlZTZQaG9o,False,https://w3-reporting.reddit.com/reports,,,,,,,,,,,,,
,,,,,,,,,,,,,,,,,,,,https://9f057df6115a4bb488c08ea12a835e6e@error-tracking.reddit.com/o418887/5810803,True,production,,,,,,,,
,,,,,,,,,,,,,,,,,,enabled,,,,,enabled,enabled,enabled,enabled,enabled,enabled,enabled,enabled
,,,,,,,,,,,,,,,,,,,"['https://www.reddit.com/r/webscraping/t support constructed stylesheets. See https:/lit.dev/docs/api/LitElement/#LitElement.styles        window.litNonce = ', 'https://www.redditstatic.com/avatars/defaults/v2/avatar_default_7.png', 'https://www.redditstatic.com/avatars/defaults/v2/avatar_default_5.png', 'https://www.redditstatic.com/avatars/defaults/v2/avatar_default_0.png', 'https://www.redditstatic.com/avatars/defaults/v2/avatar_default_4.png', 'https://www.redditstatic.com/avatars/defaults/v2/avatar_default_3.png', 'https://www.redditstatic.com/avatars/defaults/v2/avatar_default_6.png']",,,,,,,,,,,
https://www.reddit.com,com.reddit.RedditAppleSSO,https://devvit-gateway.reddit.com,705819728788-b2c1kcs7tst3b7ghv7at0hkqmtc68ckl.apps.googleusercontent.com,https://www.redditstatic.com/shreddit/,False,client-manifest.json,https://www.redditstatic.com/,https://www.reddit.com,https://www.reddit.com,['https://www.redditstatic.com/'],https://www.redditstatic.com/js/concat,https://www.redditstatic.com/shreddit/,https://events.redditmedia.com/v2j,ShredditFrontend-v1,eW9vM3lhZW00VW9naDVleGFlZm9lcGhlZTZQaG9o,False,https://w3-reporting.reddit.com/reports,,,,,,,,,,,,,
,,,,,,,,,,,,,,,,,,,,https://9f057df6115a4bb488c08ea12a835e6e@error-tracking.reddit.com/o418887/5810803,True,production,,,,,,,,
,,,,,,,,,,,,,,,,,,enabled,,,,,enabled,enabled,enabled,enabled,enabled,enabled,enabled,enabled
,,,,,,,,,,,,,,,,,,,"['https://www.reddit.com/r/webscraping/t support constructed stylesheets. See https:/lit.dev/docs/api/LitElement/#LitElement.styles        window.litNonce = ', 'https://www.redditstatic.com/avatars/defaults/v2/avatar_default_7.png', 'https://www.redditstatic.com/avatars/defaults/v2/avatar_default_5.png', 'https://www.redditstatic.com/avatars/defaults/v2/avatar_default_0.png', 'https://www.redditstatic.com/avatars/defaults/v2/avatar_default_4.png', 'https://www.redditstatic.com/avatars/defaults/v2/avatar_default_3.png', 'https://www.redditstatic.com/avatars/defaults/v2/avatar_default_6.png', 'https://www.redditstatic.com/avatars/defaults/v2/avatar_default_2.png']",,,,,,,,,,,
https://www.reddit.com,com.reddit.RedditAppleSSO,https://devvit-gateway.reddit.com,705819728788-b2c1kcs7tst3b7ghv7at0hkqmtc68ckl.apps.googleusercontent.com,https://www.redditstatic.com/shreddit/,False,client-manifest.json,https://www.redditstatic.com/,https://www.reddit.com,https://www.reddit.com,['https://www.redditstatic.com/'],https://www.redditstatic.com/js/concat,https://www.redditstatic.com/shreddit/,https://events.redditmedia.com/v2j,ShredditFrontend-v1,eW9vM3lhZW00VW9naDVleGFlZm9lcGhlZTZQaG9o,False,https://w3-reporting.reddit.com/reports,,,,,,,,,,,,,
,,,,,,,,,,,,,,,,,,,,https://9f057df6115a4bb488c08ea12a835e6e@error-tracking.reddit.com/o418887/5810803,True,production,,,,,,,,
,,,,,,,,,,,,,,,,,,enabled,,,,,enabled,enabled,enabled,enabled,enabled,enabled,enabled,enabled
,,,,,,,,,,,,,,,,,,,"['https://www.reddit.com/r/webscraping/t support constructed stylesheets. See https:/lit.dev/docs/api/LitElement/#LitElement.styles        window.litNonce = ', 'https://www.redditstatic.com/avatars/defaults/v2/avatar_default_7.png', 'https://www.redditstatic.com/avatars/defaults/v2/avatar_default_5.png', 'https://www.redditstatic.com/avatars/defaults/v2/avatar_default_0.png', 'https://www.redditstatic.com/avatars/defaults/v2/avatar_default_4.png', 'https://www.redditstatic.com/avatars/defaults/v2/avatar_default_3.png', 'https://www.redditstatic.com/avatars/defaults/v2/avatar_default_6.png']",,,,,,,,,,,
https://www.reddit.com,com.reddit.RedditAppleSSO,https://devvit-gateway.reddit.com,705819728788-b2c1kcs7tst3b7ghv7at0hkqmtc68ckl.apps.googleusercontent.com,https://www.redditstatic.com/shreddit/,False,client-manifest.json,https://www.redditstatic.com/,https://www.reddit.com,https://www.reddit.com,['https://www.redditstatic.com/'],https://www.redditstatic.com/js/concat,https://www.redditstatic.com/shreddit/,https://events.redditmedia.com/v2j,ShredditFrontend-v1,eW9vM3lhZW00VW9naDVleGFlZm9lcGhlZTZQaG9o,False,https://w3-reporting.reddit.com/reports,,,,,,,,,,,,,
,,,,,,,,,,,,,,,,,,,,https://9f057df6115a4bb488c08ea12a835e6e@error-tracking.reddit.com/o418887/5810803,True,production,,,,,,,,
,,,,,,,,,,,,,,,,,,enabled,,,,,enabled,enabled,enabled,enabled,enabled,enabled,enabled,enabled
,,,,,,,,,,,,,,,,,,,"['https://www.reddit.com/r/webscraping/t support constructed stylesheets. See https:/lit.dev/docs/api/LitElement/#LitElement.styles        window.litNonce = ', 'https://www.redditstatic.com/avatars/defaults/v2/avatar_default_7.png', 'https://www.redditstatic.com/avatars/defaults/v2/avatar_default_5.png', 'https://www.redditstatic.com/avatars/defaults/v2/avatar_default_0.png', 'https://www.redditstatic.com/avatars/defaults/v2/avatar_default_4.png', 'https://www.redditstatic.com/avatars/defaults/v2/avatar_default_3.png', 'https://www.redditstatic.com/avatars/defaults/v2/avatar_default_6.png']",,,,,,,,,,,
https://www.reddit.com,com.reddit.RedditAppleSSO,https://devvit-gateway.reddit.com,705819728788-b2c1kcs7tst3b7ghv7at0hkqmtc68ckl.apps.googleusercontent.com,https://www.redditstatic.com/shreddit/,False,client-manifest.json,https://www.redditstatic.com/,https://www.reddit.com,https://www.reddit.com,['https://www.redditstatic.com/'],https://www.redditstatic.com/js/concat,https://www.redditstatic.com/shreddit/,https://events.redditmedia.com/v2j,ShredditFrontend-v1,eW9vM3lhZW00VW9naDVleGFlZm9lcGhlZTZQaG9o,False,https://w3-reporting.reddit.com/reports,,,,,,,,,,,,,
,,,,,,,,,,,,,,,,,,,,https://9f057df6115a4bb488c08ea12a835e6e@error-tracking.reddit.com/o418887/5810803,True,production,,,,,,,,
,,,,,,,,,,,,,,,,,,enabled,,,,,enabled,enabled,enabled,enabled,enabled,enabled,enabled,enabled
,,,,,,,,,,,,,,,,,,,"['https://www.reddit.com/r/webscraping/t support constructed stylesheets. See https:/lit.dev/docs/api/LitElement/#LitElement.styles        window.litNonce = ', 'https://www.redditstatic.com/avatars/defaults/v2/avatar_default_4.png', 'https://www.redditstatic.com/avatars/defaults/v2/avatar_default_7.png', 'https://www.redditstatic.com/avatars/defaults/v2/avatar_default_5.png', 'https://www.redditstatic.com/avatars/defaults/v2/avatar_default_0.png', 'https://www.redditstatic.com/avatars/defaults/v2/avatar_default_3.png', 'https://www.redditstatic.com/avatars/defaults/v2/avatar_default_6.png']",,,,,,,,,,,
https://www.reddit.com,com.reddit.RedditAppleSSO,https://devvit-gateway.reddit.com,705819728788-b2c1kcs7tst3b7ghv7at0hkqmtc68ckl.apps.googleusercontent.com,https://www.redditstatic.com/shreddit/,False,client-manifest.json,https://www.redditstatic.com/,https://www.reddit.com,https://www.reddit.com,['https://www.redditstatic.com/'],https://www.redditstatic.com/js/concat,https://www.redditstatic.com/shreddit/,https://events.redditmedia.com/v2j,ShredditFrontend-v1,eW9vM3lhZW00VW9naDVleGFlZm9lcGhlZTZQaG9o,False,https://w3-reporting.reddit.com/reports,,,,,,,,,,,,,
,,,,,,,,,,,,,,,,,,,,https://9f057df6115a4bb488c08ea12a835e6e@error-tracking.reddit.com/o418887/5810803,True,production,,,,,,,,
,,,,,,,,,,,,,,,,,,enabled,,,,,enabled,enabled,enabled,enabled,enabled,enabled,enabled,enabled
,,,,,,,,,,,,,,,,,,,"['https://www.reddit.com/r/webscraping/t support constructed stylesheets. See https:/lit.dev/docs/api/LitElement/#LitElement.styles        window.litNonce = ', 'https://www.redditstatic.com/avatars/defaults/v2/avatar_default_4.png', 'https://www.redditstatic.com/avatars/defaults/v2/avatar_default_7.png', 'https://www.redditstatic.com/avatars/defaults/v2/avatar_default_5.png', 'https://www.redditstatic.com/avatars/defaults/v2/avatar_default_0.png', 'https://www.redditstatic.com/avatars/defaults/v2/avatar_default_3.png', 'https://www.redditstatic.com/avatars/defaults/v2/avatar_default_6.png']",,,,,,,,,,,
https://www.reddit.com,com.reddit.RedditAppleSSO,https://devvit-gateway.reddit.com,705819728788-b2c1kcs7tst3b7ghv7at0hkqmtc68ckl.apps.googleusercontent.com,https://www.redditstatic.com/shreddit/,False,client-manifest.json,https://www.redditstatic.com/,https://www.reddit.com,https://www.reddit.com,['https://www.redditstatic.com/'],https://www.redditstatic.com/js/concat,https://www.redditstatic.com/shreddit/,https://events.redditmedia.com/v2j,ShredditFrontend-v1,eW9vM3lhZW00VW9naDVleGFlZm9lcGhlZTZQaG9o,False,https://w3-reporting.reddit.com/reports,,,,,,,,,,,,,
,,,,,,,,,,,,,,,,,,,,https://9f057df6115a4bb488c08ea12a835e6e@error-tracking.reddit.com/o418887/5810803,True,production,,,,,,,,
,,,,,,,,,,,,,,,,,,enabled,,,,,enabled,enabled,enabled,enabled,enabled,enabled,enabled,enabled
,,,,,,,,,,,,,,,,,,,"['https://www.reddit.com/r/webscraping/t support constructed stylesheets. See https:/lit.dev/docs/api/LitElement/#LitElement.styles        window.litNonce = ', 'https://www.redditstatic.com/avatars/defaults/v2/avatar_default_7.png', 'https://www.redditstatic.com/avatars/defaults/v2/avatar_default_5.png', 'https://www.redditstatic.com/avatars/defaults/v2/avatar_default_0.png', 'https://www.redditstatic.com/avatars/defaults/v2/avatar_default_1.png', 'https://www.redditstatic.com/avatars/defaults/v2/avatar_default_4.png', 'https://www.redditstatic.com/avatars/defaults/v2/avatar_default_3.png', 'https://www.redditstatic.com/avatars/defaults/v2/avatar_default_6.png']",,,,,,,,,,,
https://www.reddit.com,com.reddit.RedditAppleSSO,https://devvit-gateway.reddit.com,705819728788-b2c1kcs7tst3b7ghv7at0hkqmtc68ckl.apps.googleusercontent.com,https://www.redditstatic.com/shreddit/,False,client-manifest.json,https://www.redditstatic.com/,https://www.reddit.com,https://www.reddit.com,['https://www.redditstatic.com/'],https://www.redditstatic.com/js/concat,https://www.redditstatic.com/shreddit/,https://events.redditmedia.com/v2j,ShredditFrontend-v1,eW9vM3lhZW00VW9naDVleGFlZm9lcGhlZTZQaG9o,False,https://w3-reporting.reddit.com/reports,,,,,,,,,,,,,
,,,,,,,,,,,,,,,,,,,,https://9f057df6115a4bb488c08ea12a835e6e@error-tracking.reddit.com/o418887/5810803,True,production,,,,,,,,
,,,,,,,,,,,,,,,,,,enabled,,,,,enabled,enabled,enabled,enabled,enabled,enabled,enabled,enabled
,,,,,,,,,,,,,,,,,,,"['https://www.reddit.com/r/webscraping/t support constructed stylesheets. See https:/lit.dev/docs/api/LitElement/#LitElement.styles        window.litNonce = ', 'https://www.redditstatic.com/avatars/defaults/v2/avatar_default_7.png', 'https://www.redditstatic.com/avatars/defaults/v2/avatar_default_5.png', 'https://www.redditstatic.com/avatars/defaults/v2/avatar_default_0.png', 'https://www.redditstatic.com/avatars/defaults/v2/avatar_default_4.png', 'https://www.redditstatic.com/avatars/defaults/v2/avatar_default_3.png', 'https://www.redditstatic.com/avatars/defaults/v2/avatar_default_1.png', 'https://www.redditstatic.com/avatars/defaults/v2/avatar_default_6.png']",,,,,,,,,,,
https://www.reddit.com,com.reddit.RedditAppleSSO,https://devvit-gateway.reddit.com,705819728788-b2c1kcs7tst3b7ghv7at0hkqmtc68ckl.apps.googleusercontent.com,https://www.redditstatic.com/shreddit/,False,client-manifest.json,https://www.redditstatic.com/,https://www.reddit.com,https://www.reddit.com,['https://www.redditstatic.com/'],https://www.redditstatic.com/js/concat,https://www.redditstatic.com/shreddit/,https://events.redditmedia.com/v2j,ShredditFrontend-v1,eW9vM3lhZW00VW9naDVleGFlZm9lcGhlZTZQaG9o,False,https://w3-reporting.reddit.com/reports,,,,,,,,,,,,,
,,,,,,,,,,,,,,,,,,,,https://9f057df6115a4bb488c08ea12a835e6e@error-tracking.reddit.com/o418887/5810803,True,production,,,,,,,,
,,,,,,,,,,,,,,,,,,enabled,,,,,enabled,enabled,enabled,enabled,enabled,enabled,enabled,enabled
,,,,,,,,,,,,,,,,,,,"['https://www.reddit.com/r/webscraping/t support constructed stylesheets. See https:/lit.dev/docs/api/LitElement/#LitElement.styles        window.litNonce = ', 'https://www.redditstatic.com/avatars/defaults/v2/avatar_default_7.png', 'https://www.redditstatic.com/avatars/defaults/v2/avatar_default_5.png', 'https://www.redditstatic.com/avatars/defaults/v2/avatar_default_0.png', 'https://www.redditstatic.com/avatars/defaults/v2/avatar_default_4.png', 'https://www.redditstatic.com/avatars/defaults/v2/avatar_default_3.png', 'https://www.redditstatic.com/avatars/defaults/v2/avatar_default_6.png']",,,,,,,,,,,
https://www.reddit.com,com.reddit.RedditAppleSSO,https://devvit-gateway.reddit.com,705819728788-b2c1kcs7tst3b7ghv7at0hkqmtc68ckl.apps.googleusercontent.com,https://www.redditstatic.com/shreddit/,False,client-manifest.json,https://www.redditstatic.com/,https://www.reddit.com,https://www.reddit.com,['https://www.redditstatic.com/'],https://www.redditstatic.com/js/concat,https://www.redditstatic.com/shreddit/,https://events.redditmedia.com/v2j,ShredditFrontend-v1,eW9vM3lhZW00VW9naDVleGFlZm9lcGhlZTZQaG9o,False,https://w3-reporting.reddit.com/reports,,,,,,,,,,,,,
,,,,,,,,,,,,,,,,,,,,https://9f057df6115a4bb488c08ea12a835e6e@error-tracking.reddit.com/o418887/5810803,True,production,,,,,,,,
,,,,,,,,,,,,,,,,,,enabled,,,,,enabled,enabled,enabled,enabled,enabled,enabled,enabled,enabled
,,,,,,,,,,,,,,,,,,,"['https://www.reddit.com/r/webscraping/t support constructed stylesheets. See https:/lit.dev/docs/api/LitElement/#LitElement.styles        window.litNonce = ', 'https://www.redditstatic.com/avatars/defaults/v2/avatar_default_7.png', 'https://www.redditstatic.com/avatars/defaults/v2/avatar_default_5.png', 'https://www.redditstatic.com/avatars/defaults/v2/avatar_default_0.png', 'https://www.redditstatic.com/avatars/defaults/v2/avatar_default_6.png', 'https://www.redditstatic.com/avatars/defaults/v2/avatar_default_4.png', 'https://www.redditstatic.com/avatars/defaults/v2/avatar_default_3.png']",,,,,,,,,,,
https://www.reddit.com,com.reddit.RedditAppleSSO,https://devvit-gateway.reddit.com,705819728788-b2c1kcs7tst3b7ghv7at0hkqmtc68ckl.apps.googleusercontent.com,https://www.redditstatic.com/shreddit/,False,client-manifest.json,https://www.redditstatic.com/,https://www.reddit.com,https://www.reddit.com,['https://www.redditstatic.com/'],https://www.redditstatic.com/js/concat,https://www.redditstatic.com/shreddit/,https://events.redditmedia.com/v2j,ShredditFrontend-v1,eW9vM3lhZW00VW9naDVleGFlZm9lcGhlZTZQaG9o,False,https://w3-reporting.reddit.com/reports,,,,,,,,,,,,,
,,,,,,,,,,,,,,,,,,,,https://9f057df6115a4bb488c08ea12a835e6e@error-tracking.reddit.com/o418887/5810803,True,production,,,,,,,,
,,,,,,,,,,,,,,,,,,enabled,,,,,enabled,enabled,enabled,enabled,enabled,enabled,enabled,enabled
,,,,,,,,,,,,,,,,,,,"['https://www.reddit.com/r/webscraping/t support constructed stylesheets. See https:/lit.dev/docs/api/LitElement/#LitElement.styles        window.litNonce = ', 'https://www.redditstatic.com/avatars/defaults/v2/avatar_default_7.png', 'https://www.redditstatic.com/avatars/defaults/v2/avatar_default_5.png', 'https://www.redditstatic.com/avatars/defaults/v2/avatar_default_4.png', 'https://www.redditstatic.com/avatars/defaults/v2/avatar_default_0.png', 'https://www.redditstatic.com/avatars/defaults/v2/avatar_default_3.png', 'https://www.redditstatic.com/avatars/defaults/v2/avatar_default_6.png']",,,,,,,,,,,
https://www.reddit.com,com.reddit.RedditAppleSSO,https://devvit-gateway.reddit.com,705819728788-b2c1kcs7tst3b7ghv7at0hkqmtc68ckl.apps.googleusercontent.com,https://www.redditstatic.com/shreddit/,False,client-manifest.json,https://www.redditstatic.com/,https://www.reddit.com,https://www.reddit.com,['https://www.redditstatic.com/'],https://www.redditstatic.com/js/concat,https://www.redditstatic.com/shreddit/,https://events.redditmedia.com/v2j,ShredditFrontend-v1,eW9vM3lhZW00VW9naDVleGFlZm9lcGhlZTZQaG9o,False,https://w3-reporting.reddit.com/reports,,,,,,,,,,,,,
,,,,,,,,,,,,,,,,,,,,https://9f057df6115a4bb488c08ea12a835e6e@error-tracking.reddit.com/o418887/5810803,True,production,,,,,,,,
,,,,,,,,,,,,,,,,,,enabled,,,,,enabled,enabled,enabled,enabled,enabled,enabled,enabled,enabled
,,,,,,,,,,,,,,,,,,,"['https://www.reddit.com/r/webscraping/t support constructed stylesheets. See https:/lit.dev/docs/api/LitElement/#LitElement.styles        window.litNonce = ', 'https://www.redditstatic.com/avatars/defaults/v2/avatar_default_7.png', 'https://www.redditstatic.com/avatars/defaults/v2/avatar_default_5.png', 'https://www.redditstatic.com/avatars/defaults/v2/avatar_default_0.png', 'https://www.redditstatic.com/avatars/defaults/v2/avatar_default_4.png', 'https://www.redditstatic.com/avatars/defaults/v2/avatar_default_3.png', 'https://www.redditstatic.com/avatars/defaults/v2/avatar_default_6.png']",,,,,,,,,,,
https://www.reddit.com,com.reddit.RedditAppleSSO,https://devvit-gateway.reddit.com,705819728788-b2c1kcs7tst3b7ghv7at0hkqmtc68ckl.apps.googleusercontent.com,https://www.redditstatic.com/shreddit/,False,client-manifest.json,https://www.redditstatic.com/,https://www.reddit.com,https://www.reddit.com,['https://www.redditstatic.com/'],https://www.redditstatic.com/js/concat,https://www.redditstatic.com/shreddit/,https://events.redditmedia.com/v2j,ShredditFrontend-v1,eW9vM3lhZW00VW9naDVleGFlZm9lcGhlZTZQaG9o,False,https://w3-reporting.reddit.com/reports,,,,,,,,,,,,,
,,,,,,,,,,,,,,,,,,,,https://9f057df6115a4bb488c08ea12a835e6e@error-tracking.reddit.com/o418887/5810803,True,production,,,,,,,,
,,,,,,,,,,,,,,,,,,enabled,,,,,enabled,enabled,enabled,enabled,enabled,enabled,enabled,enabled
,,,,,,,,,,,,,,,,,,,"['https://www.reddit.com/r/webscraping/t support constructed stylesheets. See https:/lit.dev/docs/api/LitElement/#LitElement.styles        window.litNonce = ', 'https://www.redditstatic.com/avatars/defaults/v2/avatar_default_7.png', 'https://www.redditstatic.com/avatars/defaults/v2/avatar_default_5.png', 'https://www.redditstatic.com/avatars/defaults/v2/avatar_default_0.png', 'https://www.redditstatic.com/avatars/defaults/v2/avatar_default_4.png', 'https://www.redditstatic.com/avatars/defaults/v2/avatar_default_3.png', 'https://www.redditstatic.com/avatars/defaults/v2/avatar_default_6.png']",,,,,,,,,,,
https://www.reddit.com,com.reddit.RedditAppleSSO,https://devvit-gateway.reddit.com,705819728788-b2c1kcs7tst3b7ghv7at0hkqmtc68ckl.apps.googleusercontent.com,https://www.redditstatic.com/shreddit/,False,client-manifest.json,https://www.redditstatic.com/,https://www.reddit.com,https://www.reddit.com,['https://www.redditstatic.com/'],https://www.redditstatic.com/js/concat,https://www.redditstatic.com/shreddit/,https://events.redditmedia.com/v2j,ShredditFrontend-v1,eW9vM3lhZW00VW9naDVleGFlZm9lcGhlZTZQaG9o,False,https://w3-reporting.reddit.com/reports,,,,,,,,,,,,,
,,,,,,,,,,,,,,,,,,,,https://9f057df6115a4bb488c08ea12a835e6e@error-tracking.reddit.com/o418887/5810803,True,production,,,,,,,,
,,,,,,,,,,,,,,,,,,enabled,,,,,enabled,enabled,enabled,enabled,enabled,enabled,enabled,enabled
,,,,,,,,,,,,,,,,,,,"['https://www.reddit.com/r/webscraping/t support constructed stylesheets. See https:/lit.dev/docs/api/LitElement/#LitElement.styles        window.litNonce = ', 'https://www.redditstatic.com/avatars/defaults/v2/avatar_default_7.png', 'https://www.redditstatic.com/avatars/defaults/v2/avatar_default_5.png', 'https://www.redditstatic.com/avatars/defaults/v2/avatar_default_4.png', 'https://www.redditstatic.com/avatars/defaults/v2/avatar_default_0.png', 'https://www.redditstatic.com/avatars/defaults/v2/avatar_default_3.png', 'https://www.redditstatic.com/avatars/defaults/v2/avatar_default_6.png']",,,,,,,,,,,
https://www.reddit.com,com.reddit.RedditAppleSSO,https://devvit-gateway.reddit.com,705819728788-b2c1kcs7tst3b7ghv7at0hkqmtc68ckl.apps.googleusercontent.com,https://www.redditstatic.com/shreddit/,False,client-manifest.json,https://www.redditstatic.com/,https://www.reddit.com,https://www.reddit.com,['https://www.redditstatic.com/'],https://www.redditstatic.com/js/concat,https://www.redditstatic.com/shreddit/,https://events.redditmedia.com/v2j,ShredditFrontend-v1,eW9vM3lhZW00VW9naDVleGFlZm9lcGhlZTZQaG9o,False,https://w3-reporting.reddit.com/reports,,,,,,,,,,,,,
,,,,,,,,,,,,,,,,,,,,https://9f057df6115a4bb488c08ea12a835e6e@error-tracking.reddit.com/o418887/5810803,True,production,,,,,,,,
,,,,,,,,,,,,,,,,,,enabled,,,,,enabled,enabled,enabled,enabled,enabled,enabled,enabled,enabled
,,,,,,,,,,,,,,,,,,,"['https://www.reddit.com/r/webscraping/t support constructed stylesheets. See https:/lit.dev/docs/api/LitElement/#LitElement.styles        window.litNonce = ', 'https://www.redditstatic.com/avatars/defaults/v2/avatar_default_7.png', 'https://www.redditstatic.com/avatars/defaults/v2/avatar_default_5.png', 'https://www.redditstatic.com/avatars/defaults/v2/avatar_default_0.png', 'https://www.redditstatic.com/avatars/defaults/v2/avatar_default_4.png', 'https://www.redditstatic.com/avatars/defaults/v2/avatar_default_3.png', 'https://www.redditstatic.com/avatars/defaults/v2/avatar_default_6.png']",,,,,,,,,,,
https://www.reddit.com,com.reddit.RedditAppleSSO,https://devvit-gateway.reddit.com,705819728788-b2c1kcs7tst3b7ghv7at0hkqmtc68ckl.apps.googleusercontent.com,https://www.redditstatic.com/shreddit/,False,client-manifest.json,https://www.redditstatic.com/,https://www.reddit.com,https://www.reddit.com,['https://www.redditstatic.com/'],https://www.redditstatic.com/js/concat,https://www.redditstatic.com/shreddit/,https://events.redditmedia.com/v2j,ShredditFrontend-v1,eW9vM3lhZW00VW9naDVleGFlZm9lcGhlZTZQaG9o,False,https://w3-reporting.reddit.com/reports,,,,,,,,,,,,,
,,,,,,,,,,,,,,,,,,,,https://9f057df6115a4bb488c08ea12a835e6e@error-tracking.reddit.com/o418887/5810803,True,production,,,,,,,,
,,,,,,,,,,,,,,,,,,enabled,,,,,enabled,enabled,enabled,enabled,enabled,enabled,enabled,enabled
,,,,,,,,,,,,,,,,,,,"['https://www.reddit.com/r/webscraping/t support constructed stylesheets. See https:/lit.dev/docs/api/LitElement/#LitElement.styles        window.litNonce = ', 'https://www.redditstatic.com/avatars/defaults/v2/avatar_default_7.png', 'https://www.redditstatic.com/avatars/defaults/v2/avatar_default_5.png', 'https://www.redditstatic.com/avatars/defaults/v2/avatar_default_0.png', 'https://www.redditstatic.com/avatars/defaults/v2/avatar_default_4.png', 'https://www.redditstatic.com/avatars/defaults/v2/avatar_default_3.png', 'https://www.redditstatic.com/avatars/defaults/v2/avatar_default_6.png', 'https://www.redditstatic.com/avatars/defaults/v2/avatar_default_1.png']",,,,,,,,,,,
https://www.reddit.com,com.reddit.RedditAppleSSO,https://devvit-gateway.reddit.com,705819728788-b2c1kcs7tst3b7ghv7at0hkqmtc68ckl.apps.googleusercontent.com,https://www.redditstatic.com/shreddit/,False,client-manifest.json,https://www.redditstatic.com/,https://www.reddit.com,https://www.reddit.com,['https://www.redditstatic.com/'],https://www.redditstatic.com/js/concat,https://www.redditstatic.com/shreddit/,https://events.redditmedia.com/v2j,ShredditFrontend-v1,eW9vM3lhZW00VW9naDVleGFlZm9lcGhlZTZQaG9o,False,https://w3-reporting.reddit.com/reports,,,,,,,,,,,,,
,,,,,,,,,,,,,,,,,,,,https://9f057df6115a4bb488c08ea12a835e6e@error-tracking.reddit.com/o418887/5810803,True,production,,,,,,,,
,,,,,,,,,,,,,,,,,,enabled,,,,,enabled,enabled,enabled,enabled,enabled,enabled,enabled,enabled
,,,,,,,,,,,,,,,,,,,"['https://www.reddit.com/r/webscraping/t support constructed stylesheets. See https:/lit.dev/docs/api/LitElement/#LitElement.styles        window.litNonce = ', 'https://www.redditstatic.com/avatars/defaults/v2/avatar_default_4.png', 'https://www.redditstatic.com/avatars/defaults/v2/avatar_default_7.png', 'https://www.redditstatic.com/avatars/defaults/v2/avatar_default_5.png', 'https://www.redditstatic.com/avatars/defaults/v2/avatar_default_0.png', 'https://www.redditstatic.com/avatars/defaults/v2/avatar_default_3.png', 'https://www.redditstatic.com/avatars/defaults/v2/avatar_default_6.png']",,,,,,,,,,,
https://www.reddit.com,com.reddit.RedditAppleSSO,https://devvit-gateway.reddit.com,705819728788-b2c1kcs7tst3b7ghv7at0hkqmtc68ckl.apps.googleusercontent.com,https://www.redditstatic.com/shreddit/,False,client-manifest.json,https://www.redditstatic.com/,https://www.reddit.com,https://www.reddit.com,['https://www.redditstatic.com/'],https://www.redditstatic.com/js/concat,https://www.redditstatic.com/shreddit/,https://events.redditmedia.com/v2j,ShredditFrontend-v1,eW9vM3lhZW00VW9naDVleGFlZm9lcGhlZTZQaG9o,False,https://w3-reporting.reddit.com/reports,,,,,,,,,,,,,
,,,,,,,,,,,,,,,,,,,,https://9f057df6115a4bb488c08ea12a835e6e@error-tracking.reddit.com/o418887/5810803,True,production,,,,,,,,
,,,,,,,,,,,,,,,,,,enabled,,,,,enabled,enabled,enabled,enabled,enabled,enabled,enabled,enabled
,,,,,,,,,,,,,,,,,,,"['https://www.reddit.com/r/webscraping/t support constructed stylesheets. See https:/lit.dev/docs/api/LitElement/#LitElement.styles        window.litNonce = ', 'https://www.redditstatic.com/avatars/defaults/v2/avatar_default_7.png', 'https://www.redditstatic.com/avatars/defaults/v2/avatar_default_5.png', 'https://www.redditstatic.com/avatars/defaults/v2/avatar_default_0.png', 'https://www.redditstatic.com/avatars/defaults/v2/avatar_default_4.png', 'https://www.redditstatic.com/avatars/defaults/v2/avatar_default_3.png', 'https://www.redditstatic.com/avatars/defaults/v2/avatar_default_6.png']",,,,,,,,,,,
https://www.reddit.com,com.reddit.RedditAppleSSO,https://devvit-gateway.reddit.com,705819728788-b2c1kcs7tst3b7ghv7at0hkqmtc68ckl.apps.googleusercontent.com,https://www.redditstatic.com/shreddit/,False,client-manifest.json,https://www.redditstatic.com/,https://www.reddit.com,https://www.reddit.com,['https://www.redditstatic.com/'],https://www.redditstatic.com/js/concat,https://www.redditstatic.com/shreddit/,https://events.redditmedia.com/v2j,ShredditFrontend-v1,eW9vM3lhZW00VW9naDVleGFlZm9lcGhlZTZQaG9o,False,https://w3-reporting.reddit.com/reports,,,,,,,,,,,,,
,,,,,,,,,,,,,,,,,,,,https://9f057df6115a4bb488c08ea12a835e6e@error-tracking.reddit.com/o418887/5810803,True,production,,,,,,,,
,,,,,,,,,,,,,,,,,,enabled,,,,,enabled,enabled,enabled,enabled,enabled,enabled,enabled,enabled
,,,,,,,,,,,,,,,,,,,"['https://www.reddit.com/r/webscraping/t support constructed stylesheets. See https:/lit.dev/docs/api/LitElement/#LitElement.styles        window.litNonce = ', 'https://www.redditstatic.com/avatars/defaults/v2/avatar_default_7.png', 'https://www.redditstatic.com/avatars/defaults/v2/avatar_default_5.png', 'https://www.redditstatic.com/avatars/defaults/v2/avatar_default_6.png', 'https://www.redditstatic.com/avatars/defaults/v2/avatar_default_0.png', 'https://www.redditstatic.com/avatars/defaults/v2/avatar_default_4.png', 'https://www.redditstatic.com/avatars/defaults/v2/avatar_default_3.png']",,,,,,,,,,,
https://www.reddit.com,com.reddit.RedditAppleSSO,https://devvit-gateway.reddit.com,705819728788-b2c1kcs7tst3b7ghv7at0hkqmtc68ckl.apps.googleusercontent.com,https://www.redditstatic.com/shreddit/,False,client-manifest.json,https://www.redditstatic.com/,https://www.reddit.com,https://www.reddit.com,['https://www.redditstatic.com/'],https://www.redditstatic.com/js/concat,https://www.redditstatic.com/shreddit/,https://events.redditmedia.com/v2j,ShredditFrontend-v1,eW9vM3lhZW00VW9naDVleGFlZm9lcGhlZTZQaG9o,False,https://w3-reporting.reddit.com/reports,,,,,,,,,,,,,
,,,,,,,,,,,,,,,,,,,,https://9f057df6115a4bb488c08ea12a835e6e@error-tracking.reddit.com/o418887/5810803,True,production,,,,,,,,
,,,,,,,,,,,,,,,,,,enabled,,,,,enabled,enabled,enabled,enabled,enabled,enabled,enabled,enabled
,,,,,,,,,,,,,,,,,,,"['https://www.reddit.com/r/webscraping/t support constructed stylesheets. See https:/lit.dev/docs/api/LitElement/#LitElement.styles        window.litNonce = ', 'https://www.redditstatic.com/avatars/defaults/v2/avatar_default_7.png', 'https://www.redditstatic.com/avatars/defaults/v2/avatar_default_5.png', 'https://www.redditstatic.com/avatars/defaults/v2/avatar_default_0.png', 'https://www.redditstatic.com/avatars/defaults/v2/avatar_default_4.png', 'https://www.redditstatic.com/avatars/defaults/v2/avatar_default_3.png', 'https://www.redditstatic.com/avatars/defaults/v2/avatar_default_6.png']",,,,,,,,,,,
https://www.reddit.com,com.reddit.RedditAppleSSO,https://devvit-gateway.reddit.com,705819728788-b2c1kcs7tst3b7ghv7at0hkqmtc68ckl.apps.googleusercontent.com,https://www.redditstatic.com/shreddit/,False,client-manifest.json,https://www.redditstatic.com/,https://www.reddit.com,https://www.reddit.com,['https://www.redditstatic.com/'],https://www.redditstatic.com/js/concat,https://www.redditstatic.com/shreddit/,https://events.redditmedia.com/v2j,ShredditFrontend-v1,eW9vM3lhZW00VW9naDVleGFlZm9lcGhlZTZQaG9o,False,https://w3-reporting.reddit.com/reports,,,,,,,,,,,,,
,,,,,,,,,,,,,,,,,,,,https://9f057df6115a4bb488c08ea12a835e6e@error-tracking.reddit.com/o418887/5810803,True,production,,,,,,,,
,,,,,,,,,,,,,,,,,,enabled,,,,,enabled,enabled,enabled,enabled,enabled,enabled,enabled,enabled
,,,,,,,,,,,,,,,,,,,"['https://www.reddit.com/r/webscraping/t support constructed stylesheets. See https:/lit.dev/docs/api/LitElement/#LitElement.styles        window.litNonce = ', 'https://www.redditstatic.com/avatars/defaults/v2/avatar_default_7.png', 'https://www.redditstatic.com/avatars/defaults/v2/avatar_default_5.png', 'https://www.redditstatic.com/avatars/defaults/v2/avatar_default_0.png', 'https://www.redditstatic.com/avatars/defaults/v2/avatar_default_4.png', 'https://www.redditstatic.com/avatars/defaults/v2/avatar_default_3.png', 'https://www.redditstatic.com/avatars/defaults/v2/avatar_default_6.png']",,,,,,,,,,,
https://www.reddit.com,com.reddit.RedditAppleSSO,https://devvit-gateway.reddit.com,705819728788-b2c1kcs7tst3b7ghv7at0hkqmtc68ckl.apps.googleusercontent.com,https://www.redditstatic.com/shreddit/,False,client-manifest.json,https://www.redditstatic.com/,https://www.reddit.com,https://www.reddit.com,['https://www.redditstatic.com/'],https://www.redditstatic.com/js/concat,https://www.redditstatic.com/shreddit/,https://events.redditmedia.com/v2j,ShredditFrontend-v1,eW9vM3lhZW00VW9naDVleGFlZm9lcGhlZTZQaG9o,False,https://w3-reporting.reddit.com/reports,,,,,,,,,,,,,
,,,,,,,,,,,,,,,,,,,,https://9f057df6115a4bb488c08ea12a835e6e@error-tracking.reddit.com/o418887/5810803,True,production,,,,,,,,
,,,,,,,,,,,,,,,,,,enabled,,,,,enabled,enabled,enabled,enabled,enabled,enabled,enabled,enabled
,,,,,,,,,,,,,,,,,,,"['https://www.reddit.com/r/webscraping/t support constructed stylesheets. See https:/lit.dev/docs/api/LitElement/#LitElement.styles        window.litNonce = ', 'https://www.redditstatic.com/avatars/defaults/v2/avatar_default_7.png', 'https://www.redditstatic.com/avatars/defaults/v2/avatar_default_5.png', 'https://www.redditstatic.com/avatars/defaults/v2/avatar_default_0.png', 'https://www.redditstatic.com/avatars/defaults/v2/avatar_default_4.png', 'https://www.redditstatic.com/avatars/defaults/v2/avatar_default_3.png', 'https://www.redditstatic.com/avatars/defaults/v2/avatar_default_6.png']",,,,,,,,,,,
https://www.reddit.com,com.reddit.RedditAppleSSO,https://devvit-gateway.reddit.com,705819728788-b2c1kcs7tst3b7ghv7at0hkqmtc68ckl.apps.googleusercontent.com,https://www.redditstatic.com/shreddit/,False,client-manifest.json,https://www.redditstatic.com/,https://www.reddit.com,https://www.reddit.com,['https://www.redditstatic.com/'],https://www.redditstatic.com/js/concat,https://www.redditstatic.com/shreddit/,https://events.redditmedia.com/v2j,ShredditFrontend-v1,eW9vM3lhZW00VW9naDVleGFlZm9lcGhlZTZQaG9o,False,https://w3-reporting.reddit.com/reports,,,,,,,,,,,,,
,,,,,,,,,,,,,,,,,,,,https://9f057df6115a4bb488c08ea12a835e6e@error-tracking.reddit.com/o418887/5810803,True,production,,,,,,,,
,,,,,,,,,,,,,,,,,,enabled,,,,,enabled,enabled,enabled,enabled,enabled,enabled,enabled,enabled
,,,,,,,,,,,,,,,,,,,"['https://www.reddit.com/r/webscraping/t support constructed stylesheets. See https:/lit.dev/docs/api/LitElement/#LitElement.styles        window.litNonce = ', 'https://www.redditstatic.com/avatars/defaults/v2/avatar_default_2.png', 'https://www.redditstatic.com/avatars/defaults/v2/avatar_default_7.png', 'https://www.redditstatic.com/avatars/defaults/v2/avatar_default_5.png', 'https://www.redditstatic.com/avatars/defaults/v2/avatar_default_0.png', 'https://www.redditstatic.com/avatars/defaults/v2/avatar_default_4.png', 'https://www.redditstatic.com/avatars/defaults/v2/avatar_default_3.png', 'https://www.redditstatic.com/avatars/defaults/v2/avatar_default_6.png']",,,,,,,,,,,
https://www.reddit.com,com.reddit.RedditAppleSSO,https://devvit-gateway.reddit.com,705819728788-b2c1kcs7tst3b7ghv7at0hkqmtc68ckl.apps.googleusercontent.com,https://www.redditstatic.com/shreddit/,False,client-manifest.json,https://www.redditstatic.com/,https://www.reddit.com,https://www.reddit.com,['https://www.redditstatic.com/'],https://www.redditstatic.com/js/concat,https://www.redditstatic.com/shreddit/,https://events.redditmedia.com/v2j,ShredditFrontend-v1,eW9vM3lhZW00VW9naDVleGFlZm9lcGhlZTZQaG9o,False,https://w3-reporting.reddit.com/reports,,,,,,,,,,,,,
,,,,,,,,,,,,,,,,,,,,https://9f057df6115a4bb488c08ea12a835e6e@error-tracking.reddit.com/o418887/5810803,True,production,,,,,,,,
,,,,,,,,,,,,,,,,,,enabled,,,,,enabled,enabled,enabled,enabled,enabled,enabled,enabled,enabled
,,,,,,,,,,,,,,,,,,,"['https://www.reddit.com/r/webscraping/t support constructed stylesheets. See https:/lit.dev/docs/api/LitElement/#LitElement.styles        window.litNonce = ', 'https://www.redditstatic.com/avatars/defaults/v2/avatar_default_7.png', 'https://www.redditstatic.com/avatars/defaults/v2/avatar_default_5.png', 'https://www.redditstatic.com/avatars/defaults/v2/avatar_default_0.png', 'https://www.redditstatic.com/avatars/defaults/v2/avatar_default_4.png', 'https://www.redditstatic.com/avatars/defaults/v2/avatar_default_3.png', 'https://www.redditstatic.com/avatars/defaults/v2/avatar_default_6.png']",,,,,,,,,,,
https://www.reddit.com,com.reddit.RedditAppleSSO,https://devvit-gateway.reddit.com,705819728788-b2c1kcs7tst3b7ghv7at0hkqmtc68ckl.apps.googleusercontent.com,https://www.redditstatic.com/shreddit/,False,client-manifest.json,https://www.redditstatic.com/,https://www.reddit.com,https://www.reddit.com,['https://www.redditstatic.com/'],https://www.redditstatic.com/js/concat,https://www.redditstatic.com/shreddit/,https://events.redditmedia.com/v2j,ShredditFrontend-v1,eW9vM3lhZW00VW9naDVleGFlZm9lcGhlZTZQaG9o,False,https://w3-reporting.reddit.com/reports,,,,,,,,,,,,,
,,,,,,,,,,,,,,,,,,,,https://9f057df6115a4bb488c08ea12a835e6e@error-tracking.reddit.com/o418887/5810803,True,production,,,,,,,,
,,,,,,,,,,,,,,,,,,enabled,,,,,enabled,enabled,enabled,enabled,enabled,enabled,enabled,enabled
,,,,,,,,,,,,,,,,,,,"['https://www.reddit.com/r/webscraping/t support constructed stylesheets. See https:/lit.dev/docs/api/LitElement/#LitElement.styles        window.litNonce = ', 'https://www.redditstatic.com/avatars/defaults/v2/avatar_default_7.png', 'https://www.redditstatic.com/avatars/defaults/v2/avatar_default_5.png', 'https://www.redditstatic.com/avatars/defaults/v2/avatar_default_0.png', 'https://www.redditstatic.com/avatars/defaults/v2/avatar_default_4.png', 'https://www.redditstatic.com/avatars/defaults/v2/avatar_default_3.png', 'https://www.redditstatic.com/avatars/defaults/v2/avatar_default_6.png']",,,,,,,,,,,
https://www.reddit.com,com.reddit.RedditAppleSSO,https://devvit-gateway.reddit.com,705819728788-b2c1kcs7tst3b7ghv7at0hkqmtc68ckl.apps.googleusercontent.com,https://www.redditstatic.com/shreddit/,False,client-manifest.json,https://www.redditstatic.com/,https://www.reddit.com,https://www.reddit.com,['https://www.redditstatic.com/'],https://www.redditstatic.com/js/concat,https://www.redditstatic.com/shreddit/,https://events.redditmedia.com/v2j,ShredditFrontend-v1,eW9vM3lhZW00VW9naDVleGFlZm9lcGhlZTZQaG9o,False,https://w3-reporting.reddit.com/reports,,,,,,,,,,,,,
,,,,,,,,,,,,,,,,,,,,https://9f057df6115a4bb488c08ea12a835e6e@error-tracking.reddit.com/o418887/5810803,True,production,,,,,,,,
,,,,,,,,,,,,,,,,,,enabled,,,,,enabled,enabled,enabled,enabled,enabled,enabled,enabled,enabled
,,,,,,,,,,,,,,,,,,,"['https://www.reddit.com/r/webscraping/t support constructed stylesheets. See https:/lit.dev/docs/api/LitElement/#LitElement.styles        window.litNonce = ', 'https://www.redditstatic.com/avatars/defaults/v2/avatar_default_7.png', 'https://www.redditstatic.com/avatars/defaults/v2/avatar_default_5.png', 'https://www.redditstatic.com/avatars/defaults/v2/avatar_default_0.png', 'https://www.redditstatic.com/avatars/defaults/v2/avatar_default_4.png', 'https://www.redditstatic.com/avatars/defaults/v2/avatar_default_3.png', 'https://www.redditstatic.com/avatars/defaults/v2/avatar_default_6.png']",,,,,,,,,,,
https://www.reddit.com,com.reddit.RedditAppleSSO,https://devvit-gateway.reddit.com,705819728788-b2c1kcs7tst3b7ghv7at0hkqmtc68ckl.apps.googleusercontent.com,https://www.redditstatic.com/shreddit/,False,client-manifest.json,https://www.redditstatic.com/,https://www.reddit.com,https://www.reddit.com,['https://www.redditstatic.com/'],https://www.redditstatic.com/js/concat,https://www.redditstatic.com/shreddit/,https://events.redditmedia.com/v2j,ShredditFrontend-v1,eW9vM3lhZW00VW9naDVleGFlZm9lcGhlZTZQaG9o,False,https://w3-reporting.reddit.com/reports,,,,,,,,,,,,,
,,,,,,,,,,,,,,,,,,,,https://9f057df6115a4bb488c08ea12a835e6e@error-tracking.reddit.com/o418887/5810803,True,production,,,,,,,,
,,,,,,,,,,,,,,,,,,enabled,,,,,enabled,enabled,enabled,enabled,enabled,enabled,enabled,enabled
,,,,,,,,,,,,,,,,,,,"['https://www.reddit.com/r/webscraping/t support constructed stylesheets. See https:/lit.dev/docs/api/LitElement/#LitElement.styles        window.litNonce = ', 'https://www.redditstatic.com/avatars/defaults/v2/avatar_default_7.png', 'https://www.redditstatic.com/avatars/defaults/v2/avatar_default_5.png', 'https://www.redditstatic.com/avatars/defaults/v2/avatar_default_0.png', 'https://www.redditstatic.com/avatars/defaults/v2/avatar_default_4.png', 'https://www.redditstatic.com/avatars/defaults/v2/avatar_default_3.png', 'https://www.redditstatic.com/avatars/defaults/v2/avatar_default_6.png']",,,,,,,,,,,
https://www.reddit.com,com.reddit.RedditAppleSSO,https://devvit-gateway.reddit.com,705819728788-b2c1kcs7tst3b7ghv7at0hkqmtc68ckl.apps.googleusercontent.com,https://www.redditstatic.com/shreddit/,False,client-manifest.json,https://www.redditstatic.com/,https://www.reddit.com,https://www.reddit.com,['https://www.redditstatic.com/'],https://www.redditstatic.com/js/concat,https://www.redditstatic.com/shreddit/,https://events.redditmedia.com/v2j,ShredditFrontend-v1,eW9vM3lhZW00VW9naDVleGFlZm9lcGhlZTZQaG9o,False,https://w3-reporting.reddit.com/reports,,,,,,,,,,,,,
,,,,,,,,,,,,,,,,,,,,https://9f057df6115a4bb488c08ea12a835e6e@error-tracking.reddit.com/o418887/5810803,True,production,,,,,,,,
,,,,,,,,,,,,,,,,,,enabled,,,,,enabled,enabled,enabled,enabled,enabled,enabled,enabled,enabled
,,,,,,,,,,,,,,,,,,,"['https://www.reddit.com/r/webscraping/t support constructed stylesheets. See https:/lit.dev/docs/api/LitElement/#LitElement.styles        window.litNonce = ', 'https://www.redditstatic.com/avatars/defaults/v2/avatar_default_7.png', 'https://www.redditstatic.com/avatars/defaults/v2/avatar_default_5.png', 'https://www.redditstatic.com/avatars/defaults/v2/avatar_default_0.png', 'https://www.redditstatic.com/avatars/defaults/v2/avatar_default_4.png', 'https://www.redditstatic.com/avatars/defaults/v2/avatar_default_3.png', 'https://www.redditstatic.com/avatars/defaults/v2/avatar_default_6.png']",,,,,,,,,,,
https://www.reddit.com,com.reddit.RedditAppleSSO,https://devvit-gateway.reddit.com,705819728788-b2c1kcs7tst3b7ghv7at0hkqmtc68ckl.apps.googleusercontent.com,https://www.redditstatic.com/shreddit/,False,client-manifest.json,https://www.redditstatic.com/,https://www.reddit.com,https://www.reddit.com,['https://www.redditstatic.com/'],https://www.redditstatic.com/js/concat,https://www.redditstatic.com/shreddit/,https://events.redditmedia.com/v2j,ShredditFrontend-v1,eW9vM3lhZW00VW9naDVleGFlZm9lcGhlZTZQaG9o,False,https://w3-reporting.reddit.com/reports,,,,,,,,,,,,,
,,,,,,,,,,,,,,,,,,,,https://9f057df6115a4bb488c08ea12a835e6e@error-tracking.reddit.com/o418887/5810803,True,production,,,,,,,,
,,,,,,,,,,,,,,,,,,enabled,,,,,enabled,enabled,enabled,enabled,enabled,enabled,enabled,enabled
,,,,,,,,,,,,,,,,,,,"['https://www.reddit.com/r/webscraping/t support constructed stylesheets. See https:/lit.dev/docs/api/LitElement/#LitElement.styles        window.litNonce = ', 'https://www.redditstatic.com/avatars/defaults/v2/avatar_default_7.png', 'https://www.redditstatic.com/avatars/defaults/v2/avatar_default_5.png', 'https://www.redditstatic.com/avatars/defaults/v2/avatar_default_0.png', 'https://www.redditstatic.com/avatars/defaults/v2/avatar_default_4.png', 'https://www.redditstatic.com/avatars/defaults/v2/avatar_default_3.png', 'https://www.redditstatic.com/avatars/defaults/v2/avatar_default_6.png']",,,,,,,,,,,
https://www.reddit.com,com.reddit.RedditAppleSSO,https://devvit-gateway.reddit.com,705819728788-b2c1kcs7tst3b7ghv7at0hkqmtc68ckl.apps.googleusercontent.com,https://www.redditstatic.com/shreddit/,False,client-manifest.json,https://www.redditstatic.com/,https://www.reddit.com,https://www.reddit.com,['https://www.redditstatic.com/'],https://www.redditstatic.com/js/concat,https://www.redditstatic.com/shreddit/,https://events.redditmedia.com/v2j,ShredditFrontend-v1,eW9vM3lhZW00VW9naDVleGFlZm9lcGhlZTZQaG9o,False,https://w3-reporting.reddit.com/reports,,,,,,,,,,,,,
,,,,,,,,,,,,,,,,,,,,https://9f057df6115a4bb488c08ea12a835e6e@error-tracking.reddit.com/o418887/5810803,True,production,,,,,,,,
,,,,,,,,,,,,,,,,,,enabled,,,,,enabled,enabled,enabled,enabled,enabled,enabled,enabled,enabled
,,,,,,,,,,,,,,,,,,,"['https://www.reddit.com/r/webscraping/t support constructed stylesheets. See https:/lit.dev/docs/api/LitElement/#LitElement.styles        window.litNonce = ', 'https://www.redditstatic.com/avatars/defaults/v2/avatar_default_7.png', 'https://www.redditstatic.com/avatars/defaults/v2/avatar_default_5.png', 'https://www.redditstatic.com/avatars/defaults/v2/avatar_default_0.png', 'https://www.redditstatic.com/avatars/defaults/v2/avatar_default_4.png', 'https://www.redditstatic.com/avatars/defaults/v2/avatar_default_3.png', 'https://www.redditstatic.com/avatars/defaults/v2/avatar_default_6.png']",,,,,,,,,,,
https://www.reddit.com,com.reddit.RedditAppleSSO,https://devvit-gateway.reddit.com,705819728788-b2c1kcs7tst3b7ghv7at0hkqmtc68ckl.apps.googleusercontent.com,https://www.redditstatic.com/shreddit/,False,client-manifest.json,https://www.redditstatic.com/,https://www.reddit.com,https://www.reddit.com,['https://www.redditstatic.com/'],https://www.redditstatic.com/js/concat,https://www.redditstatic.com/shreddit/,https://events.redditmedia.com/v2j,ShredditFrontend-v1,eW9vM3lhZW00VW9naDVleGFlZm9lcGhlZTZQaG9o,False,https://w3-reporting.reddit.com/reports,,,,,,,,,,,,,
,,,,,,,,,,,,,,,,,,,,https://9f057df6115a4bb488c08ea12a835e6e@error-tracking.reddit.com/o418887/5810803,True,production,,,,,,,,
,,,,,,,,,,,,,,,,,,enabled,,,,,enabled,enabled,enabled,enabled,enabled,enabled,enabled,enabled
,,,,,,,,,,,,,,,,,,,"['https://www.reddit.com/r/webscraping/t support constructed stylesheets. See https:/lit.dev/docs/api/LitElement/#LitElement.styles        window.litNonce = ', 'https://www.redditstatic.com/avatars/defaults/v2/avatar_default_7.png', 'https://www.redditstatic.com/avatars/defaults/v2/avatar_default_5.png', 'https://www.redditstatic.com/avatars/defaults/v2/avatar_default_0.png', 'https://www.redditstatic.com/avatars/defaults/v2/avatar_default_4.png', 'https://www.redditstatic.com/avatars/defaults/v2/avatar_default_3.png', 'https://www.redditstatic.com/avatars/defaults/v2/avatar_default_6.png']",,,,,,,,,,,
https://www.reddit.com,com.reddit.RedditAppleSSO,https://devvit-gateway.reddit.com,705819728788-b2c1kcs7tst3b7ghv7at0hkqmtc68ckl.apps.googleusercontent.com,https://www.redditstatic.com/shreddit/,False,client-manifest.json,https://www.redditstatic.com/,https://www.reddit.com,https://www.reddit.com,['https://www.redditstatic.com/'],https://www.redditstatic.com/js/concat,https://www.redditstatic.com/shreddit/,https://events.redditmedia.com/v2j,ShredditFrontend-v1,eW9vM3lhZW00VW9naDVleGFlZm9lcGhlZTZQaG9o,False,https://w3-reporting.reddit.com/reports,,,,,,,,,,,,,
,,,,,,,,,,,,,,,,,,,,https://9f057df6115a4bb488c08ea12a835e6e@error-tracking.reddit.com/o418887/5810803,True,production,,,,,,,,
,,,,,,,,,,,,,,,,,,enabled,,,,,enabled,enabled,enabled,enabled,enabled,enabled,enabled,enabled
,,,,,,,,,,,,,,,,,,,"['https://www.reddit.com/r/webscraping/t support constructed stylesheets. See https:/lit.dev/docs/api/LitElement/#LitElement.styles        window.litNonce = ', 'https://www.redditstatic.com/avatars/defaults/v2/avatar_default_7.png', 'https://www.redditstatic.com/avatars/defaults/v2/avatar_default_5.png', 'https://www.redditstatic.com/avatars/defaults/v2/avatar_default_0.png', 'https://www.redditstatic.com/avatars/defaults/v2/avatar_default_4.png', 'https://www.redditstatic.com/avatars/defaults/v2/avatar_default_3.png', 'https://www.redditstatic.com/avatars/defaults/v2/avatar_default_6.png']",,,,,,,,,,,
https://www.reddit.com,com.reddit.RedditAppleSSO,https://devvit-gateway.reddit.com,705819728788-b2c1kcs7tst3b7ghv7at0hkqmtc68ckl.apps.googleusercontent.com,https://www.redditstatic.com/shreddit/,False,client-manifest.json,https://www.redditstatic.com/,https://www.reddit.com,https://www.reddit.com,['https://www.redditstatic.com/'],https://www.redditstatic.com/js/concat,https://www.redditstatic.com/shreddit/,https://events.redditmedia.com/v2j,ShredditFrontend-v1,eW9vM3lhZW00VW9naDVleGFlZm9lcGhlZTZQaG9o,False,https://w3-reporting.reddit.com/reports,,,,,,,,,,,,,
,,,,,,,,,,,,,,,,,,,,https://9f057df6115a4bb488c08ea12a835e6e@error-tracking.reddit.com/o418887/5810803,True,production,,,,,,,,
,,,,,,,,,,,,,,,,,,enabled,,,,,enabled,enabled,enabled,enabled,enabled,enabled,enabled,enabled
,,,,,,,,,,,,,,,,,,,"['https://www.reddit.com/r/webscraping/t support constructed stylesheets. See https:/lit.dev/docs/api/LitElement/#LitElement.styles        window.litNonce = ', 'https://www.redditstatic.com/avatars/defaults/v2/avatar_default_7.png', 'https://www.redditstatic.com/avatars/defaults/v2/avatar_default_5.png', 'https://www.redditstatic.com/avatars/defaults/v2/avatar_default_0.png', 'https://www.redditstatic.com/avatars/defaults/v2/avatar_default_4.png', 'https://www.redditstatic.com/avatars/defaults/v2/avatar_default_3.png', 'https://www.redditstatic.com/avatars/defaults/v2/avatar_default_6.png']",,,,,,,,,,,
https://www.reddit.com,com.reddit.RedditAppleSSO,https://devvit-gateway.reddit.com,705819728788-b2c1kcs7tst3b7ghv7at0hkqmtc68ckl.apps.googleusercontent.com,https://www.redditstatic.com/shreddit/,False,client-manifest.json,https://www.redditstatic.com/,https://www.reddit.com,https://www.reddit.com,['https://www.redditstatic.com/'],https://www.redditstatic.com/js/concat,https://www.redditstatic.com/shreddit/,https://events.redditmedia.com/v2j,ShredditFrontend-v1,eW9vM3lhZW00VW9naDVleGFlZm9lcGhlZTZQaG9o,False,https://w3-reporting.reddit.com/reports,,,,,,,,,,,,,
,,,,,,,,,,,,,,,,,,,,https://9f057df6115a4bb488c08ea12a835e6e@error-tracking.reddit.com/o418887/5810803,True,production,,,,,,,,
,,,,,,,,,,,,,,,,,,enabled,,,,,enabled,enabled,enabled,enabled,enabled,enabled,enabled,enabled
,,,,,,,,,,,,,,,,,,,"['https://www.reddit.com/r/webscraping/t support constructed stylesheets. See https:/lit.dev/docs/api/LitElement/#LitElement.styles        window.litNonce = ', 'https://www.redditstatic.com/avatars/defaults/v2/avatar_default_7.png', 'https://www.redditstatic.com/avatars/defaults/v2/avatar_default_5.png', 'https://www.redditstatic.com/avatars/defaults/v2/avatar_default_0.png', 'https://www.redditstatic.com/avatars/defaults/v2/avatar_default_4.png', 'https://www.redditstatic.com/avatars/defaults/v2/avatar_default_3.png', 'https://www.redditstatic.com/avatars/defaults/v2/avatar_default_6.png']",,,,,,,,,,,
https://www.reddit.com,com.reddit.RedditAppleSSO,https://devvit-gateway.reddit.com,705819728788-b2c1kcs7tst3b7ghv7at0hkqmtc68ckl.apps.googleusercontent.com,https://www.redditstatic.com/shreddit/,False,client-manifest.json,https://www.redditstatic.com/,https://www.reddit.com,https://www.reddit.com,['https://www.redditstatic.com/'],https://www.redditstatic.com/js/concat,https://www.redditstatic.com/shreddit/,https://events.redditmedia.com/v2j,ShredditFrontend-v1,eW9vM3lhZW00VW9naDVleGFlZm9lcGhlZTZQaG9o,False,https://w3-reporting.reddit.com/reports,,,,,,,,,,,,,
,,,,,,,,,,,,,,,,,,,,https://9f057df6115a4bb488c08ea12a835e6e@error-tracking.reddit.com/o418887/5810803,True,production,,,,,,,,
,,,,,,,,,,,,,,,,,,enabled,,,,,enabled,enabled,enabled,enabled,enabled,enabled,enabled,enabled
,,,,,,,,,,,,,,,,,,,"['https://www.reddit.com/r/webscraping/t support constructed stylesheets. See https:/lit.dev/docs/api/LitElement/#LitElement.styles        window.litNonce = ', 'https://www.redditstatic.com/avatars/defaults/v2/avatar_default_7.png', 'https://www.redditstatic.com/avatars/defaults/v2/avatar_default_5.png', 'https://www.redditstatic.com/avatars/defaults/v2/avatar_default_0.png', 'https://www.redditstatic.com/avatars/defaults/v2/avatar_default_4.png', 'https://www.redditstatic.com/avatars/defaults/v2/avatar_default_3.png', 'https://www.redditstatic.com/avatars/defaults/v2/avatar_default_6.png']",,,,,,,,,,,
https://www.reddit.com,com.reddit.RedditAppleSSO,https://devvit-gateway.reddit.com,705819728788-b2c1kcs7tst3b7ghv7at0hkqmtc68ckl.apps.googleusercontent.com,https://www.redditstatic.com/shreddit/,False,client-manifest.json,https://www.redditstatic.com/,https://www.reddit.com,https://www.reddit.com,['https://www.redditstatic.com/'],https://www.redditstatic.com/js/concat,https://www.redditstatic.com/shreddit/,https://events.redditmedia.com/v2j,ShredditFrontend-v1,eW9vM3lhZW00VW9naDVleGFlZm9lcGhlZTZQaG9o,False,https://w3-reporting.reddit.com/reports,,,,,,,,,,,,,
,,,,,,,,,,,,,,,,,,,,https://9f057df6115a4bb488c08ea12a835e6e@error-tracking.reddit.com/o418887/5810803,True,production,,,,,,,,
,,,,,,,,,,,,,,,,,,enabled,,,,,enabled,enabled,enabled,enabled,enabled,enabled,enabled,enabled
,,,,,,,,,,,,,,,,,,,"['https://www.reddit.com/r/webscraping/t support constructed stylesheets. See https:/lit.dev/docs/api/LitElement/#LitElement.styles        window.litNonce = ', 'https://www.redditstatic.com/avatars/defaults/v2/avatar_default_7.png', 'https://www.redditstatic.com/avatars/defaults/v2/avatar_default_5.png', 'https://www.redditstatic.com/avatars/defaults/v2/avatar_default_0.png', 'https://www.redditstatic.com/avatars/defaults/v2/avatar_default_4.png', 'https://www.redditstatic.com/avatars/defaults/v2/avatar_default_3.png', 'https://www.redditstatic.com/avatars/defaults/v2/avatar_default_6.png']",,,,,,,,,,,
https://www.reddit.com,com.reddit.RedditAppleSSO,https://devvit-gateway.reddit.com,705819728788-b2c1kcs7tst3b7ghv7at0hkqmtc68ckl.apps.googleusercontent.com,https://www.redditstatic.com/shreddit/,False,client-manifest.json,https://www.redditstatic.com/,https://www.reddit.com,https://www.reddit.com,['https://www.redditstatic.com/'],https://www.redditstatic.com/js/concat,https://www.redditstatic.com/shreddit/,https://events.redditmedia.com/v2j,ShredditFrontend-v1,eW9vM3lhZW00VW9naDVleGFlZm9lcGhlZTZQaG9o,False,https://w3-reporting.reddit.com/reports,,,,,,,,,,,,,
,,,,,,,,,,,,,,,,,,,,https://9f057df6115a4bb488c08ea12a835e6e@error-tracking.reddit.com/o418887/5810803,True,production,,,,,,,,
,,,,,,,,,,,,,,,,,,enabled,,,,,enabled,enabled,enabled,enabled,enabled,enabled,enabled,enabled
,,,,,,,,,,,,,,,,,,,"['https://www.reddit.com/r/webscraping/t support constructed stylesheets. See https:/lit.dev/docs/api/LitElement/#LitElement.styles        window.litNonce = ', 'https://www.redditstatic.com/avatars/defaults/v2/avatar_default_7.png', 'https://www.redditstatic.com/avatars/defaults/v2/avatar_default_5.png', 'https://www.redditstatic.com/avatars/defaults/v2/avatar_default_0.png', 'https://www.redditstatic.com/avatars/defaults/v2/avatar_default_4.png', 'https://www.redditstatic.com/avatars/defaults/v2/avatar_default_3.png', 'https://www.redditstatic.com/avatars/defaults/v2/avatar_default_6.png']",,,,,,,,,,,
https://www.reddit.com,com.reddit.RedditAppleSSO,https://devvit-gateway.reddit.com,705819728788-b2c1kcs7tst3b7ghv7at0hkqmtc68ckl.apps.googleusercontent.com,https://www.redditstatic.com/shreddit/,False,client-manifest.json,https://www.redditstatic.com/,https://www.reddit.com,https://www.reddit.com,['https://www.redditstatic.com/'],https://www.redditstatic.com/js/concat,https://www.redditstatic.com/shreddit/,https://events.redditmedia.com/v2j,ShredditFrontend-v1,eW9vM3lhZW00VW9naDVleGFlZm9lcGhlZTZQaG9o,False,https://w3-reporting.reddit.com/reports,,,,,,,,,,,,,
,,,,,,,,,,,,,,,,,,,,https://9f057df6115a4bb488c08ea12a835e6e@error-tracking.reddit.com/o418887/5810803,True,production,,,,,,,,
,,,,,,,,,,,,,,,,,,enabled,,,,,enabled,enabled,enabled,enabled,enabled,enabled,enabled,enabled
,,,,,,,,,,,,,,,,,,,"['https://www.reddit.com/r/webscraping/t support constructed stylesheets. See https:/lit.dev/docs/api/LitElement/#LitElement.styles        window.litNonce = ', 'https://www.redditstatic.com/avatars/defaults/v2/avatar_default_7.png', 'https://www.redditstatic.com/avatars/defaults/v2/avatar_default_5.png', 'https://www.redditstatic.com/avatars/defaults/v2/avatar_default_0.png', 'https://www.redditstatic.com/avatars/defaults/v2/avatar_default_4.png', 'https://www.redditstatic.com/avatars/defaults/v2/avatar_default_3.png', 'https://www.redditstatic.com/avatars/defaults/v2/avatar_default_6.png']",,,,,,,,,,,
https://www.reddit.com,com.reddit.RedditAppleSSO,https://devvit-gateway.reddit.com,705819728788-b2c1kcs7tst3b7ghv7at0hkqmtc68ckl.apps.googleusercontent.com,https://www.redditstatic.com/shreddit/,False,client-manifest.json,https://www.redditstatic.com/,https://www.reddit.com,https://www.reddit.com,['https://www.redditstatic.com/'],https://www.redditstatic.com/js/concat,https://www.redditstatic.com/shreddit/,https://events.redditmedia.com/v2j,ShredditFrontend-v1,eW9vM3lhZW00VW9naDVleGFlZm9lcGhlZTZQaG9o,False,https://w3-reporting.reddit.com/reports,,,,,,,,,,,,,
,,,,,,,,,,,,,,,,,,,,https://9f057df6115a4bb488c08ea12a835e6e@error-tracking.reddit.com/o418887/5810803,True,production,,,,,,,,
,,,,,,,,,,,,,,,,,,enabled,,,,,enabled,enabled,enabled,enabled,enabled,enabled,enabled,enabled
,,,,,,,,,,,,,,,,,,,"['https://www.reddit.com/r/webscraping/t support constructed stylesheets. See https:/lit.dev/docs/api/LitElement/#LitElement.styles        window.litNonce = ', 'https://www.redditstatic.com/avatars/defaults/v2/avatar_default_7.png', 'https://www.redditstatic.com/avatars/defaults/v2/avatar_default_5.png', 'https://www.redditstatic.com/avatars/defaults/v2/avatar_default_0.png', 'https://www.redditstatic.com/avatars/defaults/v2/avatar_default_4.png', 'https://www.redditstatic.com/avatars/defaults/v2/avatar_default_3.png', 'https://www.redditstatic.com/avatars/defaults/v2/avatar_default_6.png']",,,,,,,,,,,
https://www.reddit.com,com.reddit.RedditAppleSSO,https://devvit-gateway.reddit.com,705819728788-b2c1kcs7tst3b7ghv7at0hkqmtc68ckl.apps.googleusercontent.com,https://www.redditstatic.com/shreddit/,False,client-manifest.json,https://www.redditstatic.com/,https://www.reddit.com,https://www.reddit.com,['https://www.redditstatic.com/'],https://www.redditstatic.com/js/concat,https://www.redditstatic.com/shreddit/,https://events.redditmedia.com/v2j,ShredditFrontend-v1,eW9vM3lhZW00VW9naDVleGFlZm9lcGhlZTZQaG9o,False,https://w3-reporting.reddit.com/reports,,,,,,,,,,,,,
,,,,,,,,,,,,,,,,,,,,https://9f057df6115a4bb488c08ea12a835e6e@error-tracking.reddit.com/o418887/5810803,True,production,,,,,,,,
,,,,,,,,,,,,,,,,,,enabled,,,,,enabled,enabled,enabled,enabled,enabled,enabled,enabled,enabled
,,,,,,,,,,,,,,,,,,,"['https://www.reddit.com/r/webscraping/t support constructed stylesheets. See https:/lit.dev/docs/api/LitElement/#LitElement.styles        window.litNonce = ', 'https://www.redditstatic.com/avatars/defaults/v2/avatar_default_7.png', 'https://www.redditstatic.com/avatars/defaults/v2/avatar_default_5.png', 'https://www.redditstatic.com/avatars/defaults/v2/avatar_default_0.png', 'https://www.redditstatic.com/avatars/defaults/v2/avatar_default_4.png', 'https://www.redditstatic.com/avatars/defaults/v2/avatar_default_3.png', 'https://www.redditstatic.com/avatars/defaults/v2/avatar_default_6.png']",,,,,,,,,,,
https://www.reddit.com,com.reddit.RedditAppleSSO,https://devvit-gateway.reddit.com,705819728788-b2c1kcs7tst3b7ghv7at0hkqmtc68ckl.apps.googleusercontent.com,https://www.redditstatic.com/shreddit/,False,client-manifest.json,https://www.redditstatic.com/,https://www.reddit.com,https://www.reddit.com,['https://www.redditstatic.com/'],https://www.redditstatic.com/js/concat,https://www.redditstatic.com/shreddit/,https://events.redditmedia.com/v2j,ShredditFrontend-v1,eW9vM3lhZW00VW9naDVleGFlZm9lcGhlZTZQaG9o,False,https://w3-reporting.reddit.com/reports,,,,,,,,,,,,,
,,,,,,,,,,,,,,,,,,,,https://9f057df6115a4bb488c08ea12a835e6e@error-tracking.reddit.com/o418887/5810803,True,production,,,,,,,,
,,,,,,,,,,,,,,,,,,enabled,,,,,enabled,enabled,enabled,enabled,enabled,enabled,enabled,enabled
,,,,,,,,,,,,,,,,,,,"['https://www.reddit.com/r/webscraping/t support constructed stylesheets. See https:/lit.dev/docs/api/LitElement/#LitElement.styles        window.litNonce = ', 'https://www.redditstatic.com/avatars/defaults/v2/avatar_default_7.png', 'https://www.redditstatic.com/avatars/defaults/v2/avatar_default_5.png', 'https://www.redditstatic.com/avatars/defaults/v2/avatar_default_0.png', 'https://www.redditstatic.com/avatars/defaults/v2/avatar_default_4.png', 'https://www.redditstatic.com/avatars/defaults/v2/avatar_default_3.png', 'https://www.redditstatic.com/avatars/defaults/v2/avatar_default_6.png']",,,,,,,,,,,
https://www.reddit.com,com.reddit.RedditAppleSSO,https://devvit-gateway.reddit.com,705819728788-b2c1kcs7tst3b7ghv7at0hkqmtc68ckl.apps.googleusercontent.com,https://www.redditstatic.com/shreddit/,False,client-manifest.json,https://www.redditstatic.com/,https://www.reddit.com,https://www.reddit.com,['https://www.redditstatic.com/'],https://www.redditstatic.com/js/concat,https://www.redditstatic.com/shreddit/,https://events.redditmedia.com/v2j,ShredditFrontend-v1,eW9vM3lhZW00VW9naDVleGFlZm9lcGhlZTZQaG9o,False,https://w3-reporting.reddit.com/reports,,,,,,,,,,,,,
,,,,,,,,,,,,,,,,,,,,https://9f057df6115a4bb488c08ea12a835e6e@error-tracking.reddit.com/o418887/5810803,True,production,,,,,,,,
,,,,,,,,,,,,,,,,,,enabled,,,,,enabled,enabled,enabled,enabled,enabled,enabled,enabled,enabled
,,,,,,,,,,,,,,,,,,,"['https://www.reddit.com/r/webscraping/t support constructed stylesheets. See https:/lit.dev/docs/api/LitElement/#LitElement.styles        window.litNonce = ', 'https://www.redditstatic.com/avatars/defaults/v2/avatar_default_7.png', 'https://www.redditstatic.com/avatars/defaults/v2/avatar_default_5.png', 'https://www.redditstatic.com/avatars/defaults/v2/avatar_default_0.png', 'https://www.redditstatic.com/avatars/defaults/v2/avatar_default_4.png', 'https://www.redditstatic.com/avatars/defaults/v2/avatar_default_3.png', 'https://www.redditstatic.com/avatars/defaults/v2/avatar_default_6.png']",,,,,,,,,,,
https://www.reddit.com,com.reddit.RedditAppleSSO,https://devvit-gateway.reddit.com,705819728788-b2c1kcs7tst3b7ghv7at0hkqmtc68ckl.apps.googleusercontent.com,https://www.redditstatic.com/shreddit/,False,client-manifest.json,https://www.redditstatic.com/,https://www.reddit.com,https://www.reddit.com,['https://www.redditstatic.com/'],https://www.redditstatic.com/js/concat,https://www.redditstatic.com/shreddit/,https://events.redditmedia.com/v2j,ShredditFrontend-v1,eW9vM3lhZW00VW9naDVleGFlZm9lcGhlZTZQaG9o,False,https://w3-reporting.reddit.com/reports,,,,,,,,,,,,,
,,,,,,,,,,,,,,,,,,,,https://9f057df6115a4bb488c08ea12a835e6e@error-tracking.reddit.com/o418887/5810803,True,production,,,,,,,,
,,,,,,,,,,,,,,,,,,enabled,,,,,enabled,enabled,enabled,enabled,enabled,enabled,enabled,enabled
,,,,,,,,,,,,,,,,,,,"['https://www.reddit.com/r/webscraping/t support constructed stylesheets. See https:/lit.dev/docs/api/LitElement/#LitElement.styles        window.litNonce = ', 'https://www.redditstatic.com/avatars/defaults/v2/avatar_default_7.png', 'https://www.redditstatic.com/avatars/defaults/v2/avatar_default_5.png', 'https://www.redditstatic.com/avatars/defaults/v2/avatar_default_0.png', 'https://www.redditstatic.com/avatars/defaults/v2/avatar_default_4.png', 'https://www.redditstatic.com/avatars/defaults/v2/avatar_default_3.png', 'https://www.redditstatic.com/avatars/defaults/v2/avatar_default_6.png']",,,,,,,,,,,
https://www.reddit.com,com.reddit.RedditAppleSSO,https://devvit-gateway.reddit.com,705819728788-b2c1kcs7tst3b7ghv7at0hkqmtc68ckl.apps.googleusercontent.com,https://www.redditstatic.com/shreddit/,False,client-manifest.json,https://www.redditstatic.com/,https://www.reddit.com,https://www.reddit.com,['https://www.redditstatic.com/'],https://www.redditstatic.com/js/concat,https://www.redditstatic.com/shreddit/,https://events.redditmedia.com/v2j,ShredditFrontend-v1,eW9vM3lhZW00VW9naDVleGFlZm9lcGhlZTZQaG9o,False,https://w3-reporting.reddit.com/reports,,,,,,,,,,,,,
,,,,,,,,,,,,,,,,,,,,https://9f057df6115a4bb488c08ea12a835e6e@error-tracking.reddit.com/o418887/5810803,True,production,,,,,,,,
,,,,,,,,,,,,,,,,,,enabled,,,,,enabled,enabled,enabled,enabled,enabled,enabled,enabled,enabled
,,,,,,,,,,,,,,,,,,,"['https://www.reddit.com/r/webscraping/t support constructed stylesheets. See https:/lit.dev/docs/api/LitElement/#LitElement.styles        window.litNonce = ', 'https://www.redditstatic.com/avatars/defaults/v2/avatar_default_7.png', 'https://www.redditstatic.com/avatars/defaults/v2/avatar_default_5.png', 'https://www.redditstatic.com/avatars/defaults/v2/avatar_default_0.png', 'https://www.redditstatic.com/avatars/defaults/v2/avatar_default_4.png', 'https://www.redditstatic.com/avatars/defaults/v2/avatar_default_3.png', 'https://www.redditstatic.com/avatars/defaults/v2/avatar_default_6.png']",,,,,,,,,,,
https://www.reddit.com,com.reddit.RedditAppleSSO,https://devvit-gateway.reddit.com,705819728788-b2c1kcs7tst3b7ghv7at0hkqmtc68ckl.apps.googleusercontent.com,https://www.redditstatic.com/shreddit/,False,client-manifest.json,https://www.redditstatic.com/,https://www.reddit.com,https://www.reddit.com,['https://www.redditstatic.com/'],https://www.redditstatic.com/js/concat,https://www.redditstatic.com/shreddit/,https://events.redditmedia.com/v2j,ShredditFrontend-v1,eW9vM3lhZW00VW9naDVleGFlZm9lcGhlZTZQaG9o,False,https://w3-reporting.reddit.com/reports,,,,,,,,,,,,,
,,,,,,,,,,,,,,,,,,,,https://9f057df6115a4bb488c08ea12a835e6e@error-tracking.reddit.com/o418887/5810803,True,production,,,,,,,,
,,,,,,,,,,,,,,,,,,enabled,,,,,enabled,enabled,enabled,enabled,enabled,enabled,enabled,enabled
,,,,,,,,,,,,,,,,,,,"['https://www.reddit.com/r/webscraping/t support constructed stylesheets. See https:/lit.dev/docs/api/LitElement/#LitElement.styles        window.litNonce = ', 'https://www.redditstatic.com/avatars/defaults/v2/avatar_default_7.png', 'https://www.redditstatic.com/avatars/defaults/v2/avatar_default_5.png', 'https://www.redditstatic.com/avatars/defaults/v2/avatar_default_0.png', 'https://www.redditstatic.com/avatars/defaults/v2/avatar_default_4.png', 'https://www.redditstatic.com/avatars/defaults/v2/avatar_default_3.png', 'https://www.redditstatic.com/avatars/defaults/v2/avatar_default_6.png']",,,,,,,,,,,
https://www.reddit.com,com.reddit.RedditAppleSSO,https://devvit-gateway.reddit.com,705819728788-b2c1kcs7tst3b7ghv7at0hkqmtc68ckl.apps.googleusercontent.com,https://www.redditstatic.com/shreddit/,False,client-manifest.json,https://www.redditstatic.com/,https://www.reddit.com,https://www.reddit.com,['https://www.redditstatic.com/'],https://www.redditstatic.com/js/concat,https://www.redditstatic.com/shreddit/,https://events.redditmedia.com/v2j,ShredditFrontend-v1,eW9vM3lhZW00VW9naDVleGFlZm9lcGhlZTZQaG9o,False,https://w3-reporting.reddit.com/reports,,,,,,,,,,,,,
,,,,,,,,,,,,,,,,,,,,https://9f057df6115a4bb488c08ea12a835e6e@error-tracking.reddit.com/o418887/5810803,True,production,,,,,,,,
,,,,,,,,,,,,,,,,,,enabled,,,,,enabled,enabled,enabled,enabled,enabled,enabled,enabled,enabled
,,,,,,,,,,,,,,,,,,,"['https://www.reddit.com/r/webscraping/t support constructed stylesheets. See https:/lit.dev/docs/api/LitElement/#LitElement.styles        window.litNonce = ', 'https://www.redditstatic.com/avatars/defaults/v2/avatar_default_7.png', 'https://www.redditstatic.com/avatars/defaults/v2/avatar_default_5.png', 'https://www.redditstatic.com/avatars/defaults/v2/avatar_default_0.png', 'https://www.redditstatic.com/avatars/defaults/v2/avatar_default_4.png', 'https://www.redditstatic.com/avatars/defaults/v2/avatar_default_3.png', 'https://www.redditstatic.com/avatars/defaults/v2/avatar_default_6.png']",,,,,,,,,,,
https://www.reddit.com,com.reddit.RedditAppleSSO,https://devvit-gateway.reddit.com,705819728788-b2c1kcs7tst3b7ghv7at0hkqmtc68ckl.apps.googleusercontent.com,https://www.redditstatic.com/shreddit/,False,client-manifest.json,https://www.redditstatic.com/,https://www.reddit.com,https://www.reddit.com,['https://www.redditstatic.com/'],https://www.redditstatic.com/js/concat,https://www.redditstatic.com/shreddit/,https://events.redditmedia.com/v2j,ShredditFrontend-v1,eW9vM3lhZW00VW9naDVleGFlZm9lcGhlZTZQaG9o,False,https://w3-reporting.reddit.com/reports,,,,,,,,,,,,,
,,,,,,,,,,,,,,,,,,,,https://9f057df6115a4bb488c08ea12a835e6e@error-tracking.reddit.com/o418887/5810803,True,production,,,,,,,,
,,,,,,,,,,,,,,,,,,enabled,,,,,enabled,enabled,enabled,enabled,enabled,enabled,enabled,enabled
,,,,,,,,,,,,,,,,,,,"['https://www.reddit.com/r/webscraping/t support constructed stylesheets. See https:/lit.dev/docs/api/LitElement/#LitElement.styles        window.litNonce = ', 'https://www.redditstatic.com/avatars/defaults/v2/avatar_default_7.png', 'https://www.redditstatic.com/avatars/defaults/v2/avatar_default_5.png', 'https://www.redditstatic.com/avatars/defaults/v2/avatar_default_0.png', 'https://www.redditstatic.com/avatars/defaults/v2/avatar_default_4.png', 'https://www.redditstatic.com/avatars/defaults/v2/avatar_default_3.png', 'https://www.redditstatic.com/avatars/defaults/v2/avatar_default_6.png']",,,,,,,,,,,
https://www.reddit.com,com.reddit.RedditAppleSSO,https://devvit-gateway.reddit.com,705819728788-b2c1kcs7tst3b7ghv7at0hkqmtc68ckl.apps.googleusercontent.com,https://www.redditstatic.com/shreddit/,False,client-manifest.json,https://www.redditstatic.com/,https://www.reddit.com,https://www.reddit.com,['https://www.redditstatic.com/'],https://www.redditstatic.com/js/concat,https://www.redditstatic.com/shreddit/,https://events.redditmedia.com/v2j,ShredditFrontend-v1,eW9vM3lhZW00VW9naDVleGFlZm9lcGhlZTZQaG9o,False,https://w3-reporting.reddit.com/reports,,,,,,,,,,,,,
,,,,,,,,,,,,,,,,,,,,https://9f057df6115a4bb488c08ea12a835e6e@error-tracking.reddit.com/o418887/5810803,True,production,,,,,,,,
,,,,,,,,,,,,,,,,,,enabled,,,,,enabled,enabled,enabled,enabled,enabled,enabled,enabled,enabled
,,,,,,,,,,,,,,,,,,,"['https://www.reddit.com/r/webscraping/t support constructed stylesheets. See https:/lit.dev/docs/api/LitElement/#LitElement.styles        window.litNonce = ', 'https://www.redditstatic.com/avatars/defaults/v2/avatar_default_7.png', 'https://www.redditstatic.com/avatars/defaults/v2/avatar_default_5.png', 'https://www.redditstatic.com/avatars/defaults/v2/avatar_default_0.png', 'https://www.redditstatic.com/avatars/defaults/v2/avatar_default_4.png', 'https://www.redditstatic.com/avatars/defaults/v2/avatar_default_3.png', 'https://www.redditstatic.com/avatars/defaults/v2/avatar_default_6.png']",,,,,,,,,,,
https://www.reddit.com,com.reddit.RedditAppleSSO,https://devvit-gateway.reddit.com,705819728788-b2c1kcs7tst3b7ghv7at0hkqmtc68ckl.apps.googleusercontent.com,https://www.redditstatic.com/shreddit/,False,client-manifest.json,https://www.redditstatic.com/,https://www.reddit.com,https://www.reddit.com,['https://www.redditstatic.com/'],https://www.redditstatic.com/js/concat,https://www.redditstatic.com/shreddit/,https://events.redditmedia.com/v2j,ShredditFrontend-v1,eW9vM3lhZW00VW9naDVleGFlZm9lcGhlZTZQaG9o,False,https://w3-reporting.reddit.com/reports,,,,,,,,,,,,,
,,,,,,,,,,,,,,,,,,,,https://9f057df6115a4bb488c08ea12a835e6e@error-tracking.reddit.com/o418887/5810803,True,production,,,,,,,,
,,,,,,,,,,,,,,,,,,enabled,,,,,enabled,enabled,enabled,enabled,enabled,enabled,enabled,enabled
,,,,,,,,,,,,,,,,,,,"['https://www.reddit.com/r/webscraping/t support constructed stylesheets. See https:/lit.dev/docs/api/LitElement/#LitElement.styles        window.litNonce = ', 'https://www.redditstatic.com/avatars/defaults/v2/avatar_default_7.png', 'https://www.redditstatic.com/avatars/defaults/v2/avatar_default_5.png', 'https://www.redditstatic.com/avatars/defaults/v2/avatar_default_0.png', 'https://www.redditstatic.com/avatars/defaults/v2/avatar_default_4.png', 'https://www.redditstatic.com/avatars/defaults/v2/avatar_default_3.png', 'https://www.redditstatic.com/avatars/defaults/v2/avatar_default_6.png']",,,,,,,,,,,
https://www.reddit.com,com.reddit.RedditAppleSSO,https://devvit-gateway.reddit.com,705819728788-b2c1kcs7tst3b7ghv7at0hkqmtc68ckl.apps.googleusercontent.com,https://www.redditstatic.com/shreddit/,False,client-manifest.json,https://www.redditstatic.com/,https://www.reddit.com,https://www.reddit.com,['https://www.redditstatic.com/'],https://www.redditstatic.com/js/concat,https://www.redditstatic.com/shreddit/,https://events.redditmedia.com/v2j,ShredditFrontend-v1,eW9vM3lhZW00VW9naDVleGFlZm9lcGhlZTZQaG9o,False,https://w3-reporting.reddit.com/reports,,,,,,,,,,,,,
,,,,,,,,,,,,,,,,,,,,https://9f057df6115a4bb488c08ea12a835e6e@error-tracking.reddit.com/o418887/5810803,True,production,,,,,,,,
,,,,,,,,,,,,,,,,,,enabled,,,,,enabled,enabled,enabled,enabled,enabled,enabled,enabled,enabled
,,,,,,,,,,,,,,,,,,,"['https://www.reddit.com/r/webscraping/t support constructed stylesheets. See https:/lit.dev/docs/api/LitElement/#LitElement.styles        window.litNonce = ', 'https://www.redditstatic.com/avatars/defaults/v2/avatar_default_7.png', 'https://www.redditstatic.com/avatars/defaults/v2/avatar_default_5.png', 'https://www.redditstatic.com/avatars/defaults/v2/avatar_default_0.png', 'https://www.redditstatic.com/avatars/defaults/v2/avatar_default_4.png', 'https://www.redditstatic.com/avatars/defaults/v2/avatar_default_3.png', 'https://www.redditstatic.com/avatars/defaults/v2/avatar_default_6.png']",,,,,,,,,,,
https://www.reddit.com,com.reddit.RedditAppleSSO,https://devvit-gateway.reddit.com,705819728788-b2c1kcs7tst3b7ghv7at0hkqmtc68ckl.apps.googleusercontent.com,https://www.redditstatic.com/shreddit/,False,client-manifest.json,https://www.redditstatic.com/,https://www.reddit.com,https://www.reddit.com,['https://www.redditstatic.com/'],https://www.redditstatic.com/js/concat,https://www.redditstatic.com/shreddit/,https://events.redditmedia.com/v2j,ShredditFrontend-v1,eW9vM3lhZW00VW9naDVleGFlZm9lcGhlZTZQaG9o,False,https://w3-reporting.reddit.com/reports,,,,,,,,,,,,,
,,,,,,,,,,,,,,,,,,,,https://9f057df6115a4bb488c08ea12a835e6e@error-tracking.reddit.com/o418887/5810803,True,production,,,,,,,,
,,,,,,,,,,,,,,,,,,enabled,,,,,enabled,enabled,enabled,enabled,enabled,enabled,enabled,enabled
,,,,,,,,,,,,,,,,,,,"['https://www.reddit.com/r/webscraping/t support constructed stylesheets. See https:/lit.dev/docs/api/LitElement/#LitElement.styles        window.litNonce = ', 'https://www.redditstatic.com/avatars/defaults/v2/avatar_default_7.png', 'https://www.redditstatic.com/avatars/defaults/v2/avatar_default_5.png', 'https://www.redditstatic.com/avatars/defaults/v2/avatar_default_0.png', 'https://www.redditstatic.com/avatars/defaults/v2/avatar_default_4.png', 'https://www.redditstatic.com/avatars/defaults/v2/avatar_default_3.png', 'https://www.redditstatic.com/avatars/defaults/v2/avatar_default_6.png']",,,,,,,,,,,
https://www.reddit.com,com.reddit.RedditAppleSSO,https://devvit-gateway.reddit.com,705819728788-b2c1kcs7tst3b7ghv7at0hkqmtc68ckl.apps.googleusercontent.com,https://www.redditstatic.com/shreddit/,False,client-manifest.json,https://www.redditstatic.com/,https://www.reddit.com,https://www.reddit.com,['https://www.redditstatic.com/'],https://www.redditstatic.com/js/concat,https://www.redditstatic.com/shreddit/,https://events.redditmedia.com/v2j,ShredditFrontend-v1,eW9vM3lhZW00VW9naDVleGFlZm9lcGhlZTZQaG9o,False,https://w3-reporting.reddit.com/reports,,,,,,,,,,,,,
,,,,,,,,,,,,,,,,,,,,https://9f057df6115a4bb488c08ea12a835e6e@error-tracking.reddit.com/o418887/5810803,True,production,,,,,,,,
,,,,,,,,,,,,,,,,,,enabled,,,,,enabled,enabled,enabled,enabled,enabled,enabled,enabled,enabled
,,,,,,,,,,,,,,,,,,,"['https://www.reddit.com/r/webscraping/t support constructed stylesheets. See https:/lit.dev/docs/api/LitElement/#LitElement.styles        window.litNonce = ', 'https://www.redditstatic.com/avatars/defaults/v2/avatar_default_7.png', 'https://www.redditstatic.com/avatars/defaults/v2/avatar_default_5.png', 'https://www.redditstatic.com/avatars/defaults/v2/avatar_default_0.png', 'https://www.redditstatic.com/avatars/defaults/v2/avatar_default_4.png', 'https://www.redditstatic.com/avatars/defaults/v2/avatar_default_3.png', 'https://www.redditstatic.com/avatars/defaults/v2/avatar_default_6.png']",,,,,,,,,,,
https://www.reddit.com,com.reddit.RedditAppleSSO,https://devvit-gateway.reddit.com,705819728788-b2c1kcs7tst3b7ghv7at0hkqmtc68ckl.apps.googleusercontent.com,https://www.redditstatic.com/shreddit/,False,client-manifest.json,https://www.redditstatic.com/,https://www.reddit.com,https://www.reddit.com,['https://www.redditstatic.com/'],https://www.redditstatic.com/js/concat,https://www.redditstatic.com/shreddit/,https://events.redditmedia.com/v2j,ShredditFrontend-v1,eW9vM3lhZW00VW9naDVleGFlZm9lcGhlZTZQaG9o,False,https://w3-reporting.reddit.com/reports,,,,,,,,,,,,,
,,,,,,,,,,,,,,,,,,,,https://9f057df6115a4bb488c08ea12a835e6e@error-tracking.reddit.com/o418887/5810803,True,production,,,,,,,,
,,,,,,,,,,,,,,,,,,enabled,,,,,enabled,enabled,enabled,enabled,enabled,enabled,enabled,enabled
,,,,,,,,,,,,,,,,,,,"['https://www.reddit.com/r/webscraping/t support constructed stylesheets. See https:/lit.dev/docs/api/LitElement/#LitElement.styles        window.litNonce = ', 'https://www.redditstatic.com/avatars/defaults/v2/avatar_default_7.png', 'https://www.redditstatic.com/avatars/defaults/v2/avatar_default_5.png', 'https://www.redditstatic.com/avatars/defaults/v2/avatar_default_0.png', 'https://www.redditstatic.com/avatars/defaults/v2/avatar_default_4.png', 'https://www.redditstatic.com/avatars/defaults/v2/avatar_default_3.png', 'https://www.redditstatic.com/avatars/defaults/v2/avatar_default_6.png']",,,,,,,,,,,
https://www.reddit.com,com.reddit.RedditAppleSSO,https://devvit-gateway.reddit.com,705819728788-b2c1kcs7tst3b7ghv7at0hkqmtc68ckl.apps.googleusercontent.com,https://www.redditstatic.com/shreddit/,False,client-manifest.json,https://www.redditstatic.com/,https://www.reddit.com,https://www.reddit.com,['https://www.redditstatic.com/'],https://www.redditstatic.com/js/concat,https://www.redditstatic.com/shreddit/,https://events.redditmedia.com/v2j,ShredditFrontend-v1,eW9vM3lhZW00VW9naDVleGFlZm9lcGhlZTZQaG9o,False,https://w3-reporting.reddit.com/reports,,,,,,,,,,,,,
,,,,,,,,,,,,,,,,,,,,https://9f057df6115a4bb488c08ea12a835e6e@error-tracking.reddit.com/o418887/5810803,True,production,,,,,,,,
,,,,,,,,,,,,,,,,,,enabled,,,,,enabled,enabled,enabled,enabled,enabled,enabled,enabled,enabled
,,,,,,,,,,,,,,,,,,,"['https://www.reddit.com/r/webscraping/t support constructed stylesheets. See https:/lit.dev/docs/api/LitElement/#LitElement.styles        window.litNonce = ', 'https://www.redditstatic.com/avatars/defaults/v2/avatar_default_7.png', 'https://www.redditstatic.com/avatars/defaults/v2/avatar_default_5.png', 'https://www.redditstatic.com/avatars/defaults/v2/avatar_default_0.png', 'https://www.redditstatic.com/avatars/defaults/v2/avatar_default_4.png', 'https://www.redditstatic.com/avatars/defaults/v2/avatar_default_3.png', 'https://www.redditstatic.com/avatars/defaults/v2/avatar_default_6.png']",,,,,,,,,,,
https://www.reddit.com,com.reddit.RedditAppleSSO,https://devvit-gateway.reddit.com,705819728788-b2c1kcs7tst3b7ghv7at0hkqmtc68ckl.apps.googleusercontent.com,https://www.redditstatic.com/shreddit/,False,client-manifest.json,https://www.redditstatic.com/,https://www.reddit.com,https://www.reddit.com,['https://www.redditstatic.com/'],https://www.redditstatic.com/js/concat,https://www.redditstatic.com/shreddit/,https://events.redditmedia.com/v2j,ShredditFrontend-v1,eW9vM3lhZW00VW9naDVleGFlZm9lcGhlZTZQaG9o,False,https://w3-reporting.reddit.com/reports,,,,,,,,,,,,,
,,,,,,,,,,,,,,,,,,,,https://9f057df6115a4bb488c08ea12a835e6e@error-tracking.reddit.com/o418887/5810803,True,production,,,,,,,,
,,,,,,,,,,,,,,,,,,enabled,,,,,enabled,enabled,enabled,enabled,enabled,enabled,enabled,enabled
,,,,,,,,,,,,,,,,,,,"['https://www.reddit.com/r/webscraping/t support constructed stylesheets. See https:/lit.dev/docs/api/LitElement/#LitElement.styles        window.litNonce = ', 'https://www.redditstatic.com/avatars/defaults/v2/avatar_default_7.png', 'https://www.redditstatic.com/avatars/defaults/v2/avatar_default_5.png', 'https://www.redditstatic.com/avatars/defaults/v2/avatar_default_0.png', 'https://www.redditstatic.com/avatars/defaults/v2/avatar_default_4.png', 'https://www.redditstatic.com/avatars/defaults/v2/avatar_default_3.png', 'https://www.redditstatic.com/avatars/defaults/v2/avatar_default_6.png']",,,,,,,,,,,
https://www.reddit.com,com.reddit.RedditAppleSSO,https://devvit-gateway.reddit.com,705819728788-b2c1kcs7tst3b7ghv7at0hkqmtc68ckl.apps.googleusercontent.com,https://www.redditstatic.com/shreddit/,False,client-manifest.json,https://www.redditstatic.com/,https://www.reddit.com,https://www.reddit.com,['https://www.redditstatic.com/'],https://www.redditstatic.com/js/concat,https://www.redditstatic.com/shreddit/,https://events.redditmedia.com/v2j,ShredditFrontend-v1,eW9vM3lhZW00VW9naDVleGFlZm9lcGhlZTZQaG9o,False,https://w3-reporting.reddit.com/reports,,,,,,,,,,,,,
,,,,,,,,,,,,,,,,,,,,https://9f057df6115a4bb488c08ea12a835e6e@error-tracking.reddit.com/o418887/5810803,True,production,,,,,,,,
,,,,,,,,,,,,,,,,,,enabled,,,,,enabled,enabled,enabled,enabled,enabled,enabled,enabled,enabled
,,,,,,,,,,,,,,,,,,,"['https://www.reddit.com/r/webscraping/t support constructed stylesheets. See https:/lit.dev/docs/api/LitElement/#LitElement.styles        window.litNonce = ', 'https://www.redditstatic.com/avatars/defaults/v2/avatar_default_7.png', 'https://www.redditstatic.com/avatars/defaults/v2/avatar_default_5.png', 'https://www.redditstatic.com/avatars/defaults/v2/avatar_default_0.png', 'https://www.redditstatic.com/avatars/defaults/v2/avatar_default_4.png', 'https://www.redditstatic.com/avatars/defaults/v2/avatar_default_3.png', 'https://www.redditstatic.com/avatars/defaults/v2/avatar_default_6.png']",,,,,,,,,,,
https://www.reddit.com,com.reddit.RedditAppleSSO,https://devvit-gateway.reddit.com,705819728788-b2c1kcs7tst3b7ghv7at0hkqmtc68ckl.apps.googleusercontent.com,https://www.redditstatic.com/shreddit/,False,client-manifest.json,https://www.redditstatic.com/,https://www.reddit.com,https://www.reddit.com,['https://www.redditstatic.com/'],https://www.redditstatic.com/js/concat,https://www.redditstatic.com/shreddit/,https://events.redditmedia.com/v2j,ShredditFrontend-v1,eW9vM3lhZW00VW9naDVleGFlZm9lcGhlZTZQaG9o,False,https://w3-reporting.reddit.com/reports,,,,,,,,,,,,,
,,,,,,,,,,,,,,,,,,,,https://9f057df6115a4bb488c08ea12a835e6e@error-tracking.reddit.com/o418887/5810803,True,production,,,,,,,,
,,,,,,,,,,,,,,,,,,enabled,,,,,enabled,enabled,enabled,enabled,enabled,enabled,enabled,enabled
,,,,,,,,,,,,,,,,,,,"['https://www.reddit.com/r/webscraping/t support constructed stylesheets. See https:/lit.dev/docs/api/LitElement/#LitElement.styles        window.litNonce = ', 'https://www.redditstatic.com/avatars/defaults/v2/avatar_default_7.png', 'https://www.redditstatic.com/avatars/defaults/v2/avatar_default_5.png', 'https://www.redditstatic.com/avatars/defaults/v2/avatar_default_0.png', 'https://www.redditstatic.com/avatars/defaults/v2/avatar_default_4.png', 'https://www.redditstatic.com/avatars/defaults/v2/avatar_default_3.png', 'https://www.redditstatic.com/avatars/defaults/v2/avatar_default_6.png']",,,,,,,,,,,
https://www.reddit.com,com.reddit.RedditAppleSSO,https://devvit-gateway.reddit.com,705819728788-b2c1kcs7tst3b7ghv7at0hkqmtc68ckl.apps.googleusercontent.com,https://www.redditstatic.com/shreddit/,False,client-manifest.json,https://www.redditstatic.com/,https://www.reddit.com,https://www.reddit.com,['https://www.redditstatic.com/'],https://www.redditstatic.com/js/concat,https://www.redditstatic.com/shreddit/,https://events.redditmedia.com/v2j,ShredditFrontend-v1,eW9vM3lhZW00VW9naDVleGFlZm9lcGhlZTZQaG9o,False,https://w3-reporting.reddit.com/reports,,,,,,,,,,,,,
,,,,,,,,,,,,,,,,,,,,https://9f057df6115a4bb488c08ea12a835e6e@error-tracking.reddit.com/o418887/5810803,True,production,,,,,,,,
,,,,,,,,,,,,,,,,,,enabled,,,,,enabled,enabled,enabled,enabled,enabled,enabled,enabled,enabled
,,,,,,,,,,,,,,,,,,,"['https://www.reddit.com/r/webscraping/t support constructed stylesheets. See https:/lit.dev/docs/api/LitElement/#LitElement.styles        window.litNonce = ', 'https://www.redditstatic.com/avatars/defaults/v2/avatar_default_7.png', 'https://www.redditstatic.com/avatars/defaults/v2/avatar_default_5.png', 'https://www.redditstatic.com/avatars/defaults/v2/avatar_default_0.png', 'https://www.redditstatic.com/avatars/defaults/v2/avatar_default_4.png', 'https://www.redditstatic.com/avatars/defaults/v2/avatar_default_3.png', 'https://www.redditstatic.com/avatars/defaults/v2/avatar_default_6.png']",,,,,,,,,,,
https://www.reddit.com,com.reddit.RedditAppleSSO,https://devvit-gateway.reddit.com,705819728788-b2c1kcs7tst3b7ghv7at0hkqmtc68ckl.apps.googleusercontent.com,https://www.redditstatic.com/shreddit/,False,client-manifest.json,https://www.redditstatic.com/,https://www.reddit.com,https://www.reddit.com,['https://www.redditstatic.com/'],https://www.redditstatic.com/js/concat,https://www.redditstatic.com/shreddit/,https://events.redditmedia.com/v2j,ShredditFrontend-v1,eW9vM3lhZW00VW9naDVleGFlZm9lcGhlZTZQaG9o,False,https://w3-reporting.reddit.com/reports,,,,,,,,,,,,,
,,,,,,,,,,,,,,,,,,,,https://9f057df6115a4bb488c08ea12a835e6e@error-tracking.reddit.com/o418887/5810803,True,production,,,,,,,,
,,,,,,,,,,,,,,,,,,enabled,,,,,enabled,enabled,enabled,enabled,enabled,enabled,enabled,enabled
,,,,,,,,,,,,,,,,,,,"['https://www.reddit.com/r/webscraping/t support constructed stylesheets. See https:/lit.dev/docs/api/LitElement/#LitElement.styles        window.litNonce = ', 'https://www.redditstatic.com/avatars/defaults/v2/avatar_default_7.png', 'https://www.redditstatic.com/avatars/defaults/v2/avatar_default_5.png', 'https://www.redditstatic.com/avatars/defaults/v2/avatar_default_0.png', 'https://www.redditstatic.com/avatars/defaults/v2/avatar_default_4.png', 'https://www.redditstatic.com/avatars/defaults/v2/avatar_default_3.png', 'https://www.redditstatic.com/avatars/defaults/v2/avatar_default_6.png']",,,,,,,,,,,
https://www.reddit.com,com.reddit.RedditAppleSSO,https://devvit-gateway.reddit.com,705819728788-b2c1kcs7tst3b7ghv7at0hkqmtc68ckl.apps.googleusercontent.com,https://www.redditstatic.com/shreddit/,False,client-manifest.json,https://www.redditstatic.com/,https://www.reddit.com,https://www.reddit.com,['https://www.redditstatic.com/'],https://www.redditstatic.com/js/concat,https://www.redditstatic.com/shreddit/,https://events.redditmedia.com/v2j,ShredditFrontend-v1,eW9vM3lhZW00VW9naDVleGFlZm9lcGhlZTZQaG9o,False,https://w3-reporting.reddit.com/reports,,,,,,,,,,,,,
,,,,,,,,,,,,,,,,,,,,https://9f057df6115a4bb488c08ea12a835e6e@error-tracking.reddit.com/o418887/5810803,True,production,,,,,,,,
,,,,,,,,,,,,,,,,,,enabled,,,,,enabled,enabled,enabled,enabled,enabled,enabled,enabled,enabled
,,,,,,,,,,,,,,,,,,,"['https://www.reddit.com/r/webscraping/t support constructed stylesheets. See https:/lit.dev/docs/api/LitElement/#LitElement.styles        window.litNonce = ', 'https://www.redditstatic.com/avatars/defaults/v2/avatar_default_6.png', 'https://www.redditstatic.com/avatars/defaults/v2/avatar_default_7.png', 'https://www.redditstatic.com/avatars/defaults/v2/avatar_default_5.png', 'https://www.redditstatic.com/avatars/defaults/v2/avatar_default_0.png', 'https://www.redditstatic.com/avatars/defaults/v2/avatar_default_4.png', 'https://www.redditstatic.com/avatars/defaults/v2/avatar_default_3.png']",,,,,,,,,,,
https://www.reddit.com,com.reddit.RedditAppleSSO,https://devvit-gateway.reddit.com,705819728788-b2c1kcs7tst3b7ghv7at0hkqmtc68ckl.apps.googleusercontent.com,https://www.redditstatic.com/shreddit/,False,client-manifest.json,https://www.redditstatic.com/,https://www.reddit.com,https://www.reddit.com,['https://www.redditstatic.com/'],https://www.redditstatic.com/js/concat,https://www.redditstatic.com/shreddit/,https://events.redditmedia.com/v2j,ShredditFrontend-v1,eW9vM3lhZW00VW9naDVleGFlZm9lcGhlZTZQaG9o,False,https://w3-reporting.reddit.com/reports,,,,,,,,,,,,,
,,,,,,,,,,,,,,,,,,,,https://9f057df6115a4bb488c08ea12a835e6e@error-tracking.reddit.com/o418887/5810803,True,production,,,,,,,,
,,,,,,,,,,,,,,,,,,enabled,,,,,enabled,enabled,enabled,enabled,enabled,enabled,enabled,enabled
,,,,,,,,,,,,,,,,,,,"['https://www.reddit.com/r/webscraping/t support constructed stylesheets. See https:/lit.dev/docs/api/LitElement/#LitElement.styles        window.litNonce = ', 'https://www.redditstatic.com/avatars/defaults/v2/avatar_default_7.png', 'https://www.redditstatic.com/avatars/defaults/v2/avatar_default_5.png', 'https://www.redditstatic.com/avatars/defaults/v2/avatar_default_0.png', 'https://www.redditstatic.com/avatars/defaults/v2/avatar_default_4.png', 'https://www.redditstatic.com/avatars/defaults/v2/avatar_default_3.png', 'https://www.redditstatic.com/avatars/defaults/v2/avatar_default_6.png']",,,,,,,,,,,
https://www.reddit.com,com.reddit.RedditAppleSSO,https://devvit-gateway.reddit.com,705819728788-b2c1kcs7tst3b7ghv7at0hkqmtc68ckl.apps.googleusercontent.com,https://www.redditstatic.com/shreddit/,False,client-manifest.json,https://www.redditstatic.com/,https://www.reddit.com,https://www.reddit.com,['https://www.redditstatic.com/'],https://www.redditstatic.com/js/concat,https://www.redditstatic.com/shreddit/,https://events.redditmedia.com/v2j,ShredditFrontend-v1,eW9vM3lhZW00VW9naDVleGFlZm9lcGhlZTZQaG9o,False,https://w3-reporting.reddit.com/reports,,,,,,,,,,,,,
,,,,,,,,,,,,,,,,,,,,https://9f057df6115a4bb488c08ea12a835e6e@error-tracking.reddit.com/o418887/5810803,True,production,,,,,,,,
,,,,,,,,,,,,,,,,,,enabled,,,,,enabled,enabled,enabled,enabled,enabled,enabled,enabled,enabled
,,,,,,,,,,,,,,,,,,,"['https://www.reddit.com/r/webscraping/t support constructed stylesheets. See https:/lit.dev/docs/api/LitElement/#LitElement.styles        window.litNonce = ', 'https://www.redditstatic.com/avatars/defaults/v2/avatar_default_7.png', 'https://www.redditstatic.com/avatars/defaults/v2/avatar_default_5.png', 'https://www.redditstatic.com/avatars/defaults/v2/avatar_default_2.png', 'https://www.redditstatic.com/avatars/defaults/v2/avatar_default_0.png', 'https://www.redditstatic.com/avatars/defaults/v2/avatar_default_4.png', 'https://www.redditstatic.com/avatars/defaults/v2/avatar_default_3.png', 'https://www.redditstatic.com/avatars/defaults/v2/avatar_default_6.png']",,,,,,,,,,,
https://www.reddit.com,com.reddit.RedditAppleSSO,https://devvit-gateway.reddit.com,705819728788-b2c1kcs7tst3b7ghv7at0hkqmtc68ckl.apps.googleusercontent.com,https://www.redditstatic.com/shreddit/,False,client-manifest.json,https://www.redditstatic.com/,https://www.reddit.com,https://www.reddit.com,['https://www.redditstatic.com/'],https://www.redditstatic.com/js/concat,https://www.redditstatic.com/shreddit/,https://events.redditmedia.com/v2j,ShredditFrontend-v1,eW9vM3lhZW00VW9naDVleGFlZm9lcGhlZTZQaG9o,False,https://w3-reporting.reddit.com/reports,,,,,,,,,,,,,
,,,,,,,,,,,,,,,,,,,,https://9f057df6115a4bb488c08ea12a835e6e@error-tracking.reddit.com/o418887/5810803,True,production,,,,,,,,
,,,,,,,,,,,,,,,,,,enabled,,,,,enabled,enabled,enabled,enabled,enabled,enabled,enabled,enabled
,,,,,,,,,,,,,,,,,,,"['https://www.reddit.com/r/webscraping/t support constructed stylesheets. See https:/lit.dev/docs/api/LitElement/#LitElement.styles        window.litNonce = ', 'https://www.redditstatic.com/avatars/defaults/v2/avatar_default_7.png', 'https://www.redditstatic.com/avatars/defaults/v2/avatar_default_5.png', 'https://www.redditstatic.com/avatars/defaults/v2/avatar_default_0.png', 'https://www.redditstatic.com/avatars/defaults/v2/avatar_default_4.png', 'https://www.redditstatic.com/avatars/defaults/v2/avatar_default_3.png', 'https://www.redditstatic.com/avatars/defaults/v2/avatar_default_6.png']",,,,,,,,,,,
https://www.reddit.com,com.reddit.RedditAppleSSO,https://devvit-gateway.reddit.com,705819728788-b2c1kcs7tst3b7ghv7at0hkqmtc68ckl.apps.googleusercontent.com,https://www.redditstatic.com/shreddit/,False,client-manifest.json,https://www.redditstatic.com/,https://www.reddit.com,https://www.reddit.com,['https://www.redditstatic.com/'],https://www.redditstatic.com/js/concat,https://www.redditstatic.com/shreddit/,https://events.redditmedia.com/v2j,ShredditFrontend-v1,eW9vM3lhZW00VW9naDVleGFlZm9lcGhlZTZQaG9o,False,https://w3-reporting.reddit.com/reports,,,,,,,,,,,,,
,,,,,,,,,,,,,,,,,,,,https://9f057df6115a4bb488c08ea12a835e6e@error-tracking.reddit.com/o418887/5810803,True,production,,,,,,,,
,,,,,,,,,,,,,,,,,,enabled,,,,,enabled,enabled,enabled,enabled,enabled,enabled,enabled,enabled
,,,,,,,,,,,,,,,,,,,"['https://www.reddit.com/r/webscraping/t support constructed stylesheets. See https:/lit.dev/docs/api/LitElement/#LitElement.styles        window.litNonce = ', 'https://www.redditstatic.com/avatars/defaults/v2/avatar_default_7.png', 'https://www.redditstatic.com/avatars/defaults/v2/avatar_default_5.png', 'https://www.redditstatic.com/avatars/defaults/v2/avatar_default_0.png', 'https://www.redditstatic.com/avatars/defaults/v2/avatar_default_4.png', 'https://www.redditstatic.com/avatars/defaults/v2/avatar_default_3.png', 'https://www.redditstatic.com/avatars/defaults/v2/avatar_default_6.png']",,,,,,,,,,,
https://www.reddit.com,com.reddit.RedditAppleSSO,https://devvit-gateway.reddit.com,705819728788-b2c1kcs7tst3b7ghv7at0hkqmtc68ckl.apps.googleusercontent.com,https://www.redditstatic.com/shreddit/,False,client-manifest.json,https://www.redditstatic.com/,https://www.reddit.com,https://www.reddit.com,['https://www.redditstatic.com/'],https://www.redditstatic.com/js/concat,https://www.redditstatic.com/shreddit/,https://events.redditmedia.com/v2j,ShredditFrontend-v1,eW9vM3lhZW00VW9naDVleGFlZm9lcGhlZTZQaG9o,False,https://w3-reporting.reddit.com/reports,,,,,,,,,,,,,
,,,,,,,,,,,,,,,,,,,,https://9f057df6115a4bb488c08ea12a835e6e@error-tracking.reddit.com/o418887/5810803,True,production,,,,,,,,
,,,,,,,,,,,,,,,,,,enabled,,,,,enabled,enabled,enabled,enabled,enabled,enabled,enabled,enabled
,,,,,,,,,,,,,,,,,,,"['https://www.reddit.com/r/webscraping/t support constructed stylesheets. See https:/lit.dev/docs/api/LitElement/#LitElement.styles        window.litNonce = ', 'https://www.redditstatic.com/avatars/defaults/v2/avatar_default_7.png', 'https://www.redditstatic.com/avatars/defaults/v2/avatar_default_5.png', 'https://www.redditstatic.com/avatars/defaults/v2/avatar_default_0.png', 'https://www.redditstatic.com/avatars/defaults/v2/avatar_default_4.png', 'https://www.redditstatic.com/avatars/defaults/v2/avatar_default_3.png', 'https://www.redditstatic.com/avatars/defaults/v2/avatar_default_6.png']",,,,,,,,,,,
https://www.reddit.com,com.reddit.RedditAppleSSO,https://devvit-gateway.reddit.com,705819728788-b2c1kcs7tst3b7ghv7at0hkqmtc68ckl.apps.googleusercontent.com,https://www.redditstatic.com/shreddit/,False,client-manifest.json,https://www.redditstatic.com/,https://www.reddit.com,https://www.reddit.com,['https://www.redditstatic.com/'],https://www.redditstatic.com/js/concat,https://www.redditstatic.com/shreddit/,https://events.redditmedia.com/v2j,ShredditFrontend-v1,eW9vM3lhZW00VW9naDVleGFlZm9lcGhlZTZQaG9o,False,https://w3-reporting.reddit.com/reports,,,,,,,,,,,,,
,,,,,,,,,,,,,,,,,,,,https://9f057df6115a4bb488c08ea12a835e6e@error-tracking.reddit.com/o418887/5810803,True,production,,,,,,,,
,,,,,,,,,,,,,,,,,,enabled,,,,,enabled,enabled,enabled,enabled,enabled,enabled,enabled,enabled
,,,,,,,,,,,,,,,,,,,"['https://www.reddit.com/r/webscraping/t support constructed stylesheets. See https:/lit.dev/docs/api/LitElement/#LitElement.styles        window.litNonce = ', 'https://www.redditstatic.com/avatars/defaults/v2/avatar_default_7.png', 'https://www.redditstatic.com/avatars/defaults/v2/avatar_default_5.png', 'https://www.redditstatic.com/avatars/defaults/v2/avatar_default_0.png', 'https://www.redditstatic.com/avatars/defaults/v2/avatar_default_4.png', 'https://www.redditstatic.com/avatars/defaults/v2/avatar_default_3.png', 'https://www.redditstatic.com/avatars/defaults/v2/avatar_default_6.png']",,,,,,,,,,,
https://www.reddit.com,com.reddit.RedditAppleSSO,https://devvit-gateway.reddit.com,705819728788-b2c1kcs7tst3b7ghv7at0hkqmtc68ckl.apps.googleusercontent.com,https://www.redditstatic.com/shreddit/,False,client-manifest.json,https://www.redditstatic.com/,https://www.reddit.com,https://www.reddit.com,['https://www.redditstatic.com/'],https://www.redditstatic.com/js/concat,https://www.redditstatic.com/shreddit/,https://events.redditmedia.com/v2j,ShredditFrontend-v1,eW9vM3lhZW00VW9naDVleGFlZm9lcGhlZTZQaG9o,False,https://w3-reporting.reddit.com/reports,,,,,,,,,,,,,
,,,,,,,,,,,,,,,,,,,,https://9f057df6115a4bb488c08ea12a835e6e@error-tracking.reddit.com/o418887/5810803,True,production,,,,,,,,
,,,,,,,,,,,,,,,,,,enabled,,,,,enabled,enabled,enabled,enabled,enabled,enabled,enabled,enabled
,,,,,,,,,,,,,,,,,,,"['https://www.reddit.com/r/webscraping/t support constructed stylesheets. See https:/lit.dev/docs/api/LitElement/#LitElement.styles        window.litNonce = ', 'https://www.redditstatic.com/avatars/defaults/v2/avatar_default_7.png', 'https://www.redditstatic.com/avatars/defaults/v2/avatar_default_5.png', 'https://www.redditstatic.com/avatars/defaults/v2/avatar_default_0.png', 'https://www.redditstatic.com/avatars/defaults/v2/avatar_default_4.png', 'https://www.redditstatic.com/avatars/defaults/v2/avatar_default_3.png', 'https://www.redditstatic.com/avatars/defaults/v2/avatar_default_1.png', 'https://www.redditstatic.com/avatars/defaults/v2/avatar_default_6.png']",,,,,,,,,,,
https://www.reddit.com,com.reddit.RedditAppleSSO,https://devvit-gateway.reddit.com,705819728788-b2c1kcs7tst3b7ghv7at0hkqmtc68ckl.apps.googleusercontent.com,https://www.redditstatic.com/shreddit/,False,client-manifest.json,https://www.redditstatic.com/,https://www.reddit.com,https://www.reddit.com,['https://www.redditstatic.com/'],https://www.redditstatic.com/js/concat,https://www.redditstatic.com/shreddit/,https://events.redditmedia.com/v2j,ShredditFrontend-v1,eW9vM3lhZW00VW9naDVleGFlZm9lcGhlZTZQaG9o,False,https://w3-reporting.reddit.com/reports,,,,,,,,,,,,,
,,,,,,,,,,,,,,,,,,,,https://9f057df6115a4bb488c08ea12a835e6e@error-tracking.reddit.com/o418887/5810803,True,production,,,,,,,,
,,,,,,,,,,,,,,,,,,enabled,,,,,enabled,enabled,enabled,enabled,enabled,enabled,enabled,enabled
,,,,,,,,,,,,,,,,,,,"['https://www.reddit.com/r/webscraping/t support constructed stylesheets. See https:/lit.dev/docs/api/LitElement/#LitElement.styles        window.litNonce = ', 'https://www.redditstatic.com/avatars/defaults/v2/avatar_default_7.png', 'https://www.redditstatic.com/avatars/defaults/v2/avatar_default_5.png', 'https://www.redditstatic.com/avatars/defaults/v2/avatar_default_0.png', 'https://www.redditstatic.com/avatars/defaults/v2/avatar_default_1.png', 'https://www.redditstatic.com/avatars/defaults/v2/avatar_default_4.png', 'https://www.redditstatic.com/avatars/defaults/v2/avatar_default_3.png', 'https://www.redditstatic.com/avatars/defaults/v2/avatar_default_6.png']",,,,,,,,,,,
https://www.reddit.com,com.reddit.RedditAppleSSO,https://devvit-gateway.reddit.com,705819728788-b2c1kcs7tst3b7ghv7at0hkqmtc68ckl.apps.googleusercontent.com,https://www.redditstatic.com/shreddit/,False,client-manifest.json,https://www.redditstatic.com/,https://www.reddit.com,https://www.reddit.com,['https://www.redditstatic.com/'],https://www.redditstatic.com/js/concat,https://www.redditstatic.com/shreddit/,https://events.redditmedia.com/v2j,ShredditFrontend-v1,eW9vM3lhZW00VW9naDVleGFlZm9lcGhlZTZQaG9o,False,https://w3-reporting.reddit.com/reports,,,,,,,,,,,,,
,,,,,,,,,,,,,,,,,,,,https://9f057df6115a4bb488c08ea12a835e6e@error-tracking.reddit.com/o418887/5810803,True,production,,,,,,,,
,,,,,,,,,,,,,,,,,,enabled,,,,,enabled,enabled,enabled,enabled,enabled,enabled,enabled,enabled
,,,,,,,,,,,,,,,,,,,"['https://www.reddit.com/r/webscraping/t support constructed stylesheets. See https:/lit.dev/docs/api/LitElement/#LitElement.styles        window.litNonce = ', 'https://www.redditstatic.com/avatars/defaults/v2/avatar_default_7.png', 'https://www.redditstatic.com/avatars/defaults/v2/avatar_default_5.png', 'https://www.redditstatic.com/avatars/defaults/v2/avatar_default_0.png', 'https://www.redditstatic.com/avatars/defaults/v2/avatar_default_4.png', 'https://www.redditstatic.com/avatars/defaults/v2/avatar_default_3.png', 'https://www.redditstatic.com/avatars/defaults/v2/avatar_default_6.png']",,,,,,,,,,,
https://www.reddit.com,com.reddit.RedditAppleSSO,https://devvit-gateway.reddit.com,705819728788-b2c1kcs7tst3b7ghv7at0hkqmtc68ckl.apps.googleusercontent.com,https://www.redditstatic.com/shreddit/,False,client-manifest.json,https://www.redditstatic.com/,https://www.reddit.com,https://www.reddit.com,['https://www.redditstatic.com/'],https://www.redditstatic.com/js/concat,https://www.redditstatic.com/shreddit/,https://events.redditmedia.com/v2j,ShredditFrontend-v1,eW9vM3lhZW00VW9naDVleGFlZm9lcGhlZTZQaG9o,False,https://w3-reporting.reddit.com/reports,,,,,,,,,,,,,
,,,,,,,,,,,,,,,,,,,,https://9f057df6115a4bb488c08ea12a835e6e@error-tracking.reddit.com/o418887/5810803,True,production,,,,,,,,
,,,,,,,,,,,,,,,,,,enabled,,,,,enabled,enabled,enabled,enabled,enabled,enabled,enabled,enabled
,,,,,,,,,,,,,,,,,,,"['https://www.reddit.com/r/webscraping/t support constructed stylesheets. See https:/lit.dev/docs/api/LitElement/#LitElement.styles        window.litNonce = ', 'https://www.redditstatic.com/avatars/defaults/v2/avatar_default_7.png', 'https://www.redditstatic.com/avatars/defaults/v2/avatar_default_5.png', 'https://www.redditstatic.com/avatars/defaults/v2/avatar_default_0.png', 'https://www.redditstatic.com/avatars/defaults/v2/avatar_default_6.png', 'https://www.redditstatic.com/avatars/defaults/v2/avatar_default_4.png', 'https://www.redditstatic.com/avatars/defaults/v2/avatar_default_3.png']",,,,,,,,,,,
https://www.reddit.com,com.reddit.RedditAppleSSO,https://devvit-gateway.reddit.com,705819728788-b2c1kcs7tst3b7ghv7at0hkqmtc68ckl.apps.googleusercontent.com,https://www.redditstatic.com/shreddit/,False,client-manifest.json,https://www.redditstatic.com/,https://www.reddit.com,https://www.reddit.com,['https://www.redditstatic.com/'],https://www.redditstatic.com/js/concat,https://www.redditstatic.com/shreddit/,https://events.redditmedia.com/v2j,ShredditFrontend-v1,eW9vM3lhZW00VW9naDVleGFlZm9lcGhlZTZQaG9o,False,https://w3-reporting.reddit.com/reports,,,,,,,,,,,,,
,,,,,,,,,,,,,,,,,,,,https://9f057df6115a4bb488c08ea12a835e6e@error-tracking.reddit.com/o418887/5810803,True,production,,,,,,,,
,,,,,,,,,,,,,,,,,,enabled,,,,,enabled,enabled,enabled,enabled,enabled,enabled,enabled,enabled
,,,,,,,,,,,,,,,,,,,"['https://www.reddit.com/r/webscraping/t support constructed stylesheets. See https:/lit.dev/docs/api/LitElement/#LitElement.styles        window.litNonce = ', 'https://www.redditstatic.com/avatars/defaults/v2/avatar_default_7.png', 'https://www.redditstatic.com/avatars/defaults/v2/avatar_default_5.png', 'https://www.redditstatic.com/avatars/defaults/v2/avatar_default_0.png', 'https://www.redditstatic.com/avatars/defaults/v2/avatar_default_4.png', 'https://www.redditstatic.com/avatars/defaults/v2/avatar_default_3.png', 'https://www.redditstatic.com/avatars/defaults/v2/avatar_default_6.png']",,,,,,,,,,,
https://www.reddit.com,com.reddit.RedditAppleSSO,https://devvit-gateway.reddit.com,705819728788-b2c1kcs7tst3b7ghv7at0hkqmtc68ckl.apps.googleusercontent.com,https://www.redditstatic.com/shreddit/,False,client-manifest.json,https://www.redditstatic.com/,https://www.reddit.com,https://www.reddit.com,['https://www.redditstatic.com/'],https://www.redditstatic.com/js/concat,https://www.redditstatic.com/shreddit/,https://events.redditmedia.com/v2j,ShredditFrontend-v1,eW9vM3lhZW00VW9naDVleGFlZm9lcGhlZTZQaG9o,False,https://w3-reporting.reddit.com/reports,,,,,,,,,,,,,
,,,,,,,,,,,,,,,,,,,,https://9f057df6115a4bb488c08ea12a835e6e@error-tracking.reddit.com/o418887/5810803,True,production,,,,,,,,
,,,,,,,,,,,,,,,,,,enabled,,,,,enabled,enabled,enabled,enabled,enabled,enabled,enabled,enabled
,,,,,,,,,,,,,,,,,,,"['https://www.reddit.com/r/webscraping/t support constructed stylesheets. See https:/lit.dev/docs/api/LitElement/#LitElement.styles        window.litNonce = ', 'https://www.redditstatic.com/avatars/defaults/v2/avatar_default_4.png', 'https://www.redditstatic.com/avatars/defaults/v2/avatar_default_7.png', 'https://www.redditstatic.com/avatars/defaults/v2/avatar_default_5.png', 'https://www.redditstatic.com/avatars/defaults/v2/avatar_default_0.png', 'https://www.redditstatic.com/avatars/defaults/v2/avatar_default_3.png', 'https://www.redditstatic.com/avatars/defaults/v2/avatar_default_6.png']",,,,,,,,,,,
https://www.reddit.com,com.reddit.RedditAppleSSO,https://devvit-gateway.reddit.com,705819728788-b2c1kcs7tst3b7ghv7at0hkqmtc68ckl.apps.googleusercontent.com,https://www.redditstatic.com/shreddit/,False,client-manifest.json,https://www.redditstatic.com/,https://www.reddit.com,https://www.reddit.com,['https://www.redditstatic.com/'],https://www.redditstatic.com/js/concat,https://www.redditstatic.com/shreddit/,https://events.redditmedia.com/v2j,ShredditFrontend-v1,eW9vM3lhZW00VW9naDVleGFlZm9lcGhlZTZQaG9o,False,https://w3-reporting.reddit.com/reports,,,,,,,,,,,,,
,,,,,,,,,,,,,,,,,,,,https://9f057df6115a4bb488c08ea12a835e6e@error-tracking.reddit.com/o418887/5810803,True,production,,,,,,,,
,,,,,,,,,,,,,,,,,,enabled,,,,,enabled,enabled,enabled,enabled,enabled,enabled,enabled,enabled
,,,,,,,,,,,,,,,,,,,"['https://www.reddit.com/r/webscraping/t support constructed stylesheets. See https:/lit.dev/docs/api/LitElement/#LitElement.styles        window.litNonce = ', 'https://www.redditstatic.com/avatars/defaults/v2/avatar_default_7.png', 'https://www.redditstatic.com/avatars/defaults/v2/avatar_default_5.png', 'https://www.redditstatic.com/avatars/defaults/v2/avatar_default_0.png', 'https://www.redditstatic.com/avatars/defaults/v2/avatar_default_4.png', 'https://www.redditstatic.com/avatars/defaults/v2/avatar_default_3.png', 'https://www.redditstatic.com/avatars/defaults/v2/avatar_default_6.png']",,,,,,,,,,,
https://www.reddit.com,com.reddit.RedditAppleSSO,https://devvit-gateway.reddit.com,705819728788-b2c1kcs7tst3b7ghv7at0hkqmtc68ckl.apps.googleusercontent.com,https://www.redditstatic.com/shreddit/,False,client-manifest.json,https://www.redditstatic.com/,https://www.reddit.com,https://www.reddit.com,['https://www.redditstatic.com/'],https://www.redditstatic.com/js/concat,https://www.redditstatic.com/shreddit/,https://events.redditmedia.com/v2j,ShredditFrontend-v1,eW9vM3lhZW00VW9naDVleGFlZm9lcGhlZTZQaG9o,False,https://w3-reporting.reddit.com/reports,,,,,,,,,,,,,
,,,,,,,,,,,,,,,,,,,,https://9f057df6115a4bb488c08ea12a835e6e@error-tracking.reddit.com/o418887/5810803,True,production,,,,,,,,
,,,,,,,,,,,,,,,,,,enabled,,,,,enabled,enabled,enabled,enabled,enabled,enabled,enabled,enabled
,,,,,,,,,,,,,,,,,,,"['https://www.reddit.com/r/webscraping/t support constructed stylesheets. See https:/lit.dev/docs/api/LitElement/#LitElement.styles        window.litNonce = ', 'https://www.redditstatic.com/avatars/defaults/v2/avatar_default_7.png', 'https://www.redditstatic.com/avatars/defaults/v2/avatar_default_5.png', 'https://www.redditstatic.com/avatars/defaults/v2/avatar_default_0.png', 'https://www.redditstatic.com/avatars/defaults/v2/avatar_default_4.png', 'https://www.redditstatic.com/avatars/defaults/v2/avatar_default_3.png', 'https://www.redditstatic.com/avatars/defaults/v2/avatar_default_6.png']",,,,,,,,,,,
https://www.reddit.com,com.reddit.RedditAppleSSO,https://devvit-gateway.reddit.com,705819728788-b2c1kcs7tst3b7ghv7at0hkqmtc68ckl.apps.googleusercontent.com,https://www.redditstatic.com/shreddit/,False,client-manifest.json,https://www.redditstatic.com/,https://www.reddit.com,https://www.reddit.com,['https://www.redditstatic.com/'],https://www.redditstatic.com/js/concat,https://www.redditstatic.com/shreddit/,https://events.redditmedia.com/v2j,ShredditFrontend-v1,eW9vM3lhZW00VW9naDVleGFlZm9lcGhlZTZQaG9o,False,https://w3-reporting.reddit.com/reports,,,,,,,,,,,,,
,,,,,,,,,,,,,,,,,,,,https://9f057df6115a4bb488c08ea12a835e6e@error-tracking.reddit.com/o418887/5810803,True,production,,,,,,,,
,,,,,,,,,,,,,,,,,,enabled,,,,,enabled,enabled,enabled,enabled,enabled,enabled,enabled,enabled
,,,,,,,,,,,,,,,,,,,"['https://www.reddit.com/r/webscraping/t support constructed stylesheets. See https:/lit.dev/docs/api/LitElement/#LitElement.styles        window.litNonce = ', 'https://www.redditstatic.com/avatars/defaults/v2/avatar_default_7.png', 'https://www.redditstatic.com/avatars/defaults/v2/avatar_default_5.png', 'https://www.redditstatic.com/avatars/defaults/v2/avatar_default_0.png', 'https://www.redditstatic.com/avatars/defaults/v2/avatar_default_4.png', 'https://www.redditstatic.com/avatars/defaults/v2/avatar_default_3.png', 'https://www.redditstatic.com/avatars/defaults/v2/avatar_default_6.png']",,,,,,,,,,,
https://www.reddit.com,com.reddit.RedditAppleSSO,https://devvit-gateway.reddit.com,705819728788-b2c1kcs7tst3b7ghv7at0hkqmtc68ckl.apps.googleusercontent.com,https://www.redditstatic.com/shreddit/,False,client-manifest.json,https://www.redditstatic.com/,https://www.reddit.com,https://www.reddit.com,['https://www.redditstatic.com/'],https://www.redditstatic.com/js/concat,https://www.redditstatic.com/shreddit/,https://events.redditmedia.com/v2j,ShredditFrontend-v1,eW9vM3lhZW00VW9naDVleGFlZm9lcGhlZTZQaG9o,False,https://w3-reporting.reddit.com/reports,,,,,,,,,,,,,
,,,,,,,,,,,,,,,,,,,,https://9f057df6115a4bb488c08ea12a835e6e@error-tracking.reddit.com/o418887/5810803,True,production,,,,,,,,
,,,,,,,,,,,,,,,,,,enabled,,,,,enabled,enabled,enabled,enabled,enabled,enabled,enabled,enabled
,,,,,,,,,,,,,,,,,,,"['https://www.reddit.com/r/webscraping/t support constructed stylesheets. See https:/lit.dev/docs/api/LitElement/#LitElement.styles        window.litNonce = ', 'https://www.redditstatic.com/avatars/defaults/v2/avatar_default_4.png', 'https://www.redditstatic.com/avatars/defaults/v2/avatar_default_7.png', 'https://www.redditstatic.com/avatars/defaults/v2/avatar_default_5.png', 'https://www.redditstatic.com/avatars/defaults/v2/avatar_default_0.png', 'https://www.redditstatic.com/avatars/defaults/v2/avatar_default_3.png', 'https://www.redditstatic.com/avatars/defaults/v2/avatar_default_6.png', 'https://www.redditstatic.com/avatars/defaults/v2/avatar_default_1.png']",,,,,,,,,,,
https://www.reddit.com,com.reddit.RedditAppleSSO,https://devvit-gateway.reddit.com,705819728788-b2c1kcs7tst3b7ghv7at0hkqmtc68ckl.apps.googleusercontent.com,https://www.redditstatic.com/shreddit/,False,client-manifest.json,https://www.redditstatic.com/,https://www.reddit.com,https://www.reddit.com,['https://www.redditstatic.com/'],https://www.redditstatic.com/js/concat,https://www.redditstatic.com/shreddit/,https://events.redditmedia.com/v2j,ShredditFrontend-v1,eW9vM3lhZW00VW9naDVleGFlZm9lcGhlZTZQaG9o,False,https://w3-reporting.reddit.com/reports,,,,,,,,,,,,,
,,,,,,,,,,,,,,,,,,,,https://9f057df6115a4bb488c08ea12a835e6e@error-tracking.reddit.com/o418887/5810803,True,production,,,,,,,,
,,,,,,,,,,,,,,,,,,enabled,,,,,enabled,enabled,enabled,enabled,enabled,enabled,enabled,enabled
,,,,,,,,,,,,,,,,,,,"['https://www.reddit.com/r/webscraping/t support constructed stylesheets. See https:/lit.dev/docs/api/LitElement/#LitElement.styles        window.litNonce = ', 'https://www.redditstatic.com/avatars/defaults/v2/avatar_default_7.png', 'https://www.redditstatic.com/avatars/defaults/v2/avatar_default_5.png', 'https://www.redditstatic.com/avatars/defaults/v2/avatar_default_4.png', 'https://www.redditstatic.com/avatars/defaults/v2/avatar_default_0.png', 'https://www.redditstatic.com/avatars/defaults/v2/avatar_default_3.png', 'https://www.redditstatic.com/avatars/defaults/v2/avatar_default_6.png']",,,,,,,,,,,
https://www.reddit.com,com.reddit.RedditAppleSSO,https://devvit-gateway.reddit.com,705819728788-b2c1kcs7tst3b7ghv7at0hkqmtc68ckl.apps.googleusercontent.com,https://www.redditstatic.com/shreddit/,False,client-manifest.json,https://www.redditstatic.com/,https://www.reddit.com,https://www.reddit.com,['https://www.redditstatic.com/'],https://www.redditstatic.com/js/concat,https://www.redditstatic.com/shreddit/,https://events.redditmedia.com/v2j,ShredditFrontend-v1,eW9vM3lhZW00VW9naDVleGFlZm9lcGhlZTZQaG9o,False,https://w3-reporting.reddit.com/reports,,,,,,,,,,,,,
,,,,,,,,,,,,,,,,,,,,https://9f057df6115a4bb488c08ea12a835e6e@error-tracking.reddit.com/o418887/5810803,True,production,,,,,,,,
,,,,,,,,,,,,,,,,,,enabled,,,,,enabled,enabled,enabled,enabled,enabled,enabled,enabled,enabled
,,,,,,,,,,,,,,,,,,,"['https://www.reddit.com/r/webscraping/t support constructed stylesheets. See https:/lit.dev/docs/api/LitElement/#LitElement.styles        window.litNonce = ', 'https://www.redditstatic.com/avatars/defaults/v2/avatar_default_7.png', 'https://www.redditstatic.com/avatars/defaults/v2/avatar_default_5.png', 'https://www.redditstatic.com/avatars/defaults/v2/avatar_default_0.png', 'https://www.redditstatic.com/avatars/defaults/v2/avatar_default_4.png', 'https://www.redditstatic.com/avatars/defaults/v2/avatar_default_3.png', 'https://www.redditstatic.com/avatars/defaults/v2/avatar_default_6.png']",,,,,,,,,,,
https://www.reddit.com,com.reddit.RedditAppleSSO,https://devvit-gateway.reddit.com,705819728788-b2c1kcs7tst3b7ghv7at0hkqmtc68ckl.apps.googleusercontent.com,https://www.redditstatic.com/shreddit/,False,client-manifest.json,https://www.redditstatic.com/,https://www.reddit.com,https://www.reddit.com,['https://www.redditstatic.com/'],https://www.redditstatic.com/js/concat,https://www.redditstatic.com/shreddit/,https://events.redditmedia.com/v2j,ShredditFrontend-v1,eW9vM3lhZW00VW9naDVleGFlZm9lcGhlZTZQaG9o,False,https://w3-reporting.reddit.com/reports,,,,,,,,,,,,,
,,,,,,,,,,,,,,,,,,,,https://9f057df6115a4bb488c08ea12a835e6e@error-tracking.reddit.com/o418887/5810803,True,production,,,,,,,,
,,,,,,,,,,,,,,,,,,enabled,,,,,enabled,enabled,enabled,enabled,enabled,enabled,enabled,enabled
,,,,,,,,,,,,,,,,,,,"['https://www.reddit.com/r/webscraping/t support constructed stylesheets. See https:/lit.dev/docs/api/LitElement/#LitElement.styles        window.litNonce = ', 'https://www.redditstatic.com/avatars/defaults/v2/avatar_default_7.png', 'https://www.redditstatic.com/avatars/defaults/v2/avatar_default_5.png', 'https://www.redditstatic.com/avatars/defaults/v2/avatar_default_0.png', 'https://www.redditstatic.com/avatars/defaults/v2/avatar_default_4.png', 'https://www.redditstatic.com/avatars/defaults/v2/avatar_default_3.png', 'https://www.redditstatic.com/avatars/defaults/v2/avatar_default_2.png', 'https://www.redditstatic.com/avatars/defaults/v2/avatar_default_6.png']",,,,,,,,,,,
https://www.reddit.com,com.reddit.RedditAppleSSO,https://devvit-gateway.reddit.com,705819728788-b2c1kcs7tst3b7ghv7at0hkqmtc68ckl.apps.googleusercontent.com,https://www.redditstatic.com/shreddit/,False,client-manifest.json,https://www.redditstatic.com/,https://www.reddit.com,https://www.reddit.com,['https://www.redditstatic.com/'],https://www.redditstatic.com/js/concat,https://www.redditstatic.com/shreddit/,https://events.redditmedia.com/v2j,ShredditFrontend-v1,eW9vM3lhZW00VW9naDVleGFlZm9lcGhlZTZQaG9o,False,https://w3-reporting.reddit.com/reports,,,,,,,,,,,,,
,,,,,,,,,,,,,,,,,,,,https://9f057df6115a4bb488c08ea12a835e6e@error-tracking.reddit.com/o418887/5810803,True,production,,,,,,,,
,,,,,,,,,,,,,,,,,,enabled,,,,,enabled,enabled,enabled,enabled,enabled,enabled,enabled,enabled
,,,,,,,,,,,,,,,,,,,"['https://www.reddit.com/r/webscraping/t support constructed stylesheets. See https:/lit.dev/docs/api/LitElement/#LitElement.styles        window.litNonce = ', 'https://www.redditstatic.com/avatars/defaults/v2/avatar_default_7.png', 'https://www.redditstatic.com/avatars/defaults/v2/avatar_default_5.png', 'https://www.redditstatic.com/avatars/defaults/v2/avatar_default_0.png', 'https://www.redditstatic.com/avatars/defaults/v2/avatar_default_4.png', 'https://www.redditstatic.com/avatars/defaults/v2/avatar_default_3.png', 'https://www.redditstatic.com/avatars/defaults/v2/avatar_default_6.png']",,,,,,,,,,,
https://www.reddit.com,com.reddit.RedditAppleSSO,https://devvit-gateway.reddit.com,705819728788-b2c1kcs7tst3b7ghv7at0hkqmtc68ckl.apps.googleusercontent.com,https://www.redditstatic.com/shreddit/,False,client-manifest.json,https://www.redditstatic.com/,https://www.reddit.com,https://www.reddit.com,['https://www.redditstatic.com/'],https://www.redditstatic.com/js/concat,https://www.redditstatic.com/shreddit/,https://events.redditmedia.com/v2j,ShredditFrontend-v1,eW9vM3lhZW00VW9naDVleGFlZm9lcGhlZTZQaG9o,False,https://w3-reporting.reddit.com/reports,,,,,,,,,,,,,
,,,,,,,,,,,,,,,,,,,,https://9f057df6115a4bb488c08ea12a835e6e@error-tracking.reddit.com/o418887/5810803,True,production,,,,,,,,
,,,,,,,,,,,,,,,,,,enabled,,,,,enabled,enabled,enabled,enabled,enabled,enabled,enabled,enabled
,,,,,,,,,,,,,,,,,,,"['https://www.reddit.com/r/webscraping/t support constructed stylesheets. See https:/lit.dev/docs/api/LitElement/#LitElement.styles        window.litNonce = ', 'https://www.redditstatic.com/avatars/defaults/v2/avatar_default_7.png', 'https://www.redditstatic.com/avatars/defaults/v2/avatar_default_5.png', 'https://www.redditstatic.com/avatars/defaults/v2/avatar_default_0.png', 'https://www.redditstatic.com/avatars/defaults/v2/avatar_default_4.png', 'https://www.redditstatic.com/avatars/defaults/v2/avatar_default_3.png', 'https://www.redditstatic.com/avatars/defaults/v2/avatar_default_6.png']",,,,,,,,,,,
https://www.reddit.com,com.reddit.RedditAppleSSO,https://devvit-gateway.reddit.com,705819728788-b2c1kcs7tst3b7ghv7at0hkqmtc68ckl.apps.googleusercontent.com,https://www.redditstatic.com/shreddit/,False,client-manifest.json,https://www.redditstatic.com/,https://www.reddit.com,https://www.reddit.com,['https://www.redditstatic.com/'],https://www.redditstatic.com/js/concat,https://www.redditstatic.com/shreddit/,https://events.redditmedia.com/v2j,ShredditFrontend-v1,eW9vM3lhZW00VW9naDVleGFlZm9lcGhlZTZQaG9o,False,https://w3-reporting.reddit.com/reports,,,,,,,,,,,,,
,,,,,,,,,,,,,,,,,,,,https://9f057df6115a4bb488c08ea12a835e6e@error-tracking.reddit.com/o418887/5810803,True,production,,,,,,,,
,,,,,,,,,,,,,,,,,,enabled,,,,,enabled,enabled,enabled,enabled,enabled,enabled,enabled,enabled
,,,,,,,,,,,,,,,,,,,"['https://www.reddit.com/r/webscraping/t support constructed stylesheets. See https:/lit.dev/docs/api/LitElement/#LitElement.styles        window.litNonce = ', 'https://www.redditstatic.com/avatars/defaults/v2/avatar_default_7.png', 'https://www.redditstatic.com/avatars/defaults/v2/avatar_default_5.png', 'https://www.redditstatic.com/avatars/defaults/v2/avatar_default_0.png', 'https://www.redditstatic.com/avatars/defaults/v2/avatar_default_4.png', 'https://www.redditstatic.com/avatars/defaults/v2/avatar_default_3.png', 'https://www.redditstatic.com/avatars/defaults/v2/avatar_default_6.png']",,,,,,,,,,,
https://www.reddit.com,com.reddit.RedditAppleSSO,https://devvit-gateway.reddit.com,705819728788-b2c1kcs7tst3b7ghv7at0hkqmtc68ckl.apps.googleusercontent.com,https://www.redditstatic.com/shreddit/,False,client-manifest.json,https://www.redditstatic.com/,https://www.reddit.com,https://www.reddit.com,['https://www.redditstatic.com/'],https://www.redditstatic.com/js/concat,https://www.redditstatic.com/shreddit/,https://events.redditmedia.com/v2j,ShredditFrontend-v1,eW9vM3lhZW00VW9naDVleGFlZm9lcGhlZTZQaG9o,False,https://w3-reporting.reddit.com/reports,,,,,,,,,,,,,
,,,,,,,,,,,,,,,,,,,,https://9f057df6115a4bb488c08ea12a835e6e@error-tracking.reddit.com/o418887/5810803,True,production,,,,,,,,
,,,,,,,,,,,,,,,,,,enabled,,,,,enabled,enabled,enabled,enabled,enabled,enabled,enabled,enabled
,,,,,,,,,,,,,,,,,,,"['https://www.reddit.com/r/webscraping/t support constructed stylesheets. See https:/lit.dev/docs/api/LitElement/#LitElement.styles        window.litNonce = ', 'https://www.redditstatic.com/avatars/defaults/v2/avatar_default_2.png', 'https://www.redditstatic.com/avatars/defaults/v2/avatar_default_7.png', 'https://www.redditstatic.com/avatars/defaults/v2/avatar_default_5.png', 'https://www.redditstatic.com/avatars/defaults/v2/avatar_default_0.png', 'https://www.redditstatic.com/avatars/defaults/v2/avatar_default_4.png', 'https://www.redditstatic.com/avatars/defaults/v2/avatar_default_3.png', 'https://www.redditstatic.com/avatars/defaults/v2/avatar_default_6.png']",,,,,,,,,,,
https://www.reddit.com,com.reddit.RedditAppleSSO,https://devvit-gateway.reddit.com,705819728788-b2c1kcs7tst3b7ghv7at0hkqmtc68ckl.apps.googleusercontent.com,https://www.redditstatic.com/shreddit/,False,client-manifest.json,https://www.redditstatic.com/,https://www.reddit.com,https://www.reddit.com,['https://www.redditstatic.com/'],https://www.redditstatic.com/js/concat,https://www.redditstatic.com/shreddit/,https://events.redditmedia.com/v2j,ShredditFrontend-v1,eW9vM3lhZW00VW9naDVleGFlZm9lcGhlZTZQaG9o,False,https://w3-reporting.reddit.com/reports,,,,,,,,,,,,,
,,,,,,,,,,,,,,,,,,,,https://9f057df6115a4bb488c08ea12a835e6e@error-tracking.reddit.com/o418887/5810803,True,production,,,,,,,,
,,,,,,,,,,,,,,,,,,enabled,,,,,enabled,enabled,enabled,enabled,enabled,enabled,enabled,enabled
,,,,,,,,,,,,,,,,,,,"['https://www.reddit.com/r/webscraping/t support constructed stylesheets. See https:/lit.dev/docs/api/LitElement/#LitElement.styles        window.litNonce = ', 'https://www.redditstatic.com/avatars/defaults/v2/avatar_default_7.png', 'https://www.redditstatic.com/avatars/defaults/v2/avatar_default_5.png', 'https://www.redditstatic.com/avatars/defaults/v2/avatar_default_0.png', 'https://www.redditstatic.com/avatars/defaults/v2/avatar_default_4.png', 'https://www.redditstatic.com/avatars/defaults/v2/avatar_default_3.png', 'https://www.redditstatic.com/avatars/defaults/v2/avatar_default_6.png']",,,,,,,,,,,
https://www.reddit.com,com.reddit.RedditAppleSSO,https://devvit-gateway.reddit.com,705819728788-b2c1kcs7tst3b7ghv7at0hkqmtc68ckl.apps.googleusercontent.com,https://www.redditstatic.com/shreddit/,False,client-manifest.json,https://www.redditstatic.com/,https://www.reddit.com,https://www.reddit.com,['https://www.redditstatic.com/'],https://www.redditstatic.com/js/concat,https://www.redditstatic.com/shreddit/,https://events.redditmedia.com/v2j,ShredditFrontend-v1,eW9vM3lhZW00VW9naDVleGFlZm9lcGhlZTZQaG9o,False,https://w3-reporting.reddit.com/reports,,,,,,,,,,,,,
,,,,,,,,,,,,,,,,,,,,https://9f057df6115a4bb488c08ea12a835e6e@error-tracking.reddit.com/o418887/5810803,True,production,,,,,,,,
,,,,,,,,,,,,,,,,,,enabled,,,,,enabled,enabled,enabled,enabled,enabled,enabled,enabled,enabled
,,,,,,,,,,,,,,,,,,,"['https://www.reddit.com/r/webscraping/t support constructed stylesheets. See https:/lit.dev/docs/api/LitElement/#LitElement.styles        window.litNonce = ', 'https://www.redditstatic.com/avatars/defaults/v2/avatar_default_7.png', 'https://www.redditstatic.com/avatars/defaults/v2/avatar_default_5.png', 'https://www.redditstatic.com/avatars/defaults/v2/avatar_default_0.png', 'https://www.redditstatic.com/avatars/defaults/v2/avatar_default_4.png', 'https://www.redditstatic.com/avatars/defaults/v2/avatar_default_3.png', 'https://www.redditstatic.com/avatars/defaults/v2/avatar_default_6.png']",,,,,,,,,,,
https://www.reddit.com,com.reddit.RedditAppleSSO,https://devvit-gateway.reddit.com,705819728788-b2c1kcs7tst3b7ghv7at0hkqmtc68ckl.apps.googleusercontent.com,https://www.redditstatic.com/shreddit/,False,client-manifest.json,https://www.redditstatic.com/,https://www.reddit.com,https://www.reddit.com,['https://www.redditstatic.com/'],https://www.redditstatic.com/js/concat,https://www.redditstatic.com/shreddit/,https://events.redditmedia.com/v2j,ShredditFrontend-v1,eW9vM3lhZW00VW9naDVleGFlZm9lcGhlZTZQaG9o,False,https://w3-reporting.reddit.com/reports,,,,,,,,,,,,,
,,,,,,,,,,,,,,,,,,,,https://9f057df6115a4bb488c08ea12a835e6e@error-tracking.reddit.com/o418887/5810803,True,production,,,,,,,,
,,,,,,,,,,,,,,,,,,enabled,,,,,enabled,enabled,enabled,enabled,enabled,enabled,enabled,enabled
,,,,,,,,,,,,,,,,,,,"['https://www.reddit.com/r/webscraping/t support constructed stylesheets. See https:/lit.dev/docs/api/LitElement/#LitElement.styles        window.litNonce = ', 'https://www.redditstatic.com/avatars/defaults/v2/avatar_default_7.png', 'https://www.redditstatic.com/avatars/defaults/v2/avatar_default_5.png', 'https://www.redditstatic.com/avatars/defaults/v2/avatar_default_0.png', 'https://www.redditstatic.com/avatars/defaults/v2/avatar_default_4.png', 'https://www.redditstatic.com/avatars/defaults/v2/avatar_default_3.png', 'https://www.redditstatic.com/avatars/defaults/v2/avatar_default_6.png']",,,,,,,,,,,
https://www.reddit.com,com.reddit.RedditAppleSSO,https://devvit-gateway.reddit.com,705819728788-b2c1kcs7tst3b7ghv7at0hkqmtc68ckl.apps.googleusercontent.com,https://www.redditstatic.com/shreddit/,False,client-manifest.json,https://www.redditstatic.com/,https://www.reddit.com,https://www.reddit.com,['https://www.redditstatic.com/'],https://www.redditstatic.com/js/concat,https://www.redditstatic.com/shreddit/,https://events.redditmedia.com/v2j,ShredditFrontend-v1,eW9vM3lhZW00VW9naDVleGFlZm9lcGhlZTZQaG9o,False,https://w3-reporting.reddit.com/reports,,,,,,,,,,,,,
,,,,,,,,,,,,,,,,,,,,https://9f057df6115a4bb488c08ea12a835e6e@error-tracking.reddit.com/o418887/5810803,True,production,,,,,,,,
,,,,,,,,,,,,,,,,,,enabled,,,,,enabled,enabled,enabled,enabled,enabled,enabled,enabled,enabled
,,,,,,,,,,,,,,,,,,,"['https://www.reddit.com/r/webscraping/t support constructed stylesheets. See https:/lit.dev/docs/api/LitElement/#LitElement.styles        window.litNonce = ', 'https://www.redditstatic.com/avatars/defaults/v2/avatar_default_7.png', 'https://www.redditstatic.com/avatars/defaults/v2/avatar_default_5.png', 'https://www.redditstatic.com/avatars/defaults/v2/avatar_default_0.png', 'https://www.redditstatic.com/avatars/defaults/v2/avatar_default_4.png', 'https://www.redditstatic.com/avatars/defaults/v2/avatar_default_3.png', 'https://www.redditstatic.com/avatars/defaults/v2/avatar_default_6.png']",,,,,,,,,,,
https://www.reddit.com,com.reddit.RedditAppleSSO,https://devvit-gateway.reddit.com,705819728788-b2c1kcs7tst3b7ghv7at0hkqmtc68ckl.apps.googleusercontent.com,https://www.redditstatic.com/shreddit/,False,client-manifest.json,https://www.redditstatic.com/,https://www.reddit.com,https://www.reddit.com,['https://www.redditstatic.com/'],https://www.redditstatic.com/js/concat,https://www.redditstatic.com/shreddit/,https://events.redditmedia.com/v2j,ShredditFrontend-v1,eW9vM3lhZW00VW9naDVleGFlZm9lcGhlZTZQaG9o,False,https://w3-reporting.reddit.com/reports,,,,,,,,,,,,,
,,,,,,,,,,,,,,,,,,,,https://9f057df6115a4bb488c08ea12a835e6e@error-tracking.reddit.com/o418887/5810803,True,production,,,,,,,,
,,,,,,,,,,,,,,,,,,enabled,,,,,enabled,enabled,enabled,enabled,enabled,enabled,enabled,enabled
,,,,,,,,,,,,,,,,,,,"['https://www.reddit.com/r/webscraping/t support constructed stylesheets. See https:/lit.dev/docs/api/LitElement/#LitElement.styles        window.litNonce = ', 'https://www.redditstatic.com/avatars/defaults/v2/avatar_default_7.png', 'https://www.redditstatic.com/avatars/defaults/v2/avatar_default_5.png', 'https://www.redditstatic.com/avatars/defaults/v2/avatar_default_0.png', 'https://www.redditstatic.com/avatars/defaults/v2/avatar_default_4.png', 'https://www.redditstatic.com/avatars/defaults/v2/avatar_default_3.png', 'https://www.redditstatic.com/avatars/defaults/v2/avatar_default_6.png']",,,,,,,,,,,
https://www.reddit.com,com.reddit.RedditAppleSSO,https://devvit-gateway.reddit.com,705819728788-b2c1kcs7tst3b7ghv7at0hkqmtc68ckl.apps.googleusercontent.com,https://www.redditstatic.com/shreddit/,False,client-manifest.json,https://www.redditstatic.com/,https://www.reddit.com,https://www.reddit.com,['https://www.redditstatic.com/'],https://www.redditstatic.com/js/concat,https://www.redditstatic.com/shreddit/,https://events.redditmedia.com/v2j,ShredditFrontend-v1,eW9vM3lhZW00VW9naDVleGFlZm9lcGhlZTZQaG9o,False,https://w3-reporting.reddit.com/reports,,,,,,,,,,,,,
,,,,,,,,,,,,,,,,,,,,https://9f057df6115a4bb488c08ea12a835e6e@error-tracking.reddit.com/o418887/5810803,True,production,,,,,,,,
,,,,,,,,,,,,,,,,,,enabled,,,,,enabled,enabled,enabled,enabled,enabled,enabled,enabled,enabled
,,,,,,,,,,,,,,,,,,,"['https://www.reddit.com/r/webscraping/t support constructed stylesheets. See https:/lit.dev/docs/api/LitElement/#LitElement.styles        window.litNonce = ', 'https://www.redditstatic.com/avatars/defaults/v2/avatar_default_7.png', 'https://www.redditstatic.com/avatars/defaults/v2/avatar_default_5.png', 'https://www.redditstatic.com/avatars/defaults/v2/avatar_default_0.png', 'https://www.redditstatic.com/avatars/defaults/v2/avatar_default_4.png', 'https://www.redditstatic.com/avatars/defaults/v2/avatar_default_3.png', 'https://www.redditstatic.com/avatars/defaults/v2/avatar_default_6.png']",,,,,,,,,,,
https://www.reddit.com,com.reddit.RedditAppleSSO,https://devvit-gateway.reddit.com,705819728788-b2c1kcs7tst3b7ghv7at0hkqmtc68ckl.apps.googleusercontent.com,https://www.redditstatic.com/shreddit/,False,client-manifest.json,https://www.redditstatic.com/,https://www.reddit.com,https://www.reddit.com,['https://www.redditstatic.com/'],https://www.redditstatic.com/js/concat,https://www.redditstatic.com/shreddit/,https://events.redditmedia.com/v2j,ShredditFrontend-v1,eW9vM3lhZW00VW9naDVleGFlZm9lcGhlZTZQaG9o,False,https://w3-reporting.reddit.com/reports,,,,,,,,,,,,,
,,,,,,,,,,,,,,,,,,,,https://9f057df6115a4bb488c08ea12a835e6e@error-tracking.reddit.com/o418887/5810803,True,production,,,,,,,,
,,,,,,,,,,,,,,,,,,enabled,,,,,enabled,enabled,enabled,enabled,enabled,enabled,enabled,enabled
,,,,,,,,,,,,,,,,,,,"['https://www.reddit.com/r/webscraping/t support constructed stylesheets. See https:/lit.dev/docs/api/LitElement/#LitElement.styles        window.litNonce = ', 'https://www.redditstatic.com/avatars/defaults/v2/avatar_default_7.png', 'https://www.redditstatic.com/avatars/defaults/v2/avatar_default_5.png', 'https://www.redditstatic.com/avatars/defaults/v2/avatar_default_0.png', 'https://www.redditstatic.com/avatars/defaults/v2/avatar_default_4.png', 'https://www.redditstatic.com/avatars/defaults/v2/avatar_default_3.png', 'https://www.redditstatic.com/avatars/defaults/v2/avatar_default_6.png', 'https://www.redditstatic.com/avatars/defaults/v2/avatar_default_1.png']",,,,,,,,,,,
https://www.reddit.com,com.reddit.RedditAppleSSO,https://devvit-gateway.reddit.com,705819728788-b2c1kcs7tst3b7ghv7at0hkqmtc68ckl.apps.googleusercontent.com,https://www.redditstatic.com/shreddit/,False,client-manifest.json,https://www.redditstatic.com/,https://www.reddit.com,https://www.reddit.com,['https://www.redditstatic.com/'],https://www.redditstatic.com/js/concat,https://www.redditstatic.com/shreddit/,https://events.redditmedia.com/v2j,ShredditFrontend-v1,eW9vM3lhZW00VW9naDVleGFlZm9lcGhlZTZQaG9o,False,https://w3-reporting.reddit.com/reports,,,,,,,,,,,,,
,,,,,,,,,,,,,,,,,,,,https://9f057df6115a4bb488c08ea12a835e6e@error-tracking.reddit.com/o418887/5810803,True,production,,,,,,,,
,,,,,,,,,,,,,,,,,,enabled,,,,,enabled,enabled,enabled,enabled,enabled,enabled,enabled,enabled
,,,,,,,,,,,,,,,,,,,"['https://www.reddit.com/r/webscraping/t support constructed stylesheets. See https:/lit.dev/docs/api/LitElement/#LitElement.styles        window.litNonce = ', 'https://www.redditstatic.com/avatars/defaults/v2/avatar_default_7.png', 'https://www.redditstatic.com/avatars/defaults/v2/avatar_default_5.png', 'https://www.redditstatic.com/avatars/defaults/v2/avatar_default_0.png', 'https://www.redditstatic.com/avatars/defaults/v2/avatar_default_4.png', 'https://www.redditstatic.com/avatars/defaults/v2/avatar_default_3.png', 'https://www.redditstatic.com/avatars/defaults/v2/avatar_default_6.png']",,,,,,,,,,,
https://www.reddit.com,com.reddit.RedditAppleSSO,https://devvit-gateway.reddit.com,705819728788-b2c1kcs7tst3b7ghv7at0hkqmtc68ckl.apps.googleusercontent.com,https://www.redditstatic.com/shreddit/,False,client-manifest.json,https://www.redditstatic.com/,https://www.reddit.com,https://www.reddit.com,['https://www.redditstatic.com/'],https://www.redditstatic.com/js/concat,https://www.redditstatic.com/shreddit/,https://events.redditmedia.com/v2j,ShredditFrontend-v1,eW9vM3lhZW00VW9naDVleGFlZm9lcGhlZTZQaG9o,False,https://w3-reporting.reddit.com/reports,,,,,,,,,,,,,
,,,,,,,,,,,,,,,,,,,,https://9f057df6115a4bb488c08ea12a835e6e@error-tracking.reddit.com/o418887/5810803,True,production,,,,,,,,
,,,,,,,,,,,,,,,,,,enabled,,,,,enabled,enabled,enabled,enabled,enabled,enabled,enabled,enabled
,,,,,,,,,,,,,,,,,,,"['https://www.reddit.com/r/webscraping/t support constructed stylesheets. See https:/lit.dev/docs/api/LitElement/#LitElement.styles        window.litNonce = ', 'https://www.redditstatic.com/avatars/defaults/v2/avatar_default_7.png', 'https://www.redditstatic.com/avatars/defaults/v2/avatar_default_5.png', 'https://www.redditstatic.com/avatars/defaults/v2/avatar_default_0.png', 'https://www.redditstatic.com/avatars/defaults/v2/avatar_default_4.png', 'https://www.redditstatic.com/avatars/defaults/v2/avatar_default_3.png', 'https://www.redditstatic.com/avatars/defaults/v2/avatar_default_6.png']",,,,,,,,,,,
https://www.reddit.com,com.reddit.RedditAppleSSO,https://devvit-gateway.reddit.com,705819728788-b2c1kcs7tst3b7ghv7at0hkqmtc68ckl.apps.googleusercontent.com,https://www.redditstatic.com/shreddit/,False,client-manifest.json,https://www.redditstatic.com/,https://www.reddit.com,https://www.reddit.com,['https://www.redditstatic.com/'],https://www.redditstatic.com/js/concat,https://www.redditstatic.com/shreddit/,https://events.redditmedia.com/v2j,ShredditFrontend-v1,eW9vM3lhZW00VW9naDVleGFlZm9lcGhlZTZQaG9o,False,https://w3-reporting.reddit.com/reports,,,,,,,,,,,,,
,,,,,,,,,,,,,,,,,,,,https://9f057df6115a4bb488c08ea12a835e6e@error-tracking.reddit.com/o418887/5810803,True,production,,,,,,,,
,,,,,,,,,,,,,,,,,,enabled,,,,,enabled,enabled,enabled,enabled,enabled,enabled,enabled,enabled
,,,,,,,,,,,,,,,,,,,"['https://www.reddit.com/r/webscraping/t support constructed stylesheets. See https:/lit.dev/docs/api/LitElement/#LitElement.styles        window.litNonce = ', 'https://www.redditstatic.com/avatars/defaults/v2/avatar_default_7.png', 'https://www.redditstatic.com/avatars/defaults/v2/avatar_default_5.png', 'https://www.redditstatic.com/avatars/defaults/v2/avatar_default_0.png', 'https://www.redditstatic.com/avatars/defaults/v2/avatar_default_4.png', 'https://www.redditstatic.com/avatars/defaults/v2/avatar_default_3.png', 'https://www.redditstatic.com/avatars/defaults/v2/avatar_default_6.png']",,,,,,,,,,,
https://www.reddit.com,com.reddit.RedditAppleSSO,https://devvit-gateway.reddit.com,705819728788-b2c1kcs7tst3b7ghv7at0hkqmtc68ckl.apps.googleusercontent.com,https://www.redditstatic.com/shreddit/,False,client-manifest.json,https://www.redditstatic.com/,https://www.reddit.com,https://www.reddit.com,['https://www.redditstatic.com/'],https://www.redditstatic.com/js/concat,https://www.redditstatic.com/shreddit/,https://events.redditmedia.com/v2j,ShredditFrontend-v1,eW9vM3lhZW00VW9naDVleGFlZm9lcGhlZTZQaG9o,False,https://w3-reporting.reddit.com/reports,,,,,,,,,,,,,
,,,,,,,,,,,,,,,,,,,,https://9f057df6115a4bb488c08ea12a835e6e@error-tracking.reddit.com/o418887/5810803,True,production,,,,,,,,
,,,,,,,,,,,,,,,,,,enabled,,,,,enabled,enabled,enabled,enabled,enabled,enabled,enabled,enabled
,,,,,,,,,,,,,,,,,,,"['https://www.reddit.com/r/webscraping/t support constructed stylesheets. See https:/lit.dev/docs/api/LitElement/#LitElement.styles        window.litNonce = ', 'https://www.redditstatic.com/avatars/defaults/v2/avatar_default_7.png', 'https://www.redditstatic.com/avatars/defaults/v2/avatar_default_5.png', 'https://www.redditstatic.com/avatars/defaults/v2/avatar_default_0.png', 'https://www.redditstatic.com/avatars/defaults/v2/avatar_default_4.png', 'https://www.redditstatic.com/avatars/defaults/v2/avatar_default_3.png', 'https://www.redditstatic.com/avatars/defaults/v2/avatar_default_6.png']",,,,,,,,,,,
https://www.reddit.com,com.reddit.RedditAppleSSO,https://devvit-gateway.reddit.com,705819728788-b2c1kcs7tst3b7ghv7at0hkqmtc68ckl.apps.googleusercontent.com,https://www.redditstatic.com/shreddit/,False,client-manifest.json,https://www.redditstatic.com/,https://www.reddit.com,https://www.reddit.com,['https://www.redditstatic.com/'],https://www.redditstatic.com/js/concat,https://www.redditstatic.com/shreddit/,https://events.redditmedia.com/v2j,ShredditFrontend-v1,eW9vM3lhZW00VW9naDVleGFlZm9lcGhlZTZQaG9o,False,https://w3-reporting.reddit.com/reports,,,,,,,,,,,,,
,,,,,,,,,,,,,,,,,,,,https://9f057df6115a4bb488c08ea12a835e6e@error-tracking.reddit.com/o418887/5810803,True,production,,,,,,,,
,,,,,,,,,,,,,,,,,,enabled,,,,,enabled,enabled,enabled,enabled,enabled,enabled,enabled,enabled
,,,,,,,,,,,,,,,,,,,"['https://www.reddit.com/r/webscraping/t support constructed stylesheets. See https:/lit.dev/docs/api/LitElement/#LitElement.styles        window.litNonce = ', 'https://www.redditstatic.com/avatars/defaults/v2/avatar_default_7.png', 'https://www.redditstatic.com/avatars/defaults/v2/avatar_default_5.png', 'https://www.redditstatic.com/avatars/defaults/v2/avatar_default_0.png', 'https://www.redditstatic.com/avatars/defaults/v2/avatar_default_4.png', 'https://www.redditstatic.com/avatars/defaults/v2/avatar_default_3.png', 'https://www.redditstatic.com/avatars/defaults/v2/avatar_default_6.png']",,,,,,,,,,,
https://www.reddit.com,com.reddit.RedditAppleSSO,https://devvit-gateway.reddit.com,705819728788-b2c1kcs7tst3b7ghv7at0hkqmtc68ckl.apps.googleusercontent.com,https://www.redditstatic.com/shreddit/,False,client-manifest.json,https://www.redditstatic.com/,https://www.reddit.com,https://www.reddit.com,['https://www.redditstatic.com/'],https://www.redditstatic.com/js/concat,https://www.redditstatic.com/shreddit/,https://events.redditmedia.com/v2j,ShredditFrontend-v1,eW9vM3lhZW00VW9naDVleGFlZm9lcGhlZTZQaG9o,False,https://w3-reporting.reddit.com/reports,,,,,,,,,,,,,
,,,,,,,,,,,,,,,,,,,,https://9f057df6115a4bb488c08ea12a835e6e@error-tracking.reddit.com/o418887/5810803,True,production,,,,,,,,
,,,,,,,,,,,,,,,,,,enabled,,,,,enabled,enabled,enabled,enabled,enabled,enabled,enabled,enabled
,,,,,,,,,,,,,,,,,,,"['https://www.reddit.com/r/webscraping/t support constructed stylesheets. See https:/lit.dev/docs/api/LitElement/#LitElement.styles        window.litNonce = ', 'https://www.redditstatic.com/avatars/defaults/v2/avatar_default_7.png', 'https://www.redditstatic.com/avatars/defaults/v2/avatar_default_5.png', 'https://www.redditstatic.com/avatars/defaults/v2/avatar_default_0.png', 'https://www.redditstatic.com/avatars/defaults/v2/avatar_default_4.png', 'https://www.redditstatic.com/avatars/defaults/v2/avatar_default_3.png', 'https://www.redditstatic.com/avatars/defaults/v2/avatar_default_6.png']",,,,,,,,,,,
https://www.reddit.com,com.reddit.RedditAppleSSO,https://devvit-gateway.reddit.com,705819728788-b2c1kcs7tst3b7ghv7at0hkqmtc68ckl.apps.googleusercontent.com,https://www.redditstatic.com/shreddit/,False,client-manifest.json,https://www.redditstatic.com/,https://www.reddit.com,https://www.reddit.com,['https://www.redditstatic.com/'],https://www.redditstatic.com/js/concat,https://www.redditstatic.com/shreddit/,https://events.redditmedia.com/v2j,ShredditFrontend-v1,eW9vM3lhZW00VW9naDVleGFlZm9lcGhlZTZQaG9o,False,https://w3-reporting.reddit.com/reports,,,,,,,,,,,,,
,,,,,,,,,,,,,,,,,,,,https://9f057df6115a4bb488c08ea12a835e6e@error-tracking.reddit.com/o418887/5810803,True,production,,,,,,,,
,,,,,,,,,,,,,,,,,,enabled,,,,,enabled,enabled,enabled,enabled,enabled,enabled,enabled,enabled
,,,,,,,,,,,,,,,,,,,"['https://www.reddit.com/r/webscraping/t support constructed stylesheets. See https:/lit.dev/docs/api/LitElement/#LitElement.styles        window.litNonce = ', 'https://www.redditstatic.com/avatars/defaults/v2/avatar_default_7.png', 'https://www.redditstatic.com/avatars/defaults/v2/avatar_default_5.png', 'https://www.redditstatic.com/avatars/defaults/v2/avatar_default_0.png', 'https://www.redditstatic.com/avatars/defaults/v2/avatar_default_4.png', 'https://www.redditstatic.com/avatars/defaults/v2/avatar_default_3.png', 'https://www.redditstatic.com/avatars/defaults/v2/avatar_default_6.png']",,,,,,,,,,,
https://www.reddit.com,com.reddit.RedditAppleSSO,https://devvit-gateway.reddit.com,705819728788-b2c1kcs7tst3b7ghv7at0hkqmtc68ckl.apps.googleusercontent.com,https://www.redditstatic.com/shreddit/,False,client-manifest.json,https://www.redditstatic.com/,https://www.reddit.com,https://www.reddit.com,['https://www.redditstatic.com/'],https://www.redditstatic.com/js/concat,https://www.redditstatic.com/shreddit/,https://events.redditmedia.com/v2j,ShredditFrontend-v1,eW9vM3lhZW00VW9naDVleGFlZm9lcGhlZTZQaG9o,False,https://w3-reporting.reddit.com/reports,,,,,,,,,,,,,
,,,,,,,,,,,,,,,,,,,,https://9f057df6115a4bb488c08ea12a835e6e@error-tracking.reddit.com/o418887/5810803,True,production,,,,,,,,
,,,,,,,,,,,,,,,,,,enabled,,,,,enabled,enabled,enabled,enabled,enabled,enabled,enabled,enabled
,,,,,,,,,,,,,,,,,,,"['https://www.reddit.com/r/webscraping/t support constructed stylesheets. See https:/lit.dev/docs/api/LitElement/#LitElement.styles        window.litNonce = ', 'https://www.redditstatic.com/avatars/defaults/v2/avatar_default_7.png', 'https://www.redditstatic.com/avatars/defaults/v2/avatar_default_5.png', 'https://www.redditstatic.com/avatars/defaults/v2/avatar_default_0.png', 'https://www.redditstatic.com/avatars/defaults/v2/avatar_default_4.png', 'https://www.redditstatic.com/avatars/defaults/v2/avatar_default_3.png', 'https://www.redditstatic.com/avatars/defaults/v2/avatar_default_6.png']",,,,,,,,,,,
https://www.reddit.com,com.reddit.RedditAppleSSO,https://devvit-gateway.reddit.com,705819728788-b2c1kcs7tst3b7ghv7at0hkqmtc68ckl.apps.googleusercontent.com,https://www.redditstatic.com/shreddit/,False,client-manifest.json,https://www.redditstatic.com/,https://www.reddit.com,https://www.reddit.com,['https://www.redditstatic.com/'],https://www.redditstatic.com/js/concat,https://www.redditstatic.com/shreddit/,https://events.redditmedia.com/v2j,ShredditFrontend-v1,eW9vM3lhZW00VW9naDVleGFlZm9lcGhlZTZQaG9o,False,https://w3-reporting.reddit.com/reports,,,,,,,,,,,,,
,,,,,,,,,,,,,,,,,,,,https://9f057df6115a4bb488c08ea12a835e6e@error-tracking.reddit.com/o418887/5810803,True,production,,,,,,,,
,,,,,,,,,,,,,,,,,,enabled,,,,,enabled,enabled,enabled,enabled,enabled,enabled,enabled,enabled
,,,,,,,,,,,,,,,,,,,"['https://www.reddit.com/r/webscraping/t support constructed stylesheets. See https:/lit.dev/docs/api/LitElement/#LitElement.styles        window.litNonce = ', 'https://www.redditstatic.com/avatars/defaults/v2/avatar_default_7.png', 'https://www.redditstatic.com/avatars/defaults/v2/avatar_default_5.png', 'https://www.redditstatic.com/avatars/defaults/v2/avatar_default_0.png', 'https://www.redditstatic.com/avatars/defaults/v2/avatar_default_4.png', 'https://www.redditstatic.com/avatars/defaults/v2/avatar_default_3.png', 'https://www.redditstatic.com/avatars/defaults/v2/avatar_default_6.png']",,,,,,,,,,,
https://www.reddit.com,com.reddit.RedditAppleSSO,https://devvit-gateway.reddit.com,705819728788-b2c1kcs7tst3b7ghv7at0hkqmtc68ckl.apps.googleusercontent.com,https://www.redditstatic.com/shreddit/,False,client-manifest.json,https://www.redditstatic.com/,https://www.reddit.com,https://www.reddit.com,['https://www.redditstatic.com/'],https://www.redditstatic.com/js/concat,https://www.redditstatic.com/shreddit/,https://events.redditmedia.com/v2j,ShredditFrontend-v1,eW9vM3lhZW00VW9naDVleGFlZm9lcGhlZTZQaG9o,False,https://w3-reporting.reddit.com/reports,,,,,,,,,,,,,
,,,,,,,,,,,,,,,,,,,,https://9f057df6115a4bb488c08ea12a835e6e@error-tracking.reddit.com/o418887/5810803,True,production,,,,,,,,
,,,,,,,,,,,,,,,,,,enabled,,,,,enabled,enabled,enabled,enabled,enabled,enabled,enabled,enabled
,,,,,,,,,,,,,,,,,,,"['https://www.reddit.com/r/webscraping/t support constructed stylesheets. See https:/lit.dev/docs/api/LitElement/#LitElement.styles        window.litNonce = ', 'https://www.redditstatic.com/avatars/defaults/v2/avatar_default_7.png', 'https://www.redditstatic.com/avatars/defaults/v2/avatar_default_5.png', 'https://www.redditstatic.com/avatars/defaults/v2/avatar_default_0.png', 'https://www.redditstatic.com/avatars/defaults/v2/avatar_default_4.png', 'https://www.redditstatic.com/avatars/defaults/v2/avatar_default_3.png', 'https://www.redditstatic.com/avatars/defaults/v2/avatar_default_6.png']",,,,,,,,,,,
https://www.reddit.com,com.reddit.RedditAppleSSO,https://devvit-gateway.reddit.com,705819728788-b2c1kcs7tst3b7ghv7at0hkqmtc68ckl.apps.googleusercontent.com,https://www.redditstatic.com/shreddit/,False,client-manifest.json,https://www.redditstatic.com/,https://www.reddit.com,https://www.reddit.com,['https://www.redditstatic.com/'],https://www.redditstatic.com/js/concat,https://www.redditstatic.com/shreddit/,https://events.redditmedia.com/v2j,ShredditFrontend-v1,eW9vM3lhZW00VW9naDVleGFlZm9lcGhlZTZQaG9o,False,https://w3-reporting.reddit.com/reports,,,,,,,,,,,,,
,,,,,,,,,,,,,,,,,,,,https://9f057df6115a4bb488c08ea12a835e6e@error-tracking.reddit.com/o418887/5810803,True,production,,,,,,,,
,,,,,,,,,,,,,,,,,,enabled,,,,,enabled,enabled,enabled,enabled,enabled,enabled,enabled,enabled
,,,,,,,,,,,,,,,,,,,"['https://www.reddit.com/r/webscraping/t support constructed stylesheets. See https:/lit.dev/docs/api/LitElement/#LitElement.styles        window.litNonce = ', 'https://www.redditstatic.com/avatars/defaults/v2/avatar_default_7.png', 'https://www.redditstatic.com/avatars/defaults/v2/avatar_default_5.png', 'https://www.redditstatic.com/avatars/defaults/v2/avatar_default_0.png', 'https://www.redditstatic.com/avatars/defaults/v2/avatar_default_4.png', 'https://www.redditstatic.com/avatars/defaults/v2/avatar_default_3.png', 'https://www.redditstatic.com/avatars/defaults/v2/avatar_default_6.png']",,,,,,,,,,,
https://www.reddit.com,com.reddit.RedditAppleSSO,https://devvit-gateway.reddit.com,705819728788-b2c1kcs7tst3b7ghv7at0hkqmtc68ckl.apps.googleusercontent.com,https://www.redditstatic.com/shreddit/,False,client-manifest.json,https://www.redditstatic.com/,https://www.reddit.com,https://www.reddit.com,['https://www.redditstatic.com/'],https://www.redditstatic.com/js/concat,https://www.redditstatic.com/shreddit/,https://events.redditmedia.com/v2j,ShredditFrontend-v1,eW9vM3lhZW00VW9naDVleGFlZm9lcGhlZTZQaG9o,False,https://w3-reporting.reddit.com/reports,,,,,,,,,,,,,
,,,,,,,,,,,,,,,,,,,,https://9f057df6115a4bb488c08ea12a835e6e@error-tracking.reddit.com/o418887/5810803,True,production,,,,,,,,
,,,,,,,,,,,,,,,,,,enabled,,,,,enabled,enabled,enabled,enabled,enabled,enabled,enabled,enabled
,,,,,,,,,,,,,,,,,,,"['https://www.reddit.com/r/webscraping/t support constructed stylesheets. See https:/lit.dev/docs/api/LitElement/#LitElement.styles        window.litNonce = ', 'https://www.redditstatic.com/avatars/defaults/v2/avatar_default_7.png', 'https://www.redditstatic.com/avatars/defaults/v2/avatar_default_5.png', 'https://www.redditstatic.com/avatars/defaults/v2/avatar_default_0.png', 'https://www.redditstatic.com/avatars/defaults/v2/avatar_default_4.png', 'https://www.redditstatic.com/avatars/defaults/v2/avatar_default_3.png', 'https://www.redditstatic.com/avatars/defaults/v2/avatar_default_6.png']",,,,,,,,,,,
https://www.reddit.com,com.reddit.RedditAppleSSO,https://devvit-gateway.reddit.com,705819728788-b2c1kcs7tst3b7ghv7at0hkqmtc68ckl.apps.googleusercontent.com,https://www.redditstatic.com/shreddit/,False,client-manifest.json,https://www.redditstatic.com/,https://www.reddit.com,https://www.reddit.com,['https://www.redditstatic.com/'],https://www.redditstatic.com/js/concat,https://www.redditstatic.com/shreddit/,https://events.redditmedia.com/v2j,ShredditFrontend-v1,eW9vM3lhZW00VW9naDVleGFlZm9lcGhlZTZQaG9o,False,https://w3-reporting.reddit.com/reports,,,,,,,,,,,,,
,,,,,,,,,,,,,,,,,,,,https://9f057df6115a4bb488c08ea12a835e6e@error-tracking.reddit.com/o418887/5810803,True,production,,,,,,,,
,,,,,,,,,,,,,,,,,,enabled,,,,,enabled,enabled,enabled,enabled,enabled,enabled,enabled,enabled
,,,,,,,,,,,,,,,,,,,"['https://www.reddit.com/r/webscraping/t support constructed stylesheets. See https:/lit.dev/docs/api/LitElement/#LitElement.styles        window.litNonce = ', 'https://www.redditstatic.com/avatars/defaults/v2/avatar_default_7.png', 'https://www.redditstatic.com/avatars/defaults/v2/avatar_default_5.png', 'https://www.redditstatic.com/avatars/defaults/v2/avatar_default_0.png', 'https://www.redditstatic.com/avatars/defaults/v2/avatar_default_4.png', 'https://www.redditstatic.com/avatars/defaults/v2/avatar_default_3.png', 'https://www.redditstatic.com/avatars/defaults/v2/avatar_default_6.png']",,,,,,,,,,,
https://www.reddit.com,com.reddit.RedditAppleSSO,https://devvit-gateway.reddit.com,705819728788-b2c1kcs7tst3b7ghv7at0hkqmtc68ckl.apps.googleusercontent.com,https://www.redditstatic.com/shreddit/,False,client-manifest.json,https://www.redditstatic.com/,https://www.reddit.com,https://www.reddit.com,['https://www.redditstatic.com/'],https://www.redditstatic.com/js/concat,https://www.redditstatic.com/shreddit/,https://events.redditmedia.com/v2j,ShredditFrontend-v1,eW9vM3lhZW00VW9naDVleGFlZm9lcGhlZTZQaG9o,False,https://w3-reporting.reddit.com/reports,,,,,,,,,,,,,
,,,,,,,,,,,,,,,,,,,,https://9f057df6115a4bb488c08ea12a835e6e@error-tracking.reddit.com/o418887/5810803,True,production,,,,,,,,
,,,,,,,,,,,,,,,,,,enabled,,,,,enabled,enabled,enabled,enabled,enabled,enabled,enabled,enabled
,,,,,,,,,,,,,,,,,,,"['https://www.reddit.com/r/webscraping/t support constructed stylesheets. See https:/lit.dev/docs/api/LitElement/#LitElement.styles        window.litNonce = ', 'https://www.redditstatic.com/avatars/defaults/v2/avatar_default_7.png', 'https://www.redditstatic.com/avatars/defaults/v2/avatar_default_5.png', 'https://www.redditstatic.com/avatars/defaults/v2/avatar_default_0.png', 'https://www.redditstatic.com/avatars/defaults/v2/avatar_default_4.png', 'https://www.redditstatic.com/avatars/defaults/v2/avatar_default_3.png', 'https://www.redditstatic.com/avatars/defaults/v2/avatar_default_6.png']",,,,,,,,,,,
https://www.reddit.com,com.reddit.RedditAppleSSO,https://devvit-gateway.reddit.com,705819728788-b2c1kcs7tst3b7ghv7at0hkqmtc68ckl.apps.googleusercontent.com,https://www.redditstatic.com/shreddit/,False,client-manifest.json,https://www.redditstatic.com/,https://www.reddit.com,https://www.reddit.com,['https://www.redditstatic.com/'],https://www.redditstatic.com/js/concat,https://www.redditstatic.com/shreddit/,https://events.redditmedia.com/v2j,ShredditFrontend-v1,eW9vM3lhZW00VW9naDVleGFlZm9lcGhlZTZQaG9o,False,https://w3-reporting.reddit.com/reports,,,,,,,,,,,,,
,,,,,,,,,,,,,,,,,,,,https://9f057df6115a4bb488c08ea12a835e6e@error-tracking.reddit.com/o418887/5810803,True,production,,,,,,,,
,,,,,,,,,,,,,,,,,,enabled,,,,,enabled,enabled,enabled,enabled,enabled,enabled,enabled,enabled
,,,,,,,,,,,,,,,,,,,"['https://www.reddit.com/r/webscraping/t support constructed stylesheets. See https:/lit.dev/docs/api/LitElement/#LitElement.styles        window.litNonce = ', 'https://www.redditstatic.com/avatars/defaults/v2/avatar_default_7.png', 'https://www.redditstatic.com/avatars/defaults/v2/avatar_default_5.png', 'https://www.redditstatic.com/avatars/defaults/v2/avatar_default_0.png', 'https://www.redditstatic.com/avatars/defaults/v2/avatar_default_4.png', 'https://www.redditstatic.com/avatars/defaults/v2/avatar_default_3.png', 'https://www.redditstatic.com/avatars/defaults/v2/avatar_default_6.png']",,,,,,,,,,,
https://www.reddit.com,com.reddit.RedditAppleSSO,https://devvit-gateway.reddit.com,705819728788-b2c1kcs7tst3b7ghv7at0hkqmtc68ckl.apps.googleusercontent.com,https://www.redditstatic.com/shreddit/,False,client-manifest.json,https://www.redditstatic.com/,https://www.reddit.com,https://www.reddit.com,['https://www.redditstatic.com/'],https://www.redditstatic.com/js/concat,https://www.redditstatic.com/shreddit/,https://events.redditmedia.com/v2j,ShredditFrontend-v1,eW9vM3lhZW00VW9naDVleGFlZm9lcGhlZTZQaG9o,False,https://w3-reporting.reddit.com/reports,,,,,,,,,,,,,
,,,,,,,,,,,,,,,,,,,,https://9f057df6115a4bb488c08ea12a835e6e@error-tracking.reddit.com/o418887/5810803,True,production,,,,,,,,
,,,,,,,,,,,,,,,,,,enabled,,,,,enabled,enabled,enabled,enabled,enabled,enabled,enabled,enabled
,,,,,,,,,,,,,,,,,,,"['https://www.reddit.com/r/webscraping/t support constructed stylesheets. See https:/lit.dev/docs/api/LitElement/#LitElement.styles        window.litNonce = ', 'https://www.redditstatic.com/avatars/defaults/v2/avatar_default_7.png', 'https://www.redditstatic.com/avatars/defaults/v2/avatar_default_5.png', 'https://www.redditstatic.com/avatars/defaults/v2/avatar_default_0.png', 'https://www.redditstatic.com/avatars/defaults/v2/avatar_default_4.png', 'https://www.redditstatic.com/avatars/defaults/v2/avatar_default_3.png', 'https://www.redditstatic.com/avatars/defaults/v2/avatar_default_6.png']",,,,,,,,,,,
https://www.reddit.com,com.reddit.RedditAppleSSO,https://devvit-gateway.reddit.com,705819728788-b2c1kcs7tst3b7ghv7at0hkqmtc68ckl.apps.googleusercontent.com,https://www.redditstatic.com/shreddit/,False,client-manifest.json,https://www.redditstatic.com/,https://www.reddit.com,https://www.reddit.com,['https://www.redditstatic.com/'],https://www.redditstatic.com/js/concat,https://www.redditstatic.com/shreddit/,https://events.redditmedia.com/v2j,ShredditFrontend-v1,eW9vM3lhZW00VW9naDVleGFlZm9lcGhlZTZQaG9o,False,https://w3-reporting.reddit.com/reports,,,,,,,,,,,,,
,,,,,,,,,,,,,,,,,,,,https://9f057df6115a4bb488c08ea12a835e6e@error-tracking.reddit.com/o418887/5810803,True,production,,,,,,,,
,,,,,,,,,,,,,,,,,,enabled,,,,,enabled,enabled,enabled,enabled,enabled,enabled,enabled,enabled
,,,,,,,,,,,,,,,,,,,"['https://www.reddit.com/r/webscraping/t support constructed stylesheets. See https:/lit.dev/docs/api/LitElement/#LitElement.styles        window.litNonce = ', 'https://www.redditstatic.com/avatars/defaults/v2/avatar_default_7.png', 'https://www.redditstatic.com/avatars/defaults/v2/avatar_default_5.png', 'https://www.redditstatic.com/avatars/defaults/v2/avatar_default_0.png', 'https://www.redditstatic.com/avatars/defaults/v2/avatar_default_4.png', 'https://www.redditstatic.com/avatars/defaults/v2/avatar_default_3.png', 'https://www.redditstatic.com/avatars/defaults/v2/avatar_default_6.png']",,,,,,,,,,,
https://www.reddit.com,com.reddit.RedditAppleSSO,https://devvit-gateway.reddit.com,705819728788-b2c1kcs7tst3b7ghv7at0hkqmtc68ckl.apps.googleusercontent.com,https://www.redditstatic.com/shreddit/,False,client-manifest.json,https://www.redditstatic.com/,https://www.reddit.com,https://www.reddit.com,['https://www.redditstatic.com/'],https://www.redditstatic.com/js/concat,https://www.redditstatic.com/shreddit/,https://events.redditmedia.com/v2j,ShredditFrontend-v1,eW9vM3lhZW00VW9naDVleGFlZm9lcGhlZTZQaG9o,False,https://w3-reporting.reddit.com/reports,,,,,,,,,,,,,
,,,,,,,,,,,,,,,,,,,,https://9f057df6115a4bb488c08ea12a835e6e@error-tracking.reddit.com/o418887/5810803,True,production,,,,,,,,
,,,,,,,,,,,,,,,,,,enabled,,,,,enabled,enabled,enabled,enabled,enabled,enabled,enabled,enabled
,,,,,,,,,,,,,,,,,,,"['https://www.reddit.com/r/webscraping/t support constructed stylesheets. See https:/lit.dev/docs/api/LitElement/#LitElement.styles        window.litNonce = ', 'https://www.redditstatic.com/avatars/defaults/v2/avatar_default_7.png', 'https://www.redditstatic.com/avatars/defaults/v2/avatar_default_5.png', 'https://www.redditstatic.com/avatars/defaults/v2/avatar_default_0.png', 'https://www.redditstatic.com/avatars/defaults/v2/avatar_default_4.png', 'https://www.redditstatic.com/avatars/defaults/v2/avatar_default_3.png', 'https://www.redditstatic.com/avatars/defaults/v2/avatar_default_6.png']",,,,,,,,,,,
https://www.reddit.com,com.reddit.RedditAppleSSO,https://devvit-gateway.reddit.com,705819728788-b2c1kcs7tst3b7ghv7at0hkqmtc68ckl.apps.googleusercontent.com,https://www.redditstatic.com/shreddit/,False,client-manifest.json,https://www.redditstatic.com/,https://www.reddit.com,https://www.reddit.com,['https://www.redditstatic.com/'],https://www.redditstatic.com/js/concat,https://www.redditstatic.com/shreddit/,https://events.redditmedia.com/v2j,ShredditFrontend-v1,eW9vM3lhZW00VW9naDVleGFlZm9lcGhlZTZQaG9o,False,https://w3-reporting.reddit.com/reports,,,,,,,,,,,,,
,,,,,,,,,,,,,,,,,,,,https://9f057df6115a4bb488c08ea12a835e6e@error-tracking.reddit.com/o418887/5810803,True,production,,,,,,,,
,,,,,,,,,,,,,,,,,,enabled,,,,,enabled,enabled,enabled,enabled,enabled,enabled,enabled,enabled
,,,,,,,,,,,,,,,,,,,"['https://www.reddit.com/r/webscraping/t support constructed stylesheets. See https:/lit.dev/docs/api/LitElement/#LitElement.styles        window.litNonce = ', 'https://www.redditstatic.com/avatars/defaults/v2/avatar_default_7.png', 'https://www.redditstatic.com/avatars/defaults/v2/avatar_default_5.png', 'https://www.redditstatic.com/avatars/defaults/v2/avatar_default_0.png', 'https://www.redditstatic.com/avatars/defaults/v2/avatar_default_4.png', 'https://www.redditstatic.com/avatars/defaults/v2/avatar_default_3.png', 'https://www.redditstatic.com/avatars/defaults/v2/avatar_default_6.png']",,,,,,,,,,,
https://www.reddit.com,com.reddit.RedditAppleSSO,https://devvit-gateway.reddit.com,705819728788-b2c1kcs7tst3b7ghv7at0hkqmtc68ckl.apps.googleusercontent.com,https://www.redditstatic.com/shreddit/,False,client-manifest.json,https://www.redditstatic.com/,https://www.reddit.com,https://www.reddit.com,['https://www.redditstatic.com/'],https://www.redditstatic.com/js/concat,https://www.redditstatic.com/shreddit/,https://events.redditmedia.com/v2j,ShredditFrontend-v1,eW9vM3lhZW00VW9naDVleGFlZm9lcGhlZTZQaG9o,False,https://w3-reporting.reddit.com/reports,,,,,,,,,,,,,
,,,,,,,,,,,,,,,,,,,,https://9f057df6115a4bb488c08ea12a835e6e@error-tracking.reddit.com/o418887/5810803,True,production,,,,,,,,
,,,,,,,,,,,,,,,,,,enabled,,,,,enabled,enabled,enabled,enabled,enabled,enabled,enabled,enabled
,,,,,,,,,,,,,,,,,,,"['https://www.reddit.com/r/webscraping/t support constructed stylesheets. See https:/lit.dev/docs/api/LitElement/#LitElement.styles        window.litNonce = ', 'https://www.redditstatic.com/avatars/defaults/v2/avatar_default_7.png', 'https://www.redditstatic.com/avatars/defaults/v2/avatar_default_5.png', 'https://www.redditstatic.com/avatars/defaults/v2/avatar_default_0.png', 'https://www.redditstatic.com/avatars/defaults/v2/avatar_default_4.png', 'https://www.redditstatic.com/avatars/defaults/v2/avatar_default_3.png', 'https://www.redditstatic.com/avatars/defaults/v2/avatar_default_6.png']",,,,,,,,,,,
https://www.reddit.com,com.reddit.RedditAppleSSO,https://devvit-gateway.reddit.com,705819728788-b2c1kcs7tst3b7ghv7at0hkqmtc68ckl.apps.googleusercontent.com,https://www.redditstatic.com/shreddit/,False,client-manifest.json,https://www.redditstatic.com/,https://www.reddit.com,https://www.reddit.com,['https://www.redditstatic.com/'],https://www.redditstatic.com/js/concat,https://www.redditstatic.com/shreddit/,https://events.redditmedia.com/v2j,ShredditFrontend-v1,eW9vM3lhZW00VW9naDVleGFlZm9lcGhlZTZQaG9o,False,https://w3-reporting.reddit.com/reports,,,,,,,,,,,,,
,,,,,,,,,,,,,,,,,,,,https://9f057df6115a4bb488c08ea12a835e6e@error-tracking.reddit.com/o418887/5810803,True,production,,,,,,,,
,,,,,,,,,,,,,,,,,,enabled,,,,,enabled,enabled,enabled,enabled,enabled,enabled,enabled,enabled
,,,,,,,,,,,,,,,,,,,"['https://www.reddit.com/r/webscraping/t support constructed stylesheets. See https:/lit.dev/docs/api/LitElement/#LitElement.styles        window.litNonce = ', 'https://www.redditstatic.com/avatars/defaults/v2/avatar_default_7.png', 'https://www.redditstatic.com/avatars/defaults/v2/avatar_default_5.png', 'https://www.redditstatic.com/avatars/defaults/v2/avatar_default_0.png', 'https://www.redditstatic.com/avatars/defaults/v2/avatar_default_4.png', 'https://www.redditstatic.com/avatars/defaults/v2/avatar_default_3.png', 'https://www.redditstatic.com/avatars/defaults/v2/avatar_default_6.png']",,,,,,,,,,,
https://www.reddit.com,com.reddit.RedditAppleSSO,https://devvit-gateway.reddit.com,705819728788-b2c1kcs7tst3b7ghv7at0hkqmtc68ckl.apps.googleusercontent.com,https://www.redditstatic.com/shreddit/,False,client-manifest.json,https://www.redditstatic.com/,https://www.reddit.com,https://www.reddit.com,['https://www.redditstatic.com/'],https://www.redditstatic.com/js/concat,https://www.redditstatic.com/shreddit/,https://events.redditmedia.com/v2j,ShredditFrontend-v1,eW9vM3lhZW00VW9naDVleGFlZm9lcGhlZTZQaG9o,False,https://w3-reporting.reddit.com/reports,,,,,,,,,,,,,
,,,,,,,,,,,,,,,,,,,,https://9f057df6115a4bb488c08ea12a835e6e@error-tracking.reddit.com/o418887/5810803,True,production,,,,,,,,
,,,,,,,,,,,,,,,,,,enabled,,,,,enabled,enabled,enabled,enabled,enabled,enabled,enabled,enabled
,,,,,,,,,,,,,,,,,,,"['https://www.reddit.com/r/webscraping/t support constructed stylesheets. See https:/lit.dev/docs/api/LitElement/#LitElement.styles        window.litNonce = ', 'https://www.redditstatic.com/avatars/defaults/v2/avatar_default_5.png', 'https://www.redditstatic.com/avatars/defaults/v2/avatar_default_7.png', 'https://www.redditstatic.com/avatars/defaults/v2/avatar_default_0.png', 'https://www.redditstatic.com/avatars/defaults/v2/avatar_default_4.png', 'https://www.redditstatic.com/avatars/defaults/v2/avatar_default_3.png', 'https://www.redditstatic.com/avatars/defaults/v2/avatar_default_6.png']",,,,,,,,,,,
https://www.reddit.com,com.reddit.RedditAppleSSO,https://devvit-gateway.reddit.com,705819728788-b2c1kcs7tst3b7ghv7at0hkqmtc68ckl.apps.googleusercontent.com,https://www.redditstatic.com/shreddit/,False,client-manifest.json,https://www.redditstatic.com/,https://www.reddit.com,https://www.reddit.com,['https://www.redditstatic.com/'],https://www.redditstatic.com/js/concat,https://www.redditstatic.com/shreddit/,https://events.redditmedia.com/v2j,ShredditFrontend-v1,eW9vM3lhZW00VW9naDVleGFlZm9lcGhlZTZQaG9o,False,https://w3-reporting.reddit.com/reports,,,,,,,,,,,,,
,,,,,,,,,,,,,,,,,,,,https://9f057df6115a4bb488c08ea12a835e6e@error-tracking.reddit.com/o418887/5810803,True,production,,,,,,,,
,,,,,,,,,,,,,,,,,,enabled,,,,,enabled,enabled,enabled,enabled,enabled,enabled,enabled,enabled
,,,,,,,,,,,,,,,,,,,"['https://www.reddit.com/r/webscraping/t support constructed stylesheets. See https:/lit.dev/docs/api/LitElement/#LitElement.styles        window.litNonce = ', 'https://www.redditstatic.com/avatars/defaults/v2/avatar_default_7.png', 'https://www.redditstatic.com/avatars/defaults/v2/avatar_default_5.png', 'https://www.redditstatic.com/avatars/defaults/v2/avatar_default_0.png', 'https://www.redditstatic.com/avatars/defaults/v2/avatar_default_4.png', 'https://www.redditstatic.com/avatars/defaults/v2/avatar_default_3.png', 'https://www.redditstatic.com/avatars/defaults/v2/avatar_default_6.png']",,,,,,,,,,,
https://www.reddit.com,com.reddit.RedditAppleSSO,https://devvit-gateway.reddit.com,705819728788-b2c1kcs7tst3b7ghv7at0hkqmtc68ckl.apps.googleusercontent.com,https://www.redditstatic.com/shreddit/,False,client-manifest.json,https://www.redditstatic.com/,https://www.reddit.com,https://www.reddit.com,['https://www.redditstatic.com/'],https://www.redditstatic.com/js/concat,https://www.redditstatic.com/shreddit/,https://events.redditmedia.com/v2j,ShredditFrontend-v1,eW9vM3lhZW00VW9naDVleGFlZm9lcGhlZTZQaG9o,False,https://w3-reporting.reddit.com/reports,,,,,,,,,,,,,
,,,,,,,,,,,,,,,,,,,,https://9f057df6115a4bb488c08ea12a835e6e@error-tracking.reddit.com/o418887/5810803,True,production,,,,,,,,
,,,,,,,,,,,,,,,,,,enabled,,,,,enabled,enabled,enabled,enabled,enabled,enabled,enabled,enabled
,,,,,,,,,,,,,,,,,,,"['https://www.reddit.com/r/webscraping/t support constructed stylesheets. See https:/lit.dev/docs/api/LitElement/#LitElement.styles        window.litNonce = ', 'https://www.redditstatic.com/avatars/defaults/v2/avatar_default_7.png', 'https://www.redditstatic.com/avatars/defaults/v2/avatar_default_5.png', 'https://www.redditstatic.com/avatars/defaults/v2/avatar_default_0.png', 'https://www.redditstatic.com/avatars/defaults/v2/avatar_default_4.png', 'https://www.redditstatic.com/avatars/defaults/v2/avatar_default_3.png', 'https://www.redditstatic.com/avatars/defaults/v2/avatar_default_6.png']",,,,,,,,,,,
https://www.reddit.com,com.reddit.RedditAppleSSO,https://devvit-gateway.reddit.com,705819728788-b2c1kcs7tst3b7ghv7at0hkqmtc68ckl.apps.googleusercontent.com,https://www.redditstatic.com/shreddit/,False,client-manifest.json,https://www.redditstatic.com/,https://www.reddit.com,https://www.reddit.com,['https://www.redditstatic.com/'],https://www.redditstatic.com/js/concat,https://www.redditstatic.com/shreddit/,https://events.redditmedia.com/v2j,ShredditFrontend-v1,eW9vM3lhZW00VW9naDVleGFlZm9lcGhlZTZQaG9o,False,https://w3-reporting.reddit.com/reports,,,,,,,,,,,,,
,,,,,,,,,,,,,,,,,,,,https://9f057df6115a4bb488c08ea12a835e6e@error-tracking.reddit.com/o418887/5810803,True,production,,,,,,,,
,,,,,,,,,,,,,,,,,,enabled,,,,,enabled,enabled,enabled,enabled,enabled,enabled,enabled,enabled
,,,,,,,,,,,,,,,,,,,"['https://www.reddit.com/r/webscraping/t support constructed stylesheets. See https:/lit.dev/docs/api/LitElement/#LitElement.styles        window.litNonce = ', 'https://www.redditstatic.com/avatars/defaults/v2/avatar_default_7.png', 'https://www.redditstatic.com/avatars/defaults/v2/avatar_default_5.png', 'https://www.redditstatic.com/avatars/defaults/v2/avatar_default_0.png', 'https://www.redditstatic.com/avatars/defaults/v2/avatar_default_4.png', 'https://www.redditstatic.com/avatars/defaults/v2/avatar_default_3.png', 'https://www.redditstatic.com/avatars/defaults/v2/avatar_default_6.png']",,,,,,,,,,,
https://www.reddit.com,com.reddit.RedditAppleSSO,https://devvit-gateway.reddit.com,705819728788-b2c1kcs7tst3b7ghv7at0hkqmtc68ckl.apps.googleusercontent.com,https://www.redditstatic.com/shreddit/,False,client-manifest.json,https://www.redditstatic.com/,https://www.reddit.com,https://www.reddit.com,['https://www.redditstatic.com/'],https://www.redditstatic.com/js/concat,https://www.redditstatic.com/shreddit/,https://events.redditmedia.com/v2j,ShredditFrontend-v1,eW9vM3lhZW00VW9naDVleGFlZm9lcGhlZTZQaG9o,False,https://w3-reporting.reddit.com/reports,,,,,,,,,,,,,
,,,,,,,,,,,,,,,,,,,,https://9f057df6115a4bb488c08ea12a835e6e@error-tracking.reddit.com/o418887/5810803,True,production,,,,,,,,
,,,,,,,,,,,,,,,,,,enabled,,,,,enabled,enabled,enabled,enabled,enabled,enabled,enabled,enabled
,,,,,,,,,,,,,,,,,,,"['https://www.reddit.com/r/webscraping/t support constructed stylesheets. See https:/lit.dev/docs/api/LitElement/#LitElement.styles        window.litNonce = ', 'https://www.redditstatic.com/avatars/defaults/v2/avatar_default_7.png', 'https://www.redditstatic.com/avatars/defaults/v2/avatar_default_5.png', 'https://www.redditstatic.com/avatars/defaults/v2/avatar_default_0.png', 'https://www.redditstatic.com/avatars/defaults/v2/avatar_default_4.png', 'https://www.redditstatic.com/avatars/defaults/v2/avatar_default_3.png', 'https://www.redditstatic.com/avatars/defaults/v2/avatar_default_6.png']",,,,,,,,,,,
https://www.reddit.com,com.reddit.RedditAppleSSO,https://devvit-gateway.reddit.com,705819728788-b2c1kcs7tst3b7ghv7at0hkqmtc68ckl.apps.googleusercontent.com,https://www.redditstatic.com/shreddit/,False,client-manifest.json,https://www.redditstatic.com/,https://www.reddit.com,https://www.reddit.com,['https://www.redditstatic.com/'],https://www.redditstatic.com/js/concat,https://www.redditstatic.com/shreddit/,https://events.redditmedia.com/v2j,ShredditFrontend-v1,eW9vM3lhZW00VW9naDVleGFlZm9lcGhlZTZQaG9o,False,https://w3-reporting.reddit.com/reports,,,,,,,,,,,,,
,,,,,,,,,,,,,,,,,,,,https://9f057df6115a4bb488c08ea12a835e6e@error-tracking.reddit.com/o418887/5810803,True,production,,,,,,,,
,,,,,,,,,,,,,,,,,,enabled,,,,,enabled,enabled,enabled,enabled,enabled,enabled,enabled,enabled
,,,,,,,,,,,,,,,,,,,"['https://www.reddit.com/r/webscraping/t support constructed stylesheets. See https:/lit.dev/docs/api/LitElement/#LitElement.styles        window.litNonce = ', 'https://www.redditstatic.com/avatars/defaults/v2/avatar_default_7.png', 'https://www.redditstatic.com/avatars/defaults/v2/avatar_default_5.png', 'https://www.redditstatic.com/avatars/defaults/v2/avatar_default_0.png', 'https://www.redditstatic.com/avatars/defaults/v2/avatar_default_4.png', 'https://www.redditstatic.com/avatars/defaults/v2/avatar_default_3.png', 'https://www.redditstatic.com/avatars/defaults/v2/avatar_default_6.png']",,,,,,,,,,,
https://www.reddit.com,com.reddit.RedditAppleSSO,https://devvit-gateway.reddit.com,705819728788-b2c1kcs7tst3b7ghv7at0hkqmtc68ckl.apps.googleusercontent.com,https://www.redditstatic.com/shreddit/,False,client-manifest.json,https://www.redditstatic.com/,https://www.reddit.com,https://www.reddit.com,['https://www.redditstatic.com/'],https://www.redditstatic.com/js/concat,https://www.redditstatic.com/shreddit/,https://events.redditmedia.com/v2j,ShredditFrontend-v1,eW9vM3lhZW00VW9naDVleGFlZm9lcGhlZTZQaG9o,False,https://w3-reporting.reddit.com/reports,,,,,,,,,,,,,
,,,,,,,,,,,,,,,,,,,,https://9f057df6115a4bb488c08ea12a835e6e@error-tracking.reddit.com/o418887/5810803,True,production,,,,,,,,
,,,,,,,,,,,,,,,,,,enabled,,,,,enabled,enabled,enabled,enabled,enabled,enabled,enabled,enabled
,,,,,,,,,,,,,,,,,,,"['https://www.reddit.com/r/webscraping/t support constructed stylesheets. See https:/lit.dev/docs/api/LitElement/#LitElement.styles        window.litNonce = ', 'https://www.redditstatic.com/avatars/defaults/v2/avatar_default_7.png', 'https://www.redditstatic.com/avatars/defaults/v2/avatar_default_5.png', 'https://www.redditstatic.com/avatars/defaults/v2/avatar_default_0.png', 'https://www.redditstatic.com/avatars/defaults/v2/avatar_default_4.png', 'https://www.redditstatic.com/avatars/defaults/v2/avatar_default_3.png', 'https://www.redditstatic.com/avatars/defaults/v2/avatar_default_6.png']",,,,,,,,,,,
https://www.reddit.com,com.reddit.RedditAppleSSO,https://devvit-gateway.reddit.com,705819728788-b2c1kcs7tst3b7ghv7at0hkqmtc68ckl.apps.googleusercontent.com,https://www.redditstatic.com/shreddit/,False,client-manifest.json,https://www.redditstatic.com/,https://www.reddit.com,https://www.reddit.com,['https://www.redditstatic.com/'],https://www.redditstatic.com/js/concat,https://www.redditstatic.com/shreddit/,https://events.redditmedia.com/v2j,ShredditFrontend-v1,eW9vM3lhZW00VW9naDVleGFlZm9lcGhlZTZQaG9o,False,https://w3-reporting.reddit.com/reports,,,,,,,,,,,,,
,,,,,,,,,,,,,,,,,,,,https://9f057df6115a4bb488c08ea12a835e6e@error-tracking.reddit.com/o418887/5810803,True,production,,,,,,,,
,,,,,,,,,,,,,,,,,,enabled,,,,,enabled,enabled,enabled,enabled,enabled,enabled,enabled,enabled
,,,,,,,,,,,,,,,,,,,"['https://www.reddit.com/r/webscraping/t support constructed stylesheets. See https:/lit.dev/docs/api/LitElement/#LitElement.styles        window.litNonce = ', 'https://www.redditstatic.com/avatars/defaults/v2/avatar_default_7.png', 'https://www.redditstatic.com/avatars/defaults/v2/avatar_default_5.png', 'https://www.redditstatic.com/avatars/defaults/v2/avatar_default_0.png', 'https://www.redditstatic.com/avatars/defaults/v2/avatar_default_4.png', 'https://www.redditstatic.com/avatars/defaults/v2/avatar_default_3.png', 'https://www.redditstatic.com/avatars/defaults/v2/avatar_default_6.png']",,,,,,,,,,,
https://www.reddit.com,com.reddit.RedditAppleSSO,https://devvit-gateway.reddit.com,705819728788-b2c1kcs7tst3b7ghv7at0hkqmtc68ckl.apps.googleusercontent.com,https://www.redditstatic.com/shreddit/,False,client-manifest.json,https://www.redditstatic.com/,https://www.reddit.com,https://www.reddit.com,['https://www.redditstatic.com/'],https://www.redditstatic.com/js/concat,https://www.redditstatic.com/shreddit/,https://events.redditmedia.com/v2j,ShredditFrontend-v1,eW9vM3lhZW00VW9naDVleGFlZm9lcGhlZTZQaG9o,False,https://w3-reporting.reddit.com/reports,,,,,,,,,,,,,
,,,,,,,,,,,,,,,,,,,,https://9f057df6115a4bb488c08ea12a835e6e@error-tracking.reddit.com/o418887/5810803,True,production,,,,,,,,
,,,,,,,,,,,,,,,,,,enabled,,,,,enabled,enabled,enabled,enabled,enabled,enabled,enabled,enabled
,,,,,,,,,,,,,,,,,,,"['https://www.reddit.com/r/webscraping/t support constructed stylesheets. See https:/lit.dev/docs/api/LitElement/#LitElement.styles        window.litNonce = ', 'https://www.redditstatic.com/avatars/defaults/v2/avatar_default_7.png', 'https://www.redditstatic.com/avatars/defaults/v2/avatar_default_5.png', 'https://www.redditstatic.com/avatars/defaults/v2/avatar_default_0.png', 'https://www.redditstatic.com/avatars/defaults/v2/avatar_default_4.png', 'https://www.redditstatic.com/avatars/defaults/v2/avatar_default_3.png', 'https://www.redditstatic.com/avatars/defaults/v2/avatar_default_6.png']",,,,,,,,,,,
https://www.reddit.com,com.reddit.RedditAppleSSO,https://devvit-gateway.reddit.com,705819728788-b2c1kcs7tst3b7ghv7at0hkqmtc68ckl.apps.googleusercontent.com,https://www.redditstatic.com/shreddit/,False,client-manifest.json,https://www.redditstatic.com/,https://www.reddit.com,https://www.reddit.com,['https://www.redditstatic.com/'],https://www.redditstatic.com/js/concat,https://www.redditstatic.com/shreddit/,https://events.redditmedia.com/v2j,ShredditFrontend-v1,eW9vM3lhZW00VW9naDVleGFlZm9lcGhlZTZQaG9o,False,https://w3-reporting.reddit.com/reports,,,,,,,,,,,,,
,,,,,,,,,,,,,,,,,,,,https://9f057df6115a4bb488c08ea12a835e6e@error-tracking.reddit.com/o418887/5810803,True,production,,,,,,,,
,,,,,,,,,,,,,,,,,,enabled,,,,,enabled,enabled,enabled,enabled,enabled,enabled,enabled,enabled
,,,,,,,,,,,,,,,,,,,"['https://www.reddit.com/r/webscraping/t support constructed stylesheets. See https:/lit.dev/docs/api/LitElement/#LitElement.styles        window.litNonce = ', 'https://www.redditstatic.com/avatars/defaults/v2/avatar_default_7.png', 'https://www.redditstatic.com/avatars/defaults/v2/avatar_default_5.png', 'https://www.redditstatic.com/avatars/defaults/v2/avatar_default_0.png', 'https://www.redditstatic.com/avatars/defaults/v2/avatar_default_4.png', 'https://www.redditstatic.com/avatars/defaults/v2/avatar_default_3.png', 'https://www.redditstatic.com/avatars/defaults/v2/avatar_default_6.png']",,,,,,,,,,,
https://www.reddit.com,com.reddit.RedditAppleSSO,https://devvit-gateway.reddit.com,705819728788-b2c1kcs7tst3b7ghv7at0hkqmtc68ckl.apps.googleusercontent.com,https://www.redditstatic.com/shreddit/,False,client-manifest.json,https://www.redditstatic.com/,https://www.reddit.com,https://www.reddit.com,['https://www.redditstatic.com/'],https://www.redditstatic.com/js/concat,https://www.redditstatic.com/shreddit/,https://events.redditmedia.com/v2j,ShredditFrontend-v1,eW9vM3lhZW00VW9naDVleGFlZm9lcGhlZTZQaG9o,False,https://w3-reporting.reddit.com/reports,,,,,,,,,,,,,
,,,,,,,,,,,,,,,,,,,,https://9f057df6115a4bb488c08ea12a835e6e@error-tracking.reddit.com/o418887/5810803,True,production,,,,,,,,
,,,,,,,,,,,,,,,,,,enabled,,,,,enabled,enabled,enabled,enabled,enabled,enabled,enabled,enabled
,,,,,,,,,,,,,,,,,,,"['https://www.reddit.com/r/webscraping/t support constructed stylesheets. See https:/lit.dev/docs/api/LitElement/#LitElement.styles        window.litNonce = ', 'https://www.redditstatic.com/avatars/defaults/v2/avatar_default_6.png', 'https://www.redditstatic.com/avatars/defaults/v2/avatar_default_7.png', 'https://www.redditstatic.com/avatars/defaults/v2/avatar_default_5.png', 'https://www.redditstatic.com/avatars/defaults/v2/avatar_default_0.png', 'https://www.redditstatic.com/avatars/defaults/v2/avatar_default_4.png', 'https://www.redditstatic.com/avatars/defaults/v2/avatar_default_3.png']",,,,,,,,,,,
https://www.reddit.com,com.reddit.RedditAppleSSO,https://devvit-gateway.reddit.com,705819728788-b2c1kcs7tst3b7ghv7at0hkqmtc68ckl.apps.googleusercontent.com,https://www.redditstatic.com/shreddit/,False,client-manifest.json,https://www.redditstatic.com/,https://www.reddit.com,https://www.reddit.com,['https://www.redditstatic.com/'],https://www.redditstatic.com/js/concat,https://www.redditstatic.com/shreddit/,https://events.redditmedia.com/v2j,ShredditFrontend-v1,eW9vM3lhZW00VW9naDVleGFlZm9lcGhlZTZQaG9o,False,https://w3-reporting.reddit.com/reports,,,,,,,,,,,,,
,,,,,,,,,,,,,,,,,,,,https://9f057df6115a4bb488c08ea12a835e6e@error-tracking.reddit.com/o418887/5810803,True,production,,,,,,,,
,,,,,,,,,,,,,,,,,,enabled,,,,,enabled,enabled,enabled,enabled,enabled,enabled,enabled,enabled
,,,,,,,,,,,,,,,,,,,"['https://www.reddit.com/r/webscraping/t support constructed stylesheets. See https:/lit.dev/docs/api/LitElement/#LitElement.styles        window.litNonce = ', 'https://www.redditstatic.com/avatars/defaults/v2/avatar_default_7.png', 'https://www.redditstatic.com/avatars/defaults/v2/avatar_default_5.png', 'https://www.redditstatic.com/avatars/defaults/v2/avatar_default_0.png', 'https://www.redditstatic.com/avatars/defaults/v2/avatar_default_4.png', 'https://www.redditstatic.com/avatars/defaults/v2/avatar_default_3.png', 'https://www.redditstatic.com/avatars/defaults/v2/avatar_default_6.png']",,,,,,,,,,,
https://www.reddit.com,com.reddit.RedditAppleSSO,https://devvit-gateway.reddit.com,705819728788-b2c1kcs7tst3b7ghv7at0hkqmtc68ckl.apps.googleusercontent.com,https://www.redditstatic.com/shreddit/,False,client-manifest.json,https://www.redditstatic.com/,https://www.reddit.com,https://www.reddit.com,['https://www.redditstatic.com/'],https://www.redditstatic.com/js/concat,https://www.redditstatic.com/shreddit/,https://events.redditmedia.com/v2j,ShredditFrontend-v1,eW9vM3lhZW00VW9naDVleGFlZm9lcGhlZTZQaG9o,False,https://w3-reporting.reddit.com/reports,,,,,,,,,,,,,
,,,,,,,,,,,,,,,,,,,,https://9f057df6115a4bb488c08ea12a835e6e@error-tracking.reddit.com/o418887/5810803,True,production,,,,,,,,
,,,,,,,,,,,,,,,,,,enabled,,,,,enabled,enabled,enabled,enabled,enabled,enabled,enabled,enabled
,,,,,,,,,,,,,,,,,,,"['https://www.reddit.com/r/webscraping/t support constructed stylesheets. See https:/lit.dev/docs/api/LitElement/#LitElement.styles        window.litNonce = ', 'https://www.redditstatic.com/avatars/defaults/v2/avatar_default_7.png', 'https://www.redditstatic.com/avatars/defaults/v2/avatar_default_5.png', 'https://www.redditstatic.com/avatars/defaults/v2/avatar_default_0.png', 'https://www.redditstatic.com/avatars/defaults/v2/avatar_default_4.png', 'https://www.redditstatic.com/avatars/defaults/v2/avatar_default_3.png', 'https://www.redditstatic.com/avatars/defaults/v2/avatar_default_6.png']",,,,,,,,,,,
https://www.reddit.com,com.reddit.RedditAppleSSO,https://devvit-gateway.reddit.com,705819728788-b2c1kcs7tst3b7ghv7at0hkqmtc68ckl.apps.googleusercontent.com,https://www.redditstatic.com/shreddit/,False,client-manifest.json,https://www.redditstatic.com/,https://www.reddit.com,https://www.reddit.com,['https://www.redditstatic.com/'],https://www.redditstatic.com/js/concat,https://www.redditstatic.com/shreddit/,https://events.redditmedia.com/v2j,ShredditFrontend-v1,eW9vM3lhZW00VW9naDVleGFlZm9lcGhlZTZQaG9o,False,https://w3-reporting.reddit.com/reports,,,,,,,,,,,,,
,,,,,,,,,,,,,,,,,,,,https://9f057df6115a4bb488c08ea12a835e6e@error-tracking.reddit.com/o418887/5810803,True,production,,,,,,,,
,,,,,,,,,,,,,,,,,,enabled,,,,,enabled,enabled,enabled,enabled,enabled,enabled,enabled,enabled
,,,,,,,,,,,,,,,,,,,"['https://www.reddit.com/r/webscraping/t support constructed stylesheets. See https:/lit.dev/docs/api/LitElement/#LitElement.styles        window.litNonce = ', 'https://www.redditstatic.com/avatars/defaults/v2/avatar_default_7.png', 'https://www.redditstatic.com/avatars/defaults/v2/avatar_default_5.png', 'https://www.redditstatic.com/avatars/defaults/v2/avatar_default_0.png', 'https://www.redditstatic.com/avatars/defaults/v2/avatar_default_4.png', 'https://www.redditstatic.com/avatars/defaults/v2/avatar_default_3.png', 'https://www.redditstatic.com/avatars/defaults/v2/avatar_default_6.png']",,,,,,,,,,,
https://www.reddit.com,com.reddit.RedditAppleSSO,https://devvit-gateway.reddit.com,705819728788-b2c1kcs7tst3b7ghv7at0hkqmtc68ckl.apps.googleusercontent.com,https://www.redditstatic.com/shreddit/,False,client-manifest.json,https://www.redditstatic.com/,https://www.reddit.com,https://www.reddit.com,['https://www.redditstatic.com/'],https://www.redditstatic.com/js/concat,https://www.redditstatic.com/shreddit/,https://events.redditmedia.com/v2j,ShredditFrontend-v1,eW9vM3lhZW00VW9naDVleGFlZm9lcGhlZTZQaG9o,False,https://w3-reporting.reddit.com/reports,,,,,,,,,,,,,
,,,,,,,,,,,,,,,,,,,,https://9f057df6115a4bb488c08ea12a835e6e@error-tracking.reddit.com/o418887/5810803,True,production,,,,,,,,
,,,,,,,,,,,,,,,,,,enabled,,,,,enabled,enabled,enabled,enabled,enabled,enabled,enabled,enabled
,,,,,,,,,,,,,,,,,,,"['https://www.reddit.com/r/webscraping/t support constructed stylesheets. See https:/lit.dev/docs/api/LitElement/#LitElement.styles        window.litNonce = ', 'https://www.redditstatic.com/avatars/defaults/v2/avatar_default_7.png', 'https://www.redditstatic.com/avatars/defaults/v2/avatar_default_5.png', 'https://www.redditstatic.com/avatars/defaults/v2/avatar_default_0.png', 'https://www.redditstatic.com/avatars/defaults/v2/avatar_default_4.png', 'https://www.redditstatic.com/avatars/defaults/v2/avatar_default_3.png', 'https://www.redditstatic.com/avatars/defaults/v2/avatar_default_6.png']",,,,,,,,,,,
https://www.reddit.com,com.reddit.RedditAppleSSO,https://devvit-gateway.reddit.com,705819728788-b2c1kcs7tst3b7ghv7at0hkqmtc68ckl.apps.googleusercontent.com,https://www.redditstatic.com/shreddit/,False,client-manifest.json,https://www.redditstatic.com/,https://www.reddit.com,https://www.reddit.com,['https://www.redditstatic.com/'],https://www.redditstatic.com/js/concat,https://www.redditstatic.com/shreddit/,https://events.redditmedia.com/v2j,ShredditFrontend-v1,eW9vM3lhZW00VW9naDVleGFlZm9lcGhlZTZQaG9o,False,https://w3-reporting.reddit.com/reports,,,,,,,,,,,,,
,,,,,,,,,,,,,,,,,,,,https://9f057df6115a4bb488c08ea12a835e6e@error-tracking.reddit.com/o418887/5810803,True,production,,,,,,,,
,,,,,,,,,,,,,,,,,,enabled,,,,,enabled,enabled,enabled,enabled,enabled,enabled,enabled,enabled
,,,,,,,,,,,,,,,,,,,"['https://www.reddit.com/r/webscraping/t support constructed stylesheets. See https:/lit.dev/docs/api/LitElement/#LitElement.styles        window.litNonce = ', 'https://www.redditstatic.com/avatars/defaults/v2/avatar_default_7.png', 'https://www.redditstatic.com/avatars/defaults/v2/avatar_default_5.png', 'https://www.redditstatic.com/avatars/defaults/v2/avatar_default_0.png', 'https://www.redditstatic.com/avatars/defaults/v2/avatar_default_4.png', 'https://www.redditstatic.com/avatars/defaults/v2/avatar_default_3.png', 'https://www.redditstatic.com/avatars/defaults/v2/avatar_default_6.png', 'https://www.redditstatic.com/avatars/defaults/v2/avatar_default_2.png']",,,,,,,,,,,
https://www.reddit.com,com.reddit.RedditAppleSSO,https://devvit-gateway.reddit.com,705819728788-b2c1kcs7tst3b7ghv7at0hkqmtc68ckl.apps.googleusercontent.com,https://www.redditstatic.com/shreddit/,False,client-manifest.json,https://www.redditstatic.com/,https://www.reddit.com,https://www.reddit.com,['https://www.redditstatic.com/'],https://www.redditstatic.com/js/concat,https://www.redditstatic.com/shreddit/,https://events.redditmedia.com/v2j,ShredditFrontend-v1,eW9vM3lhZW00VW9naDVleGFlZm9lcGhlZTZQaG9o,False,https://w3-reporting.reddit.com/reports,,,,,,,,,,,,,
,,,,,,,,,,,,,,,,,,,,https://9f057df6115a4bb488c08ea12a835e6e@error-tracking.reddit.com/o418887/5810803,True,production,,,,,,,,
,,,,,,,,,,,,,,,,,,enabled,,,,,enabled,enabled,enabled,enabled,enabled,enabled,enabled,enabled
,,,,,,,,,,,,,,,,,,,"['https://www.reddit.com/r/webscraping/t support constructed stylesheets. See https:/lit.dev/docs/api/LitElement/#LitElement.styles        window.litNonce = ', 'https://www.redditstatic.com/avatars/defaults/v2/avatar_default_7.png', 'https://www.redditstatic.com/avatars/defaults/v2/avatar_default_5.png', 'https://www.redditstatic.com/avatars/defaults/v2/avatar_default_0.png', 'https://www.redditstatic.com/avatars/defaults/v2/avatar_default_4.png', 'https://www.redditstatic.com/avatars/defaults/v2/avatar_default_3.png', 'https://www.redditstatic.com/avatars/defaults/v2/avatar_default_6.png']",,,,,,,,,,,
https://www.reddit.com,com.reddit.RedditAppleSSO,https://devvit-gateway.reddit.com,705819728788-b2c1kcs7tst3b7ghv7at0hkqmtc68ckl.apps.googleusercontent.com,https://www.redditstatic.com/shreddit/,False,client-manifest.json,https://www.redditstatic.com/,https://www.reddit.com,https://www.reddit.com,['https://www.redditstatic.com/'],https://www.redditstatic.com/js/concat,https://www.redditstatic.com/shreddit/,https://events.redditmedia.com/v2j,ShredditFrontend-v1,eW9vM3lhZW00VW9naDVleGFlZm9lcGhlZTZQaG9o,False,https://w3-reporting.reddit.com/reports,,,,,,,,,,,,,
,,,,,,,,,,,,,,,,,,,,https://9f057df6115a4bb488c08ea12a835e6e@error-tracking.reddit.com/o418887/5810803,True,production,,,,,,,,
,,,,,,,,,,,,,,,,,,enabled,,,,,enabled,enabled,enabled,enabled,enabled,enabled,enabled,enabled
,,,,,,,,,,,,,,,,,,,"['https://www.reddit.com/r/webscraping/t support constructed stylesheets. See https:/lit.dev/docs/api/LitElement/#LitElement.styles        window.litNonce = ', 'https://www.redditstatic.com/avatars/defaults/v2/avatar_default_7.png', 'https://www.redditstatic.com/avatars/defaults/v2/avatar_default_5.png', 'https://www.redditstatic.com/avatars/defaults/v2/avatar_default_0.png', 'https://www.redditstatic.com/avatars/defaults/v2/avatar_default_4.png', 'https://www.redditstatic.com/avatars/defaults/v2/avatar_default_3.png', 'https://www.redditstatic.com/avatars/defaults/v2/avatar_default_6.png']",,,,,,,,,,,
https://www.reddit.com,com.reddit.RedditAppleSSO,https://devvit-gateway.reddit.com,705819728788-b2c1kcs7tst3b7ghv7at0hkqmtc68ckl.apps.googleusercontent.com,https://www.redditstatic.com/shreddit/,False,client-manifest.json,https://www.redditstatic.com/,https://www.reddit.com,https://www.reddit.com,['https://www.redditstatic.com/'],https://www.redditstatic.com/js/concat,https://www.redditstatic.com/shreddit/,https://events.redditmedia.com/v2j,ShredditFrontend-v1,eW9vM3lhZW00VW9naDVleGFlZm9lcGhlZTZQaG9o,False,https://w3-reporting.reddit.com/reports,,,,,,,,,,,,,
,,,,,,,,,,,,,,,,,,,,https://9f057df6115a4bb488c08ea12a835e6e@error-tracking.reddit.com/o418887/5810803,True,production,,,,,,,,
,,,,,,,,,,,,,,,,,,enabled,,,,,enabled,enabled,enabled,enabled,enabled,enabled,enabled,enabled
,,,,,,,,,,,,,,,,,,,"['https://www.reddit.com/r/webscraping/t support constructed stylesheets. See https:/lit.dev/docs/api/LitElement/#LitElement.styles        window.litNonce = ', 'https://www.redditstatic.com/avatars/defaults/v2/avatar_default_7.png', 'https://www.redditstatic.com/avatars/defaults/v2/avatar_default_5.png', 'https://www.redditstatic.com/avatars/defaults/v2/avatar_default_0.png', 'https://www.redditstatic.com/avatars/defaults/v2/avatar_default_4.png', 'https://www.redditstatic.com/avatars/defaults/v2/avatar_default_3.png', 'https://www.redditstatic.com/avatars/defaults/v2/avatar_default_6.png']",,,,,,,,,,,
https://www.reddit.com,com.reddit.RedditAppleSSO,https://devvit-gateway.reddit.com,705819728788-b2c1kcs7tst3b7ghv7at0hkqmtc68ckl.apps.googleusercontent.com,https://www.redditstatic.com/shreddit/,False,client-manifest.json,https://www.redditstatic.com/,https://www.reddit.com,https://www.reddit.com,['https://www.redditstatic.com/'],https://www.redditstatic.com/js/concat,https://www.redditstatic.com/shreddit/,https://events.redditmedia.com/v2j,ShredditFrontend-v1,eW9vM3lhZW00VW9naDVleGFlZm9lcGhlZTZQaG9o,False,https://w3-reporting.reddit.com/reports,,,,,,,,,,,,,
,,,,,,,,,,,,,,,,,,,,https://9f057df6115a4bb488c08ea12a835e6e@error-tracking.reddit.com/o418887/5810803,True,production,,,,,,,,
,,,,,,,,,,,,,,,,,,enabled,,,,,enabled,enabled,enabled,enabled,enabled,enabled,enabled,enabled
,,,,,,,,,,,,,,,,,,,"['https://www.reddit.com/r/webscraping/t support constructed stylesheets. See https:/lit.dev/docs/api/LitElement/#LitElement.styles        window.litNonce = ', 'https://www.redditstatic.com/avatars/defaults/v2/avatar_default_7.png', 'https://www.redditstatic.com/avatars/defaults/v2/avatar_default_5.png', 'https://www.redditstatic.com/avatars/defaults/v2/avatar_default_0.png', 'https://www.redditstatic.com/avatars/defaults/v2/avatar_default_1.png', 'https://www.redditstatic.com/avatars/defaults/v2/avatar_default_4.png', 'https://www.redditstatic.com/avatars/defaults/v2/avatar_default_3.png', 'https://www.redditstatic.com/avatars/defaults/v2/avatar_default_6.png']",,,,,,,,,,,
https://www.reddit.com,com.reddit.RedditAppleSSO,https://devvit-gateway.reddit.com,705819728788-b2c1kcs7tst3b7ghv7at0hkqmtc68ckl.apps.googleusercontent.com,https://www.redditstatic.com/shreddit/,False,client-manifest.json,https://www.redditstatic.com/,https://www.reddit.com,https://www.reddit.com,['https://www.redditstatic.com/'],https://www.redditstatic.com/js/concat,https://www.redditstatic.com/shreddit/,https://events.redditmedia.com/v2j,ShredditFrontend-v1,eW9vM3lhZW00VW9naDVleGFlZm9lcGhlZTZQaG9o,False,https://w3-reporting.reddit.com/reports,,,,,,,,,,,,,
,,,,,,,,,,,,,,,,,,,,https://9f057df6115a4bb488c08ea12a835e6e@error-tracking.reddit.com/o418887/5810803,True,production,,,,,,,,
,,,,,,,,,,,,,,,,,,enabled,,,,,enabled,enabled,enabled,enabled,enabled,enabled,enabled,enabled
,,,,,,,,,,,,,,,,,,,"['https://www.reddit.com/r/webscraping/t support constructed stylesheets. See https:/lit.dev/docs/api/LitElement/#LitElement.styles        window.litNonce = ', 'https://www.redditstatic.com/avatars/defaults/v2/avatar_default_7.png', 'https://www.redditstatic.com/avatars/defaults/v2/avatar_default_5.png', 'https://www.redditstatic.com/avatars/defaults/v2/avatar_default_0.png', 'https://www.redditstatic.com/avatars/defaults/v2/avatar_default_1.png', 'https://www.redditstatic.com/avatars/defaults/v2/avatar_default_4.png', 'https://www.redditstatic.com/avatars/defaults/v2/avatar_default_3.png', 'https://www.redditstatic.com/avatars/defaults/v2/avatar_default_6.png']",,,,,,,,,,,
https://www.reddit.com,com.reddit.RedditAppleSSO,https://devvit-gateway.reddit.com,705819728788-b2c1kcs7tst3b7ghv7at0hkqmtc68ckl.apps.googleusercontent.com,https://www.redditstatic.com/shreddit/,False,client-manifest.json,https://www.redditstatic.com/,https://www.reddit.com,https://www.reddit.com,['https://www.redditstatic.com/'],https://www.redditstatic.com/js/concat,https://www.redditstatic.com/shreddit/,https://events.redditmedia.com/v2j,ShredditFrontend-v1,eW9vM3lhZW00VW9naDVleGFlZm9lcGhlZTZQaG9o,False,https://w3-reporting.reddit.com/reports,,,,,,,,,,,,,
,,,,,,,,,,,,,,,,,,,,https://9f057df6115a4bb488c08ea12a835e6e@error-tracking.reddit.com/o418887/5810803,True,production,,,,,,,,
,,,,,,,,,,,,,,,,,,enabled,,,,,enabled,enabled,enabled,enabled,enabled,enabled,enabled,enabled
,,,,,,,,,,,,,,,,,,,"['https://www.reddit.com/r/webscraping/t support constructed stylesheets. See https:/lit.dev/docs/api/LitElement/#LitElement.styles        window.litNonce = ', 'https://www.redditstatic.com/avatars/defaults/v2/avatar_default_7.png', 'https://www.redditstatic.com/avatars/defaults/v2/avatar_default_5.png', 'https://www.redditstatic.com/avatars/defaults/v2/avatar_default_0.png', 'https://www.redditstatic.com/avatars/defaults/v2/avatar_default_4.png', 'https://www.redditstatic.com/avatars/defaults/v2/avatar_default_3.png', 'https://www.redditstatic.com/avatars/defaults/v2/avatar_default_6.png']",,,,,,,,,,,
https://www.reddit.com,com.reddit.RedditAppleSSO,https://devvit-gateway.reddit.com,705819728788-b2c1kcs7tst3b7ghv7at0hkqmtc68ckl.apps.googleusercontent.com,https://www.redditstatic.com/shreddit/,False,client-manifest.json,https://www.redditstatic.com/,https://www.reddit.com,https://www.reddit.com,['https://www.redditstatic.com/'],https://www.redditstatic.com/js/concat,https://www.redditstatic.com/shreddit/,https://events.redditmedia.com/v2j,ShredditFrontend-v1,eW9vM3lhZW00VW9naDVleGFlZm9lcGhlZTZQaG9o,False,https://w3-reporting.reddit.com/reports,,,,,,,,,,,,,
,,,,,,,,,,,,,,,,,,,,https://9f057df6115a4bb488c08ea12a835e6e@error-tracking.reddit.com/o418887/5810803,True,production,,,,,,,,
,,,,,,,,,,,,,,,,,,enabled,,,,,enabled,enabled,enabled,enabled,enabled,enabled,enabled,enabled
,,,,,,,,,,,,,,,,,,,"['https://www.reddit.com/r/webscraping/t support constructed stylesheets. See https:/lit.dev/docs/api/LitElement/#LitElement.styles        window.litNonce = ', 'https://www.redditstatic.com/avatars/defaults/v2/avatar_default_7.png', 'https://www.redditstatic.com/avatars/defaults/v2/avatar_default_5.png', 'https://www.redditstatic.com/avatars/defaults/v2/avatar_default_0.png', 'https://www.redditstatic.com/avatars/defaults/v2/avatar_default_4.png', 'https://www.redditstatic.com/avatars/defaults/v2/avatar_default_3.png', 'https://www.redditstatic.com/avatars/defaults/v2/avatar_default_6.png']",,,,,,,,,,,
https://www.reddit.com,com.reddit.RedditAppleSSO,https://devvit-gateway.reddit.com,705819728788-b2c1kcs7tst3b7ghv7at0hkqmtc68ckl.apps.googleusercontent.com,https://www.redditstatic.com/shreddit/,False,client-manifest.json,https://www.redditstatic.com/,https://www.reddit.com,https://www.reddit.com,['https://www.redditstatic.com/'],https://www.redditstatic.com/js/concat,https://www.redditstatic.com/shreddit/,https://events.redditmedia.com/v2j,ShredditFrontend-v1,eW9vM3lhZW00VW9naDVleGFlZm9lcGhlZTZQaG9o,False,https://w3-reporting.reddit.com/reports,,,,,,,,,,,,,
,,,,,,,,,,,,,,,,,,,,https://9f057df6115a4bb488c08ea12a835e6e@error-tracking.reddit.com/o418887/5810803,True,production,,,,,,,,
,,,,,,,,,,,,,,,,,,enabled,,,,,enabled,enabled,enabled,enabled,enabled,enabled,enabled,enabled
,,,,,,,,,,,,,,,,,,,"['https://www.reddit.com/r/webscraping/t support constructed stylesheets. See https:/lit.dev/docs/api/LitElement/#LitElement.styles        window.litNonce = ', 'https://www.redditstatic.com/avatars/defaults/v2/avatar_default_7.png', 'https://www.redditstatic.com/avatars/defaults/v2/avatar_default_5.png', 'https://www.redditstatic.com/avatars/defaults/v2/avatar_default_0.png', 'https://www.redditstatic.com/avatars/defaults/v2/avatar_default_4.png', 'https://www.redditstatic.com/avatars/defaults/v2/avatar_default_3.png', 'https://www.redditstatic.com/avatars/defaults/v2/avatar_default_6.png']",,,,,,,,,,,
https://www.reddit.com,com.reddit.RedditAppleSSO,https://devvit-gateway.reddit.com,705819728788-b2c1kcs7tst3b7ghv7at0hkqmtc68ckl.apps.googleusercontent.com,https://www.redditstatic.com/shreddit/,False,client-manifest.json,https://www.redditstatic.com/,https://www.reddit.com,https://www.reddit.com,['https://www.redditstatic.com/'],https://www.redditstatic.com/js/concat,https://www.redditstatic.com/shreddit/,https://events.redditmedia.com/v2j,ShredditFrontend-v1,eW9vM3lhZW00VW9naDVleGFlZm9lcGhlZTZQaG9o,False,https://w3-reporting.reddit.com/reports,,,,,,,,,,,,,
,,,,,,,,,,,,,,,,,,,,https://9f057df6115a4bb488c08ea12a835e6e@error-tracking.reddit.com/o418887/5810803,True,production,,,,,,,,
,,,,,,,,,,,,,,,,,,enabled,,,,,enabled,enabled,enabled,enabled,enabled,enabled,enabled,enabled
,,,,,,,,,,,,,,,,,,,"['https://www.reddit.com/r/webscraping/t support constructed stylesheets. See https:/lit.dev/docs/api/LitElement/#LitElement.styles        window.litNonce = ', 'https://www.redditstatic.com/avatars/defaults/v2/avatar_default_7.png', 'https://www.redditstatic.com/avatars/defaults/v2/avatar_default_5.png', 'https://www.redditstatic.com/avatars/defaults/v2/avatar_default_0.png', 'https://www.redditstatic.com/avatars/defaults/v2/avatar_default_4.png', 'https://www.redditstatic.com/avatars/defaults/v2/avatar_default_3.png', 'https://www.redditstatic.com/avatars/defaults/v2/avatar_default_6.png']",,,,,,,,,,,
https://www.reddit.com,com.reddit.RedditAppleSSO,https://devvit-gateway.reddit.com,705819728788-b2c1kcs7tst3b7ghv7at0hkqmtc68ckl.apps.googleusercontent.com,https://www.redditstatic.com/shreddit/,False,client-manifest.json,https://www.redditstatic.com/,https://www.reddit.com,https://www.reddit.com,['https://www.redditstatic.com/'],https://www.redditstatic.com/js/concat,https://www.redditstatic.com/shreddit/,https://events.redditmedia.com/v2j,ShredditFrontend-v1,eW9vM3lhZW00VW9naDVleGFlZm9lcGhlZTZQaG9o,False,https://w3-reporting.reddit.com/reports,,,,,,,,,,,,,
,,,,,,,,,,,,,,,,,,,,https://9f057df6115a4bb488c08ea12a835e6e@error-tracking.reddit.com/o418887/5810803,True,production,,,,,,,,
,,,,,,,,,,,,,,,,,,enabled,,,,,enabled,enabled,enabled,enabled,enabled,enabled,enabled,enabled
,,,,,,,,,,,,,,,,,,,"['https://www.reddit.com/r/webscraping/t support constructed stylesheets. See https:/lit.dev/docs/api/LitElement/#LitElement.styles        window.litNonce = ', 'https://www.redditstatic.com/avatars/defaults/v2/avatar_default_7.png', 'https://www.redditstatic.com/avatars/defaults/v2/avatar_default_5.png', 'https://www.redditstatic.com/avatars/defaults/v2/avatar_default_4.png', 'https://www.redditstatic.com/avatars/defaults/v2/avatar_default_0.png', 'https://www.redditstatic.com/avatars/defaults/v2/avatar_default_3.png', 'https://www.redditstatic.com/avatars/defaults/v2/avatar_default_6.png']",,,,,,,,,,,
https://www.reddit.com,com.reddit.RedditAppleSSO,https://devvit-gateway.reddit.com,705819728788-b2c1kcs7tst3b7ghv7at0hkqmtc68ckl.apps.googleusercontent.com,https://www.redditstatic.com/shreddit/,False,client-manifest.json,https://www.redditstatic.com/,https://www.reddit.com,https://www.reddit.com,['https://www.redditstatic.com/'],https://www.redditstatic.com/js/concat,https://www.redditstatic.com/shreddit/,https://events.redditmedia.com/v2j,ShredditFrontend-v1,eW9vM3lhZW00VW9naDVleGFlZm9lcGhlZTZQaG9o,False,https://w3-reporting.reddit.com/reports,,,,,,,,,,,,,
,,,,,,,,,,,,,,,,,,,,https://9f057df6115a4bb488c08ea12a835e6e@error-tracking.reddit.com/o418887/5810803,True,production,,,,,,,,
,,,,,,,,,,,,,,,,,,enabled,,,,,enabled,enabled,enabled,enabled,enabled,enabled,enabled,enabled
,,,,,,,,,,,,,,,,,,,"['https://www.reddit.com/r/webscraping/t support constructed stylesheets. See https:/lit.dev/docs/api/LitElement/#LitElement.styles        window.litNonce = ', 'https://www.redditstatic.com/avatars/defaults/v2/avatar_default_7.png', 'https://www.redditstatic.com/avatars/defaults/v2/avatar_default_5.png', 'https://www.redditstatic.com/avatars/defaults/v2/avatar_default_0.png', 'https://www.redditstatic.com/avatars/defaults/v2/avatar_default_4.png', 'https://www.redditstatic.com/avatars/defaults/v2/avatar_default_3.png', 'https://www.redditstatic.com/avatars/defaults/v2/avatar_default_6.png']",,,,,,,,,,,
https://www.reddit.com,com.reddit.RedditAppleSSO,https://devvit-gateway.reddit.com,705819728788-b2c1kcs7tst3b7ghv7at0hkqmtc68ckl.apps.googleusercontent.com,https://www.redditstatic.com/shreddit/,False,client-manifest.json,https://www.redditstatic.com/,https://www.reddit.com,https://www.reddit.com,['https://www.redditstatic.com/'],https://www.redditstatic.com/js/concat,https://www.redditstatic.com/shreddit/,https://events.redditmedia.com/v2j,ShredditFrontend-v1,eW9vM3lhZW00VW9naDVleGFlZm9lcGhlZTZQaG9o,False,https://w3-reporting.reddit.com/reports,,,,,,,,,,,,,
,,,,,,,,,,,,,,,,,,,,https://9f057df6115a4bb488c08ea12a835e6e@error-tracking.reddit.com/o418887/5810803,True,production,,,,,,,,
,,,,,,,,,,,,,,,,,,enabled,,,,,enabled,enabled,enabled,enabled,enabled,enabled,enabled,enabled
,,,,,,,,,,,,,,,,,,,"['https://www.reddit.com/r/webscraping/t support constructed stylesheets. See https:/lit.dev/docs/api/LitElement/#LitElement.styles        window.litNonce = ', 'https://www.redditstatic.com/avatars/defaults/v2/avatar_default_7.png', 'https://www.redditstatic.com/avatars/defaults/v2/avatar_default_5.png', 'https://www.redditstatic.com/avatars/defaults/v2/avatar_default_0.png', 'https://www.redditstatic.com/avatars/defaults/v2/avatar_default_4.png', 'https://www.redditstatic.com/avatars/defaults/v2/avatar_default_3.png', 'https://www.redditstatic.com/avatars/defaults/v2/avatar_default_6.png']",,,,,,,,,,,
https://www.reddit.com,com.reddit.RedditAppleSSO,https://devvit-gateway.reddit.com,705819728788-b2c1kcs7tst3b7ghv7at0hkqmtc68ckl.apps.googleusercontent.com,https://www.redditstatic.com/shreddit/,False,client-manifest.json,https://www.redditstatic.com/,https://www.reddit.com,https://www.reddit.com,['https://www.redditstatic.com/'],https://www.redditstatic.com/js/concat,https://www.redditstatic.com/shreddit/,https://events.redditmedia.com/v2j,ShredditFrontend-v1,eW9vM3lhZW00VW9naDVleGFlZm9lcGhlZTZQaG9o,False,https://w3-reporting.reddit.com/reports,,,,,,,,,,,,,
,,,,,,,,,,,,,,,,,,,,https://9f057df6115a4bb488c08ea12a835e6e@error-tracking.reddit.com/o418887/5810803,True,production,,,,,,,,
,,,,,,,,,,,,,,,,,,enabled,,,,,enabled,enabled,enabled,enabled,enabled,enabled,enabled,enabled
,,,,,,,,,,,,,,,,,,,"['https://www.reddit.com/r/webscraping/t support constructed stylesheets. See https:/lit.dev/docs/api/LitElement/#LitElement.styles        window.litNonce = ', 'https://www.redditstatic.com/avatars/defaults/v2/avatar_default_4.png', 'https://www.redditstatic.com/avatars/defaults/v2/avatar_default_7.png', 'https://www.redditstatic.com/avatars/defaults/v2/avatar_default_5.png', 'https://www.redditstatic.com/avatars/defaults/v2/avatar_default_0.png', 'https://www.redditstatic.com/avatars/defaults/v2/avatar_default_3.png', 'https://www.redditstatic.com/avatars/defaults/v2/avatar_default_6.png']",,,,,,,,,,,
https://www.reddit.com,com.reddit.RedditAppleSSO,https://devvit-gateway.reddit.com,705819728788-b2c1kcs7tst3b7ghv7at0hkqmtc68ckl.apps.googleusercontent.com,https://www.redditstatic.com/shreddit/,False,client-manifest.json,https://www.redditstatic.com/,https://www.reddit.com,https://www.reddit.com,['https://www.redditstatic.com/'],https://www.redditstatic.com/js/concat,https://www.redditstatic.com/shreddit/,https://events.redditmedia.com/v2j,ShredditFrontend-v1,eW9vM3lhZW00VW9naDVleGFlZm9lcGhlZTZQaG9o,False,https://w3-reporting.reddit.com/reports,,,,,,,,,,,,,
,,,,,,,,,,,,,,,,,,,,https://9f057df6115a4bb488c08ea12a835e6e@error-tracking.reddit.com/o418887/5810803,True,production,,,,,,,,
,,,,,,,,,,,,,,,,,,enabled,,,,,enabled,enabled,enabled,enabled,enabled,enabled,enabled,enabled
,,,,,,,,,,,,,,,,,,,"['https://www.reddit.com/r/webscraping/t support constructed stylesheets. See https:/lit.dev/docs/api/LitElement/#LitElement.styles        window.litNonce = ', 'https://www.redditstatic.com/avatars/defaults/v2/avatar_default_7.png', 'https://www.redditstatic.com/avatars/defaults/v2/avatar_default_5.png', 'https://www.redditstatic.com/avatars/defaults/v2/avatar_default_0.png', 'https://www.redditstatic.com/avatars/defaults/v2/avatar_default_4.png', 'https://www.redditstatic.com/avatars/defaults/v2/avatar_default_3.png', 'https://www.redditstatic.com/avatars/defaults/v2/avatar_default_6.png']",,,,,,,,,,,
https://www.reddit.com,com.reddit.RedditAppleSSO,https://devvit-gateway.reddit.com,705819728788-b2c1kcs7tst3b7ghv7at0hkqmtc68ckl.apps.googleusercontent.com,https://www.redditstatic.com/shreddit/,False,client-manifest.json,https://www.redditstatic.com/,https://www.reddit.com,https://www.reddit.com,['https://www.redditstatic.com/'],https://www.redditstatic.com/js/concat,https://www.redditstatic.com/shreddit/,https://events.redditmedia.com/v2j,ShredditFrontend-v1,eW9vM3lhZW00VW9naDVleGFlZm9lcGhlZTZQaG9o,False,https://w3-reporting.reddit.com/reports,,,,,,,,,,,,,
,,,,,,,,,,,,,,,,,,,,https://9f057df6115a4bb488c08ea12a835e6e@error-tracking.reddit.com/o418887/5810803,True,production,,,,,,,,
,,,,,,,,,,,,,,,,,,enabled,,,,,enabled,enabled,enabled,enabled,enabled,enabled,enabled,enabled
,,,,,,,,,,,,,,,,,,,"['https://www.reddit.com/r/webscraping/t support constructed stylesheets. See https:/lit.dev/docs/api/LitElement/#LitElement.styles        window.litNonce = ', 'https://www.redditstatic.com/avatars/defaults/v2/avatar_default_7.png', 'https://www.redditstatic.com/avatars/defaults/v2/avatar_default_5.png', 'https://www.redditstatic.com/avatars/defaults/v2/avatar_default_0.png', 'https://www.redditstatic.com/avatars/defaults/v2/avatar_default_4.png', 'https://www.redditstatic.com/avatars/defaults/v2/avatar_default_3.png', 'https://www.redditstatic.com/avatars/defaults/v2/avatar_default_1.png', 'https://www.redditstatic.com/avatars/defaults/v2/avatar_default_6.png']",,,,,,,,,,,
https://www.reddit.com,com.reddit.RedditAppleSSO,https://devvit-gateway.reddit.com,705819728788-b2c1kcs7tst3b7ghv7at0hkqmtc68ckl.apps.googleusercontent.com,https://www.redditstatic.com/shreddit/,False,client-manifest.json,https://www.redditstatic.com/,https://www.reddit.com,https://www.reddit.com,['https://www.redditstatic.com/'],https://www.redditstatic.com/js/concat,https://www.redditstatic.com/shreddit/,https://events.redditmedia.com/v2j,ShredditFrontend-v1,eW9vM3lhZW00VW9naDVleGFlZm9lcGhlZTZQaG9o,False,https://w3-reporting.reddit.com/reports,,,,,,,,,,,,,
,,,,,,,,,,,,,,,,,,,,https://9f057df6115a4bb488c08ea12a835e6e@error-tracking.reddit.com/o418887/5810803,True,production,,,,,,,,
,,,,,,,,,,,,,,,,,,enabled,,,,,enabled,enabled,enabled,enabled,enabled,enabled,enabled,enabled
,,,,,,,,,,,,,,,,,,,"['https://www.reddit.com/r/webscraping/t support constructed stylesheets. See https:/lit.dev/docs/api/LitElement/#LitElement.styles        window.litNonce = ', 'https://www.redditstatic.com/avatars/defaults/v2/avatar_default_7.png', 'https://www.redditstatic.com/avatars/defaults/v2/avatar_default_5.png', 'https://www.redditstatic.com/avatars/defaults/v2/avatar_default_0.png', 'https://www.redditstatic.com/avatars/defaults/v2/avatar_default_4.png', 'https://www.redditstatic.com/avatars/defaults/v2/avatar_default_3.png', 'https://www.redditstatic.com/avatars/defaults/v2/avatar_default_6.png']",,,,,,,,,,,
https://www.reddit.com,com.reddit.RedditAppleSSO,https://devvit-gateway.reddit.com,705819728788-b2c1kcs7tst3b7ghv7at0hkqmtc68ckl.apps.googleusercontent.com,https://www.redditstatic.com/shreddit/,False,client-manifest.json,https://www.redditstatic.com/,https://www.reddit.com,https://www.reddit.com,['https://www.redditstatic.com/'],https://www.redditstatic.com/js/concat,https://www.redditstatic.com/shreddit/,https://events.redditmedia.com/v2j,ShredditFrontend-v1,eW9vM3lhZW00VW9naDVleGFlZm9lcGhlZTZQaG9o,False,https://w3-reporting.reddit.com/reports,,,,,,,,,,,,,
,,,,,,,,,,,,,,,,,,,,https://9f057df6115a4bb488c08ea12a835e6e@error-tracking.reddit.com/o418887/5810803,True,production,,,,,,,,
,,,,,,,,,,,,,,,,,,enabled,,,,,enabled,enabled,enabled,enabled,enabled,enabled,enabled,enabled
,,,,,,,,,,,,,,,,,,,"['https://www.reddit.com/r/webscraping/t support constructed stylesheets. See https:/lit.dev/docs/api/LitElement/#LitElement.styles        window.litNonce = ', 'https://www.redditstatic.com/avatars/defaults/v2/avatar_default_7.png', 'https://www.redditstatic.com/avatars/defaults/v2/avatar_default_5.png', 'https://www.redditstatic.com/avatars/defaults/v2/avatar_default_0.png', 'https://www.redditstatic.com/avatars/defaults/v2/avatar_default_4.png', 'https://www.redditstatic.com/avatars/defaults/v2/avatar_default_3.png', 'https://www.redditstatic.com/avatars/defaults/v2/avatar_default_6.png']",,,,,,,,,,,
https://www.reddit.com,com.reddit.RedditAppleSSO,https://devvit-gateway.reddit.com,705819728788-b2c1kcs7tst3b7ghv7at0hkqmtc68ckl.apps.googleusercontent.com,https://www.redditstatic.com/shreddit/,False,client-manifest.json,https://www.redditstatic.com/,https://www.reddit.com,https://www.reddit.com,['https://www.redditstatic.com/'],https://www.redditstatic.com/js/concat,https://www.redditstatic.com/shreddit/,https://events.redditmedia.com/v2j,ShredditFrontend-v1,eW9vM3lhZW00VW9naDVleGFlZm9lcGhlZTZQaG9o,False,https://w3-reporting.reddit.com/reports,,,,,,,,,,,,,
,,,,,,,,,,,,,,,,,,,,https://9f057df6115a4bb488c08ea12a835e6e@error-tracking.reddit.com/o418887/5810803,True,production,,,,,,,,
,,,,,,,,,,,,,,,,,,enabled,,,,,enabled,enabled,enabled,enabled,enabled,enabled,enabled,enabled
,,,,,,,,,,,,,,,,,,,"['https://www.reddit.com/r/webscraping/t support constructed stylesheets. See https:/lit.dev/docs/api/LitElement/#LitElement.styles        window.litNonce = ', 'https://www.redditstatic.com/avatars/defaults/v2/avatar_default_7.png', 'https://www.redditstatic.com/avatars/defaults/v2/avatar_default_5.png', 'https://www.redditstatic.com/avatars/defaults/v2/avatar_default_0.png', 'https://www.redditstatic.com/avatars/defaults/v2/avatar_default_4.png', 'https://www.redditstatic.com/avatars/defaults/v2/avatar_default_3.png', 'https://www.redditstatic.com/avatars/defaults/v2/avatar_default_6.png']",,,,,,,,,,,
https://www.reddit.com,com.reddit.RedditAppleSSO,https://devvit-gateway.reddit.com,705819728788-b2c1kcs7tst3b7ghv7at0hkqmtc68ckl.apps.googleusercontent.com,https://www.redditstatic.com/shreddit/,False,client-manifest.json,https://www.redditstatic.com/,https://www.reddit.com,https://www.reddit.com,['https://www.redditstatic.com/'],https://www.redditstatic.com/js/concat,https://www.redditstatic.com/shreddit/,https://events.redditmedia.com/v2j,ShredditFrontend-v1,eW9vM3lhZW00VW9naDVleGFlZm9lcGhlZTZQaG9o,False,https://w3-reporting.reddit.com/reports,,,,,,,,,,,,,
,,,,,,,,,,,,,,,,,,,,https://9f057df6115a4bb488c08ea12a835e6e@error-tracking.reddit.com/o418887/5810803,True,production,,,,,,,,
,,,,,,,,,,,,,,,,,,enabled,,,,,enabled,enabled,enabled,enabled,enabled,enabled,enabled,enabled
,,,,,,,,,,,,,,,,,,,"['https://www.reddit.com/r/webscraping/t support constructed stylesheets. See https:/lit.dev/docs/api/LitElement/#LitElement.styles        window.litNonce = ', 'https://www.redditstatic.com/avatars/defaults/v2/avatar_default_7.png', 'https://www.redditstatic.com/avatars/defaults/v2/avatar_default_5.png', 'https://www.redditstatic.com/avatars/defaults/v2/avatar_default_0.png', 'https://www.redditstatic.com/avatars/defaults/v2/avatar_default_4.png', 'https://www.redditstatic.com/avatars/defaults/v2/avatar_default_3.png', 'https://www.redditstatic.com/avatars/defaults/v2/avatar_default_6.png']",,,,,,,,,,,
https://www.reddit.com,com.reddit.RedditAppleSSO,https://devvit-gateway.reddit.com,705819728788-b2c1kcs7tst3b7ghv7at0hkqmtc68ckl.apps.googleusercontent.com,https://www.redditstatic.com/shreddit/,False,client-manifest.json,https://www.redditstatic.com/,https://www.reddit.com,https://www.reddit.com,['https://www.redditstatic.com/'],https://www.redditstatic.com/js/concat,https://www.redditstatic.com/shreddit/,https://events.redditmedia.com/v2j,ShredditFrontend-v1,eW9vM3lhZW00VW9naDVleGFlZm9lcGhlZTZQaG9o,False,https://w3-reporting.reddit.com/reports,,,,,,,,,,,,,
,,,,,,,,,,,,,,,,,,,,https://9f057df6115a4bb488c08ea12a835e6e@error-tracking.reddit.com/o418887/5810803,True,production,,,,,,,,
,,,,,,,,,,,,,,,,,,enabled,,,,,enabled,enabled,enabled,enabled,enabled,enabled,enabled,enabled
,,,,,,,,,,,,,,,,,,,"['https://www.reddit.com/r/webscraping/t support constructed stylesheets. See https:/lit.dev/docs/api/LitElement/#LitElement.styles        window.litNonce = ', 'https://www.redditstatic.com/avatars/defaults/v2/avatar_default_7.png', 'https://www.redditstatic.com/avatars/defaults/v2/avatar_default_5.png', 'https://www.redditstatic.com/avatars/defaults/v2/avatar_default_0.png', 'https://www.redditstatic.com/avatars/defaults/v2/avatar_default_4.png', 'https://www.redditstatic.com/avatars/defaults/v2/avatar_default_3.png', 'https://www.redditstatic.com/avatars/defaults/v2/avatar_default_6.png']",,,,,,,,,,,
https://www.reddit.com,com.reddit.RedditAppleSSO,https://devvit-gateway.reddit.com,705819728788-b2c1kcs7tst3b7ghv7at0hkqmtc68ckl.apps.googleusercontent.com,https://www.redditstatic.com/shreddit/,False,client-manifest.json,https://www.redditstatic.com/,https://www.reddit.com,https://www.reddit.com,['https://www.redditstatic.com/'],https://www.redditstatic.com/js/concat,https://www.redditstatic.com/shreddit/,https://events.redditmedia.com/v2j,ShredditFrontend-v1,eW9vM3lhZW00VW9naDVleGFlZm9lcGhlZTZQaG9o,False,https://w3-reporting.reddit.com/reports,,,,,,,,,,,,,
,,,,,,,,,,,,,,,,,,,,https://9f057df6115a4bb488c08ea12a835e6e@error-tracking.reddit.com/o418887/5810803,True,production,,,,,,,,
,,,,,,,,,,,,,,,,,,enabled,,,,,enabled,enabled,enabled,enabled,enabled,enabled,enabled,enabled
,,,,,,,,,,,,,,,,,,,"['https://www.reddit.com/r/webscraping/t support constructed stylesheets. See https:/lit.dev/docs/api/LitElement/#LitElement.styles        window.litNonce = ', 'https://www.redditstatic.com/avatars/defaults/v2/avatar_default_7.png', 'https://www.redditstatic.com/avatars/defaults/v2/avatar_default_5.png', 'https://www.redditstatic.com/avatars/defaults/v2/avatar_default_0.png', 'https://www.redditstatic.com/avatars/defaults/v2/avatar_default_4.png', 'https://www.redditstatic.com/avatars/defaults/v2/avatar_default_3.png', 'https://www.redditstatic.com/avatars/defaults/v2/avatar_default_6.png']",,,,,,,,,,,
https://www.reddit.com,com.reddit.RedditAppleSSO,https://devvit-gateway.reddit.com,705819728788-b2c1kcs7tst3b7ghv7at0hkqmtc68ckl.apps.googleusercontent.com,https://www.redditstatic.com/shreddit/,False,client-manifest.json,https://www.redditstatic.com/,https://www.reddit.com,https://www.reddit.com,['https://www.redditstatic.com/'],https://www.redditstatic.com/js/concat,https://www.redditstatic.com/shreddit/,https://events.redditmedia.com/v2j,ShredditFrontend-v1,eW9vM3lhZW00VW9naDVleGFlZm9lcGhlZTZQaG9o,False,https://w3-reporting.reddit.com/reports,,,,,,,,,,,,,
,,,,,,,,,,,,,,,,,,,,https://9f057df6115a4bb488c08ea12a835e6e@error-tracking.reddit.com/o418887/5810803,True,production,,,,,,,,
,,,,,,,,,,,,,,,,,,enabled,,,,,enabled,enabled,enabled,enabled,enabled,enabled,enabled,enabled
,,,,,,,,,,,,,,,,,,,"['https://www.reddit.com/r/webscraping/t support constructed stylesheets. See https:/lit.dev/docs/api/LitElement/#LitElement.styles        window.litNonce = ', 'https://www.redditstatic.com/avatars/defaults/v2/avatar_default_7.png', 'https://www.redditstatic.com/avatars/defaults/v2/avatar_default_5.png', 'https://www.redditstatic.com/avatars/defaults/v2/avatar_default_0.png', 'https://www.redditstatic.com/avatars/defaults/v2/avatar_default_2.png', 'https://www.redditstatic.com/avatars/defaults/v2/avatar_default_4.png', 'https://www.redditstatic.com/avatars/defaults/v2/avatar_default_3.png', 'https://www.redditstatic.com/avatars/defaults/v2/avatar_default_6.png']",,,,,,,,,,,
https://www.reddit.com,com.reddit.RedditAppleSSO,https://devvit-gateway.reddit.com,705819728788-b2c1kcs7tst3b7ghv7at0hkqmtc68ckl.apps.googleusercontent.com,https://www.redditstatic.com/shreddit/,False,client-manifest.json,https://www.redditstatic.com/,https://www.reddit.com,https://www.reddit.com,['https://www.redditstatic.com/'],https://www.redditstatic.com/js/concat,https://www.redditstatic.com/shreddit/,https://events.redditmedia.com/v2j,ShredditFrontend-v1,eW9vM3lhZW00VW9naDVleGFlZm9lcGhlZTZQaG9o,False,https://w3-reporting.reddit.com/reports,,,,,,,,,,,,,
,,,,,,,,,,,,,,,,,,,,https://9f057df6115a4bb488c08ea12a835e6e@error-tracking.reddit.com/o418887/5810803,True,production,,,,,,,,
,,,,,,,,,,,,,,,,,,enabled,,,,,enabled,enabled,enabled,enabled,enabled,enabled,enabled,enabled
,,,,,,,,,,,,,,,,,,,"['https://www.reddit.com/r/webscraping/t support constructed stylesheets. See https:/lit.dev/docs/api/LitElement/#LitElement.styles        window.litNonce = ', 'https://www.redditstatic.com/avatars/defaults/v2/avatar_default_7.png', 'https://www.redditstatic.com/avatars/defaults/v2/avatar_default_5.png', 'https://www.redditstatic.com/avatars/defaults/v2/avatar_default_0.png', 'https://www.redditstatic.com/avatars/defaults/v2/avatar_default_4.png', 'https://www.redditstatic.com/avatars/defaults/v2/avatar_default_3.png', 'https://www.redditstatic.com/avatars/defaults/v2/avatar_default_6.png']",,,,,,,,,,,
https://www.reddit.com,com.reddit.RedditAppleSSO,https://devvit-gateway.reddit.com,705819728788-b2c1kcs7tst3b7ghv7at0hkqmtc68ckl.apps.googleusercontent.com,https://www.redditstatic.com/shreddit/,False,client-manifest.json,https://www.redditstatic.com/,https://www.reddit.com,https://www.reddit.com,['https://www.redditstatic.com/'],https://www.redditstatic.com/js/concat,https://www.redditstatic.com/shreddit/,https://events.redditmedia.com/v2j,ShredditFrontend-v1,eW9vM3lhZW00VW9naDVleGFlZm9lcGhlZTZQaG9o,False,https://w3-reporting.reddit.com/reports,,,,,,,,,,,,,
,,,,,,,,,,,,,,,,,,,,https://9f057df6115a4bb488c08ea12a835e6e@error-tracking.reddit.com/o418887/5810803,True,production,,,,,,,,
,,,,,,,,,,,,,,,,,,enabled,,,,,enabled,enabled,enabled,enabled,enabled,enabled,enabled,enabled
,,,,,,,,,,,,,,,,,,,"['https://www.reddit.com/r/webscraping/t support constructed stylesheets. See https:/lit.dev/docs/api/LitElement/#LitElement.styles        window.litNonce = ', 'https://www.redditstatic.com/avatars/defaults/v2/avatar_default_7.png', 'https://www.redditstatic.com/avatars/defaults/v2/avatar_default_5.png', 'https://www.redditstatic.com/avatars/defaults/v2/avatar_default_0.png', 'https://www.redditstatic.com/avatars/defaults/v2/avatar_default_4.png', 'https://www.redditstatic.com/avatars/defaults/v2/avatar_default_3.png', 'https://www.redditstatic.com/avatars/defaults/v2/avatar_default_6.png']",,,,,,,,,,,
https://www.reddit.com,com.reddit.RedditAppleSSO,https://devvit-gateway.reddit.com,705819728788-b2c1kcs7tst3b7ghv7at0hkqmtc68ckl.apps.googleusercontent.com,https://www.redditstatic.com/shreddit/,False,client-manifest.json,https://www.redditstatic.com/,https://www.reddit.com,https://www.reddit.com,['https://www.redditstatic.com/'],https://www.redditstatic.com/js/concat,https://www.redditstatic.com/shreddit/,https://events.redditmedia.com/v2j,ShredditFrontend-v1,eW9vM3lhZW00VW9naDVleGFlZm9lcGhlZTZQaG9o,False,https://w3-reporting.reddit.com/reports,,,,,,,,,,,,,
,,,,,,,,,,,,,,,,,,,,https://9f057df6115a4bb488c08ea12a835e6e@error-tracking.reddit.com/o418887/5810803,True,production,,,,,,,,
,,,,,,,,,,,,,,,,,,enabled,,,,,enabled,enabled,enabled,enabled,enabled,enabled,enabled,enabled
,,,,,,,,,,,,,,,,,,,"['https://www.reddit.com/r/webscraping/t support constructed stylesheets. See https:/lit.dev/docs/api/LitElement/#LitElement.styles        window.litNonce = ', 'https://www.redditstatic.com/avatars/defaults/v2/avatar_default_7.png', 'https://www.redditstatic.com/avatars/defaults/v2/avatar_default_5.png', 'https://www.redditstatic.com/avatars/defaults/v2/avatar_default_0.png', 'https://www.redditstatic.com/avatars/defaults/v2/avatar_default_4.png', 'https://www.redditstatic.com/avatars/defaults/v2/avatar_default_3.png', 'https://www.redditstatic.com/avatars/defaults/v2/avatar_default_6.png']",,,,,,,,,,,
https://www.reddit.com,com.reddit.RedditAppleSSO,https://devvit-gateway.reddit.com,705819728788-b2c1kcs7tst3b7ghv7at0hkqmtc68ckl.apps.googleusercontent.com,https://www.redditstatic.com/shreddit/,False,client-manifest.json,https://www.redditstatic.com/,https://www.reddit.com,https://www.reddit.com,['https://www.redditstatic.com/'],https://www.redditstatic.com/js/concat,https://www.redditstatic.com/shreddit/,https://events.redditmedia.com/v2j,ShredditFrontend-v1,eW9vM3lhZW00VW9naDVleGFlZm9lcGhlZTZQaG9o,False,https://w3-reporting.reddit.com/reports,,,,,,,,,,,,,
,,,,,,,,,,,,,,,,,,,,https://9f057df6115a4bb488c08ea12a835e6e@error-tracking.reddit.com/o418887/5810803,True,production,,,,,,,,
,,,,,,,,,,,,,,,,,,enabled,,,,,enabled,enabled,enabled,enabled,enabled,enabled,enabled,enabled
,,,,,,,,,,,,,,,,,,,"['https://www.reddit.com/r/webscraping/t support constructed stylesheets. See https:/lit.dev/docs/api/LitElement/#LitElement.styles        window.litNonce = ', 'https://www.redditstatic.com/avatars/defaults/v2/avatar_default_7.png', 'https://www.redditstatic.com/avatars/defaults/v2/avatar_default_5.png', 'https://www.redditstatic.com/avatars/defaults/v2/avatar_default_0.png', 'https://www.redditstatic.com/avatars/defaults/v2/avatar_default_4.png', 'https://www.redditstatic.com/avatars/defaults/v2/avatar_default_3.png', 'https://www.redditstatic.com/avatars/defaults/v2/avatar_default_6.png']",,,,,,,,,,,
https://www.reddit.com,com.reddit.RedditAppleSSO,https://devvit-gateway.reddit.com,705819728788-b2c1kcs7tst3b7ghv7at0hkqmtc68ckl.apps.googleusercontent.com,https://www.redditstatic.com/shreddit/,False,client-manifest.json,https://www.redditstatic.com/,https://www.reddit.com,https://www.reddit.com,['https://www.redditstatic.com/'],https://www.redditstatic.com/js/concat,https://www.redditstatic.com/shreddit/,https://events.redditmedia.com/v2j,ShredditFrontend-v1,eW9vM3lhZW00VW9naDVleGFlZm9lcGhlZTZQaG9o,False,https://w3-reporting.reddit.com/reports,,,,,,,,,,,,,
,,,,,,,,,,,,,,,,,,,,https://9f057df6115a4bb488c08ea12a835e6e@error-tracking.reddit.com/o418887/5810803,True,production,,,,,,,,
,,,,,,,,,,,,,,,,,,enabled,,,,,enabled,enabled,enabled,enabled,enabled,enabled,enabled,enabled
,,,,,,,,,,,,,,,,,,,"['https://www.reddit.com/r/webscraping/t support constructed stylesheets. See https:/lit.dev/docs/api/LitElement/#LitElement.styles        window.litNonce = ', 'https://www.redditstatic.com/avatars/defaults/v2/avatar_default_7.png', 'https://www.redditstatic.com/avatars/defaults/v2/avatar_default_5.png', 'https://www.redditstatic.com/avatars/defaults/v2/avatar_default_0.png', 'https://www.redditstatic.com/avatars/defaults/v2/avatar_default_4.png', 'https://www.redditstatic.com/avatars/defaults/v2/avatar_default_3.png', 'https://www.redditstatic.com/avatars/defaults/v2/avatar_default_6.png']",,,,,,,,,,,
https://www.reddit.com,com.reddit.RedditAppleSSO,https://devvit-gateway.reddit.com,705819728788-b2c1kcs7tst3b7ghv7at0hkqmtc68ckl.apps.googleusercontent.com,https://www.redditstatic.com/shreddit/,False,client-manifest.json,https://www.redditstatic.com/,https://www.reddit.com,https://www.reddit.com,['https://www.redditstatic.com/'],https://www.redditstatic.com/js/concat,https://www.redditstatic.com/shreddit/,https://events.redditmedia.com/v2j,ShredditFrontend-v1,eW9vM3lhZW00VW9naDVleGFlZm9lcGhlZTZQaG9o,False,https://w3-reporting.reddit.com/reports,,,,,,,,,,,,,
,,,,,,,,,,,,,,,,,,,,https://9f057df6115a4bb488c08ea12a835e6e@error-tracking.reddit.com/o418887/5810803,True,production,,,,,,,,
,,,,,,,,,,,,,,,,,,enabled,,,,,enabled,enabled,enabled,enabled,enabled,enabled,enabled,enabled
,,,,,,,,,,,,,,,,,,,"['https://www.reddit.com/r/webscraping/t support constructed stylesheets. See https:/lit.dev/docs/api/LitElement/#LitElement.styles        window.litNonce = ', 'https://www.redditstatic.com/avatars/defaults/v2/avatar_default_7.png', 'https://www.redditstatic.com/avatars/defaults/v2/avatar_default_5.png', 'https://www.redditstatic.com/avatars/defaults/v2/avatar_default_0.png', 'https://www.redditstatic.com/avatars/defaults/v2/avatar_default_4.png', 'https://www.redditstatic.com/avatars/defaults/v2/avatar_default_3.png', 'https://www.redditstatic.com/avatars/defaults/v2/avatar_default_6.png']",,,,,,,,,,,
https://www.reddit.com,com.reddit.RedditAppleSSO,https://devvit-gateway.reddit.com,705819728788-b2c1kcs7tst3b7ghv7at0hkqmtc68ckl.apps.googleusercontent.com,https://www.redditstatic.com/shreddit/,False,client-manifest.json,https://www.redditstatic.com/,https://www.reddit.com,https://www.reddit.com,['https://www.redditstatic.com/'],https://www.redditstatic.com/js/concat,https://www.redditstatic.com/shreddit/,https://events.redditmedia.com/v2j,ShredditFrontend-v1,eW9vM3lhZW00VW9naDVleGFlZm9lcGhlZTZQaG9o,False,https://w3-reporting.reddit.com/reports,,,,,,,,,,,,,
,,,,,,,,,,,,,,,,,,,,https://9f057df6115a4bb488c08ea12a835e6e@error-tracking.reddit.com/o418887/5810803,True,production,,,,,,,,
,,,,,,,,,,,,,,,,,,enabled,,,,,enabled,enabled,enabled,enabled,enabled,enabled,enabled,enabled
,,,,,,,,,,,,,,,,,,,"['https://www.reddit.com/r/webscraping/t support constructed stylesheets. See https:/lit.dev/docs/api/LitElement/#LitElement.styles        window.litNonce = ', 'https://www.redditstatic.com/avatars/defaults/v2/avatar_default_7.png', 'https://www.redditstatic.com/avatars/defaults/v2/avatar_default_5.png', 'https://www.redditstatic.com/avatars/defaults/v2/avatar_default_0.png', 'https://www.redditstatic.com/avatars/defaults/v2/avatar_default_4.png', 'https://www.redditstatic.com/avatars/defaults/v2/avatar_default_3.png', 'https://www.redditstatic.com/avatars/defaults/v2/avatar_default_6.png']",,,,,,,,,,,
https://www.reddit.com,com.reddit.RedditAppleSSO,https://devvit-gateway.reddit.com,705819728788-b2c1kcs7tst3b7ghv7at0hkqmtc68ckl.apps.googleusercontent.com,https://www.redditstatic.com/shreddit/,False,client-manifest.json,https://www.redditstatic.com/,https://www.reddit.com,https://www.reddit.com,['https://www.redditstatic.com/'],https://www.redditstatic.com/js/concat,https://www.redditstatic.com/shreddit/,https://events.redditmedia.com/v2j,ShredditFrontend-v1,eW9vM3lhZW00VW9naDVleGFlZm9lcGhlZTZQaG9o,False,https://w3-reporting.reddit.com/reports,,,,,,,,,,,,,
,,,,,,,,,,,,,,,,,,,,https://9f057df6115a4bb488c08ea12a835e6e@error-tracking.reddit.com/o418887/5810803,True,production,,,,,,,,
,,,,,,,,,,,,,,,,,,enabled,,,,,enabled,enabled,enabled,enabled,enabled,enabled,enabled,enabled
,,,,,,,,,,,,,,,,,,,"['https://www.reddit.com/r/webscraping/t support constructed stylesheets. See https:/lit.dev/docs/api/LitElement/#LitElement.styles        window.litNonce = ', 'https://www.redditstatic.com/avatars/defaults/v2/avatar_default_7.png', 'https://www.redditstatic.com/avatars/defaults/v2/avatar_default_5.png', 'https://www.redditstatic.com/avatars/defaults/v2/avatar_default_0.png', 'https://www.redditstatic.com/avatars/defaults/v2/avatar_default_4.png', 'https://www.redditstatic.com/avatars/defaults/v2/avatar_default_3.png', 'https://www.redditstatic.com/avatars/defaults/v2/avatar_default_6.png']",,,,,,,,,,,
https://www.reddit.com,com.reddit.RedditAppleSSO,https://devvit-gateway.reddit.com,705819728788-b2c1kcs7tst3b7ghv7at0hkqmtc68ckl.apps.googleusercontent.com,https://www.redditstatic.com/shreddit/,False,client-manifest.json,https://www.redditstatic.com/,https://www.reddit.com,https://www.reddit.com,['https://www.redditstatic.com/'],https://www.redditstatic.com/js/concat,https://www.redditstatic.com/shreddit/,https://events.redditmedia.com/v2j,ShredditFrontend-v1,eW9vM3lhZW00VW9naDVleGFlZm9lcGhlZTZQaG9o,False,https://w3-reporting.reddit.com/reports,,,,,,,,,,,,,
,,,,,,,,,,,,,,,,,,,,https://9f057df6115a4bb488c08ea12a835e6e@error-tracking.reddit.com/o418887/5810803,True,production,,,,,,,,
,,,,,,,,,,,,,,,,,,enabled,,,,,enabled,enabled,enabled,enabled,enabled,enabled,enabled,enabled
,,,,,,,,,,,,,,,,,,,"['https://www.reddit.com/r/webscraping/t support constructed stylesheets. See https:/lit.dev/docs/api/LitElement/#LitElement.styles        window.litNonce = ', 'https://www.redditstatic.com/avatars/defaults/v2/avatar_default_7.png', 'https://www.redditstatic.com/avatars/defaults/v2/avatar_default_5.png', 'https://www.redditstatic.com/avatars/defaults/v2/avatar_default_0.png', 'https://www.redditstatic.com/avatars/defaults/v2/avatar_default_4.png', 'https://www.redditstatic.com/avatars/defaults/v2/avatar_default_3.png', 'https://www.redditstatic.com/avatars/defaults/v2/avatar_default_6.png']",,,,,,,,,,,
https://www.reddit.com,com.reddit.RedditAppleSSO,https://devvit-gateway.reddit.com,705819728788-b2c1kcs7tst3b7ghv7at0hkqmtc68ckl.apps.googleusercontent.com,https://www.redditstatic.com/shreddit/,False,client-manifest.json,https://www.redditstatic.com/,https://www.reddit.com,https://www.reddit.com,['https://www.redditstatic.com/'],https://www.redditstatic.com/js/concat,https://www.redditstatic.com/shreddit/,https://events.redditmedia.com/v2j,ShredditFrontend-v1,eW9vM3lhZW00VW9naDVleGFlZm9lcGhlZTZQaG9o,False,https://w3-reporting.reddit.com/reports,,,,,,,,,,,,,
,,,,,,,,,,,,,,,,,,,,https://9f057df6115a4bb488c08ea12a835e6e@error-tracking.reddit.com/o418887/5810803,True,production,,,,,,,,
,,,,,,,,,,,,,,,,,,enabled,,,,,enabled,enabled,enabled,enabled,enabled,enabled,enabled,enabled
,,,,,,,,,,,,,,,,,,,"['https://www.reddit.com/r/webscraping/t support constructed stylesheets. See https:/lit.dev/docs/api/LitElement/#LitElement.styles        window.litNonce = ', 'https://www.redditstatic.com/avatars/defaults/v2/avatar_default_7.png', 'https://www.redditstatic.com/avatars/defaults/v2/avatar_default_5.png', 'https://www.redditstatic.com/avatars/defaults/v2/avatar_default_0.png', 'https://www.redditstatic.com/avatars/defaults/v2/avatar_default_4.png', 'https://www.redditstatic.com/avatars/defaults/v2/avatar_default_3.png', 'https://www.redditstatic.com/avatars/defaults/v2/avatar_default_6.png']",,,,,,,,,,,
https://www.reddit.com,com.reddit.RedditAppleSSO,https://devvit-gateway.reddit.com,705819728788-b2c1kcs7tst3b7ghv7at0hkqmtc68ckl.apps.googleusercontent.com,https://www.redditstatic.com/shreddit/,False,client-manifest.json,https://www.redditstatic.com/,https://www.reddit.com,https://www.reddit.com,['https://www.redditstatic.com/'],https://www.redditstatic.com/js/concat,https://www.redditstatic.com/shreddit/,https://events.redditmedia.com/v2j,ShredditFrontend-v1,eW9vM3lhZW00VW9naDVleGFlZm9lcGhlZTZQaG9o,False,https://w3-reporting.reddit.com/reports,,,,,,,,,,,,,
,,,,,,,,,,,,,,,,,,,,https://9f057df6115a4bb488c08ea12a835e6e@error-tracking.reddit.com/o418887/5810803,True,production,,,,,,,,
,,,,,,,,,,,,,,,,,,enabled,,,,,enabled,enabled,enabled,enabled,enabled,enabled,enabled,enabled
,,,,,,,,,,,,,,,,,,,"['https://www.reddit.com/r/webscraping/t support constructed stylesheets. See https:/lit.dev/docs/api/LitElement/#LitElement.styles        window.litNonce = ', 'https://www.redditstatic.com/avatars/defaults/v2/avatar_default_7.png', 'https://www.redditstatic.com/avatars/defaults/v2/avatar_default_5.png', 'https://www.redditstatic.com/avatars/defaults/v2/avatar_default_0.png', 'https://www.redditstatic.com/avatars/defaults/v2/avatar_default_4.png', 'https://www.redditstatic.com/avatars/defaults/v2/avatar_default_3.png', 'https://www.redditstatic.com/avatars/defaults/v2/avatar_default_6.png']",,,,,,,,,,,
https://www.reddit.com,com.reddit.RedditAppleSSO,https://devvit-gateway.reddit.com,705819728788-b2c1kcs7tst3b7ghv7at0hkqmtc68ckl.apps.googleusercontent.com,https://www.redditstatic.com/shreddit/,False,client-manifest.json,https://www.redditstatic.com/,https://www.reddit.com,https://www.reddit.com,['https://www.redditstatic.com/'],https://www.redditstatic.com/js/concat,https://www.redditstatic.com/shreddit/,https://events.redditmedia.com/v2j,ShredditFrontend-v1,eW9vM3lhZW00VW9naDVleGFlZm9lcGhlZTZQaG9o,False,https://w3-reporting.reddit.com/reports,,,,,,,,,,,,,
,,,,,,,,,,,,,,,,,,,,https://9f057df6115a4bb488c08ea12a835e6e@error-tracking.reddit.com/o418887/5810803,True,production,,,,,,,,
,,,,,,,,,,,,,,,,,,enabled,,,,,enabled,enabled,enabled,enabled,enabled,enabled,enabled,enabled
,,,,,,,,,,,,,,,,,,,"['https://www.reddit.com/r/webscraping/t support constructed stylesheets. See https:/lit.dev/docs/api/LitElement/#LitElement.styles        window.litNonce = ', 'https://www.redditstatic.com/avatars/defaults/v2/avatar_default_7.png']",,,,,,,,,,,
https://www.reddit.com,com.reddit.RedditAppleSSO,https://devvit-gateway.reddit.com,705819728788-b2c1kcs7tst3b7ghv7at0hkqmtc68ckl.apps.googleusercontent.com,https://www.redditstatic.com/shreddit/,False,client-manifest.json,https://www.redditstatic.com/,https://www.reddit.com,https://www.reddit.com,['https://www.redditstatic.com/'],https://www.redditstatic.com/js/concat,https://www.redditstatic.com/shreddit/,https://events.redditmedia.com/v2j,ShredditFrontend-v1,eW9vM3lhZW00VW9naDVleGFlZm9lcGhlZTZQaG9o,False,https://w3-reporting.reddit.com/reports,,,,,,,,,,,,,
,,,,,,,,,,,,,,,,,,,,https://9f057df6115a4bb488c08ea12a835e6e@error-tracking.reddit.com/o418887/5810803,True,production,,,,,,,,
,,,,,,,,,,,,,,,,,,enabled,,,,,enabled,enabled,enabled,enabled,enabled,enabled,enabled,enabled
,,,,,,,,,,,,,,,,,,,"['https://www.reddit.com/r/webscraping/t support constructed stylesheets. See https:/lit.dev/docs/api/LitElement/#LitElement.styles        window.litNonce = ', 'https://www.redditstatic.com/avatars/defaults/v2/avatar_default_7.png', 'https://www.redditstatic.com/avatars/defaults/v2/avatar_default_5.png', 'https://www.redditstatic.com/avatars/defaults/v2/avatar_default_0.png', 'https://www.redditstatic.com/avatars/defaults/v2/avatar_default_4.png', 'https://www.redditstatic.com/avatars/defaults/v2/avatar_default_3.png', 'https://www.redditstatic.com/avatars/defaults/v2/avatar_default_6.png']",,,,,,,,,,,
https://www.reddit.com,com.reddit.RedditAppleSSO,https://devvit-gateway.reddit.com,705819728788-b2c1kcs7tst3b7ghv7at0hkqmtc68ckl.apps.googleusercontent.com,https://www.redditstatic.com/shreddit/,False,client-manifest.json,https://www.redditstatic.com/,https://www.reddit.com,https://www.reddit.com,['https://www.redditstatic.com/'],https://www.redditstatic.com/js/concat,https://www.redditstatic.com/shreddit/,https://events.redditmedia.com/v2j,ShredditFrontend-v1,eW9vM3lhZW00VW9naDVleGFlZm9lcGhlZTZQaG9o,False,https://w3-reporting.reddit.com/reports,,,,,,,,,,,,,
,,,,,,,,,,,,,,,,,,,,https://9f057df6115a4bb488c08ea12a835e6e@error-tracking.reddit.com/o418887/5810803,True,production,,,,,,,,
,,,,,,,,,,,,,,,,,,enabled,,,,,enabled,enabled,enabled,enabled,enabled,enabled,enabled,enabled
,,,,,,,,,,,,,,,,,,,"['https://www.reddit.com/r/webscraping/t support constructed stylesheets. See https:/lit.dev/docs/api/LitElement/#LitElement.styles        window.litNonce = ', 'https://www.redditstatic.com/avatars/defaults/v2/avatar_default_7.png', 'https://www.redditstatic.com/avatars/defaults/v2/avatar_default_5.png', 'https://www.redditstatic.com/avatars/defaults/v2/avatar_default_0.png', 'https://www.redditstatic.com/avatars/defaults/v2/avatar_default_4.png', 'https://www.redditstatic.com/avatars/defaults/v2/avatar_default_3.png', 'https://www.redditstatic.com/avatars/defaults/v2/avatar_default_6.png']",,,,,,,,,,,
https://www.reddit.com,com.reddit.RedditAppleSSO,https://devvit-gateway.reddit.com,705819728788-b2c1kcs7tst3b7ghv7at0hkqmtc68ckl.apps.googleusercontent.com,https://www.redditstatic.com/shreddit/,False,client-manifest.json,https://www.redditstatic.com/,https://www.reddit.com,https://www.reddit.com,['https://www.redditstatic.com/'],https://www.redditstatic.com/js/concat,https://www.redditstatic.com/shreddit/,https://events.redditmedia.com/v2j,ShredditFrontend-v1,eW9vM3lhZW00VW9naDVleGFlZm9lcGhlZTZQaG9o,False,https://w3-reporting.reddit.com/reports,,,,,,,,,,,,,
,,,,,,,,,,,,,,,,,,,,https://9f057df6115a4bb488c08ea12a835e6e@error-tracking.reddit.com/o418887/5810803,True,production,,,,,,,,
,,,,,,,,,,,,,,,,,,enabled,,,,,enabled,enabled,enabled,enabled,enabled,enabled,enabled,enabled
,,,,,,,,,,,,,,,,,,,"['https://www.reddit.com/r/webscraping/t support constructed stylesheets. See https:/lit.dev/docs/api/LitElement/#LitElement.styles        window.litNonce = ', 'https://www.redditstatic.com/avatars/defaults/v2/avatar_default_7.png', 'https://www.redditstatic.com/avatars/defaults/v2/avatar_default_5.png', 'https://www.redditstatic.com/avatars/defaults/v2/avatar_default_0.png', 'https://www.redditstatic.com/avatars/defaults/v2/avatar_default_4.png', 'https://www.redditstatic.com/avatars/defaults/v2/avatar_default_3.png', 'https://www.redditstatic.com/avatars/defaults/v2/avatar_default_6.png']",,,,,,,,,,,
https://www.reddit.com,com.reddit.RedditAppleSSO,https://devvit-gateway.reddit.com,705819728788-b2c1kcs7tst3b7ghv7at0hkqmtc68ckl.apps.googleusercontent.com,https://www.redditstatic.com/shreddit/,False,client-manifest.json,https://www.redditstatic.com/,https://www.reddit.com,https://www.reddit.com,['https://www.redditstatic.com/'],https://www.redditstatic.com/js/concat,https://www.redditstatic.com/shreddit/,https://events.redditmedia.com/v2j,ShredditFrontend-v1,eW9vM3lhZW00VW9naDVleGFlZm9lcGhlZTZQaG9o,False,https://w3-reporting.reddit.com/reports,,,,,,,,,,,,,
,,,,,,,,,,,,,,,,,,,,https://9f057df6115a4bb488c08ea12a835e6e@error-tracking.reddit.com/o418887/5810803,True,production,,,,,,,,
,,,,,,,,,,,,,,,,,,enabled,,,,,enabled,enabled,enabled,enabled,enabled,enabled,enabled,enabled
,,,,,,,,,,,,,,,,,,,"['https://www.reddit.com/r/webscraping/t support constructed stylesheets. See https:/lit.dev/docs/api/LitElement/#LitElement.styles        window.litNonce = ', 'https://www.redditstatic.com/avatars/defaults/v2/avatar_default_7.png', 'https://www.redditstatic.com/avatars/defaults/v2/avatar_default_5.png', 'https://www.redditstatic.com/avatars/defaults/v2/avatar_default_0.png', 'https://www.redditstatic.com/avatars/defaults/v2/avatar_default_4.png', 'https://www.redditstatic.com/avatars/defaults/v2/avatar_default_3.png', 'https://www.redditstatic.com/avatars/defaults/v2/avatar_default_6.png']",,,,,,,,,,,
https://www.reddit.com,com.reddit.RedditAppleSSO,https://devvit-gateway.reddit.com,705819728788-b2c1kcs7tst3b7ghv7at0hkqmtc68ckl.apps.googleusercontent.com,https://www.redditstatic.com/shreddit/,False,client-manifest.json,https://www.redditstatic.com/,https://www.reddit.com,https://www.reddit.com,['https://www.redditstatic.com/'],https://www.redditstatic.com/js/concat,https://www.redditstatic.com/shreddit/,https://events.redditmedia.com/v2j,ShredditFrontend-v1,eW9vM3lhZW00VW9naDVleGFlZm9lcGhlZTZQaG9o,False,https://w3-reporting.reddit.com/reports,,,,,,,,,,,,,
,,,,,,,,,,,,,,,,,,,,https://9f057df6115a4bb488c08ea12a835e6e@error-tracking.reddit.com/o418887/5810803,True,production,,,,,,,,
,,,,,,,,,,,,,,,,,,enabled,,,,,enabled,enabled,enabled,enabled,enabled,enabled,enabled,enabled
,,,,,,,,,,,,,,,,,,,"['https://www.reddit.com/r/webscraping/t support constructed stylesheets. See https:/lit.dev/docs/api/LitElement/#LitElement.styles        window.litNonce = ', 'https://www.redditstatic.com/avatars/defaults/v2/avatar_default_7.png', 'https://www.redditstatic.com/avatars/defaults/v2/avatar_default_5.png', 'https://www.redditstatic.com/avatars/defaults/v2/avatar_default_0.png', 'https://www.redditstatic.com/avatars/defaults/v2/avatar_default_4.png', 'https://www.redditstatic.com/avatars/defaults/v2/avatar_default_3.png', 'https://www.redditstatic.com/avatars/defaults/v2/avatar_default_6.png']",,,,,,,,,,,
https://www.reddit.com,com.reddit.RedditAppleSSO,https://devvit-gateway.reddit.com,705819728788-b2c1kcs7tst3b7ghv7at0hkqmtc68ckl.apps.googleusercontent.com,https://www.redditstatic.com/shreddit/,False,client-manifest.json,https://www.redditstatic.com/,https://www.reddit.com,https://www.reddit.com,['https://www.redditstatic.com/'],https://www.redditstatic.com/js/concat,https://www.redditstatic.com/shreddit/,https://events.redditmedia.com/v2j,ShredditFrontend-v1,eW9vM3lhZW00VW9naDVleGFlZm9lcGhlZTZQaG9o,False,https://w3-reporting.reddit.com/reports,,,,,,,,,,,,,
,,,,,,,,,,,,,,,,,,,,https://9f057df6115a4bb488c08ea12a835e6e@error-tracking.reddit.com/o418887/5810803,True,production,,,,,,,,
,,,,,,,,,,,,,,,,,,enabled,,,,,enabled,enabled,enabled,enabled,enabled,enabled,enabled,enabled
,,,,,,,,,,,,,,,,,,,"['https://www.reddit.com/r/webscraping/t support constructed stylesheets. See https:/lit.dev/docs/api/LitElement/#LitElement.styles        window.litNonce = ', 'https://www.redditstatic.com/avatars/defaults/v2/avatar_default_7.png', 'https://www.redditstatic.com/avatars/defaults/v2/avatar_default_5.png', 'https://www.redditstatic.com/avatars/defaults/v2/avatar_default_0.png', 'https://www.redditstatic.com/avatars/defaults/v2/avatar_default_4.png', 'https://www.redditstatic.com/avatars/defaults/v2/avatar_default_3.png', 'https://www.redditstatic.com/avatars/defaults/v2/avatar_default_6.png', 'https://www.redditstatic.com/avatars/defaults/v2/avatar_default_1.png']",,,,,,,,,,,
https://www.reddit.com,com.reddit.RedditAppleSSO,https://devvit-gateway.reddit.com,705819728788-b2c1kcs7tst3b7ghv7at0hkqmtc68ckl.apps.googleusercontent.com,https://www.redditstatic.com/shreddit/,False,client-manifest.json,https://www.redditstatic.com/,https://www.reddit.com,https://www.reddit.com,['https://www.redditstatic.com/'],https://www.redditstatic.com/js/concat,https://www.redditstatic.com/shreddit/,https://events.redditmedia.com/v2j,ShredditFrontend-v1,eW9vM3lhZW00VW9naDVleGFlZm9lcGhlZTZQaG9o,False,https://w3-reporting.reddit.com/reports,,,,,,,,,,,,,
,,,,,,,,,,,,,,,,,,,,https://9f057df6115a4bb488c08ea12a835e6e@error-tracking.reddit.com/o418887/5810803,True,production,,,,,,,,
,,,,,,,,,,,,,,,,,,enabled,,,,,enabled,enabled,enabled,enabled,enabled,enabled,enabled,enabled
,,,,,,,,,,,,,,,,,,,"['https://www.reddit.com/r/webscraping/t support constructed stylesheets. See https:/lit.dev/docs/api/LitElement/#LitElement.styles        window.litNonce = ', 'https://www.redditstatic.com/marketplace-assets/v1/core/awards/bless_up_v1_40.png', 'https://www.redditstatic.com/avatars/defaults/v2/avatar_default_3.png', 'https://www.redditstatic.com/avatars/defaults/v2/avatar_default_7.png', 'https://www.redditstatic.com/avatars/defaults/v2/avatar_default_5.png', 'https://www.redditstatic.com/avatars/defaults/v2/avatar_default_0.png', 'https://www.redditstatic.com/avatars/defaults/v2/avatar_default_4.png', 'https://www.redditstatic.com/avatars/defaults/v2/avatar_default_6.png']",,,,,,,,,,,
https://www.reddit.com,com.reddit.RedditAppleSSO,https://devvit-gateway.reddit.com,705819728788-b2c1kcs7tst3b7ghv7at0hkqmtc68ckl.apps.googleusercontent.com,https://www.redditstatic.com/shreddit/,False,client-manifest.json,https://www.redditstatic.com/,https://www.reddit.com,https://www.reddit.com,['https://www.redditstatic.com/'],https://www.redditstatic.com/js/concat,https://www.redditstatic.com/shreddit/,https://events.redditmedia.com/v2j,ShredditFrontend-v1,eW9vM3lhZW00VW9naDVleGFlZm9lcGhlZTZQaG9o,False,https://w3-reporting.reddit.com/reports,,,,,,,,,,,,,
,,,,,,,,,,,,,,,,,,,,https://9f057df6115a4bb488c08ea12a835e6e@error-tracking.reddit.com/o418887/5810803,True,production,,,,,,,,
,,,,,,,,,,,,,,,,,,enabled,,,,,enabled,enabled,enabled,enabled,enabled,enabled,enabled,enabled
,,,,,,,,,,,,,,,,,,,"['https://www.reddit.com/r/webscraping/t support constructed stylesheets. See https:/lit.dev/docs/api/LitElement/#LitElement.styles        window.litNonce = ', 'https://www.redditstatic.com/avatars/defaults/v2/avatar_default_7.png', 'https://www.redditstatic.com/avatars/defaults/v2/avatar_default_5.png', 'https://www.redditstatic.com/avatars/defaults/v2/avatar_default_0.png', 'https://www.redditstatic.com/avatars/defaults/v2/avatar_default_4.png', 'https://www.redditstatic.com/avatars/defaults/v2/avatar_default_3.png', 'https://www.redditstatic.com/avatars/defaults/v2/avatar_default_6.png']",,,,,,,,,,,
https://www.reddit.com,com.reddit.RedditAppleSSO,https://devvit-gateway.reddit.com,705819728788-b2c1kcs7tst3b7ghv7at0hkqmtc68ckl.apps.googleusercontent.com,https://www.redditstatic.com/shreddit/,False,client-manifest.json,https://www.redditstatic.com/,https://www.reddit.com,https://www.reddit.com,['https://www.redditstatic.com/'],https://www.redditstatic.com/js/concat,https://www.redditstatic.com/shreddit/,https://events.redditmedia.com/v2j,ShredditFrontend-v1,eW9vM3lhZW00VW9naDVleGFlZm9lcGhlZTZQaG9o,False,https://w3-reporting.reddit.com/reports,,,,,,,,,,,,,
,,,,,,,,,,,,,,,,,,,,https://9f057df6115a4bb488c08ea12a835e6e@error-tracking.reddit.com/o418887/5810803,True,production,,,,,,,,
,,,,,,,,,,,,,,,,,,enabled,,,,,enabled,enabled,enabled,enabled,enabled,enabled,enabled,enabled
,,,,,,,,,,,,,,,,,,,"['https://www.reddit.com/r/webscraping/t support constructed stylesheets. See https:/lit.dev/docs/api/LitElement/#LitElement.styles        window.litNonce = ', 'https://www.redditstatic.com/avatars/defaults/v2/avatar_default_7.png', 'https://www.redditstatic.com/avatars/defaults/v2/avatar_default_5.png', 'https://www.redditstatic.com/avatars/defaults/v2/avatar_default_0.png', 'https://www.redditstatic.com/avatars/defaults/v2/avatar_default_4.png', 'https://www.redditstatic.com/avatars/defaults/v2/avatar_default_3.png', 'https://www.redditstatic.com/avatars/defaults/v2/avatar_default_6.png']",,,,,,,,,,,
https://www.reddit.com,com.reddit.RedditAppleSSO,https://devvit-gateway.reddit.com,705819728788-b2c1kcs7tst3b7ghv7at0hkqmtc68ckl.apps.googleusercontent.com,https://www.redditstatic.com/shreddit/,False,client-manifest.json,https://www.redditstatic.com/,https://www.reddit.com,https://www.reddit.com,['https://www.redditstatic.com/'],https://www.redditstatic.com/js/concat,https://www.redditstatic.com/shreddit/,https://events.redditmedia.com/v2j,ShredditFrontend-v1,eW9vM3lhZW00VW9naDVleGFlZm9lcGhlZTZQaG9o,False,https://w3-reporting.reddit.com/reports,,,,,,,,,,,,,
,,,,,,,,,,,,,,,,,,,,https://9f057df6115a4bb488c08ea12a835e6e@error-tracking.reddit.com/o418887/5810803,True,production,,,,,,,,
,,,,,,,,,,,,,,,,,,enabled,,,,,enabled,enabled,enabled,enabled,enabled,enabled,enabled,enabled
,,,,,,,,,,,,,,,,,,,"['https://www.reddit.com/r/webscraping/t support constructed stylesheets. See https:/lit.dev/docs/api/LitElement/#LitElement.styles        window.litNonce = ', 'https://www.redditstatic.com/avatars/defaults/v2/avatar_default_7.png', 'https://www.redditstatic.com/avatars/defaults/v2/avatar_default_5.png', 'https://www.redditstatic.com/avatars/defaults/v2/avatar_default_0.png', 'https://www.redditstatic.com/avatars/defaults/v2/avatar_default_4.png', 'https://www.redditstatic.com/avatars/defaults/v2/avatar_default_3.png', 'https://www.redditstatic.com/avatars/defaults/v2/avatar_default_6.png']",,,,,,,,,,,
https://www.reddit.com,com.reddit.RedditAppleSSO,https://devvit-gateway.reddit.com,705819728788-b2c1kcs7tst3b7ghv7at0hkqmtc68ckl.apps.googleusercontent.com,https://www.redditstatic.com/shreddit/,False,client-manifest.json,https://www.redditstatic.com/,https://www.reddit.com,https://www.reddit.com,['https://www.redditstatic.com/'],https://www.redditstatic.com/js/concat,https://www.redditstatic.com/shreddit/,https://events.redditmedia.com/v2j,ShredditFrontend-v1,eW9vM3lhZW00VW9naDVleGFlZm9lcGhlZTZQaG9o,False,https://w3-reporting.reddit.com/reports,,,,,,,,,,,,,
,,,,,,,,,,,,,,,,,,,,https://9f057df6115a4bb488c08ea12a835e6e@error-tracking.reddit.com/o418887/5810803,True,production,,,,,,,,
,,,,,,,,,,,,,,,,,,enabled,,,,,enabled,enabled,enabled,enabled,enabled,enabled,enabled,enabled
,,,,,,,,,,,,,,,,,,,"['https://www.reddit.com/r/webscraping/t support constructed stylesheets. See https:/lit.dev/docs/api/LitElement/#LitElement.styles        window.litNonce = ', 'https://www.redditstatic.com/avatars/defaults/v2/avatar_default_7.png', 'https://www.redditstatic.com/avatars/defaults/v2/avatar_default_5.png', 'https://www.redditstatic.com/avatars/defaults/v2/avatar_default_0.png', 'https://www.redditstatic.com/avatars/defaults/v2/avatar_default_4.png', 'https://www.redditstatic.com/avatars/defaults/v2/avatar_default_3.png', 'https://www.redditstatic.com/avatars/defaults/v2/avatar_default_6.png']",,,,,,,,,,,
https://www.reddit.com,com.reddit.RedditAppleSSO,https://devvit-gateway.reddit.com,705819728788-b2c1kcs7tst3b7ghv7at0hkqmtc68ckl.apps.googleusercontent.com,https://www.redditstatic.com/shreddit/,False,client-manifest.json,https://www.redditstatic.com/,https://www.reddit.com,https://www.reddit.com,['https://www.redditstatic.com/'],https://www.redditstatic.com/js/concat,https://www.redditstatic.com/shreddit/,https://events.redditmedia.com/v2j,ShredditFrontend-v1,eW9vM3lhZW00VW9naDVleGFlZm9lcGhlZTZQaG9o,False,https://w3-reporting.reddit.com/reports,,,,,,,,,,,,,
,,,,,,,,,,,,,,,,,,,,https://9f057df6115a4bb488c08ea12a835e6e@error-tracking.reddit.com/o418887/5810803,True,production,,,,,,,,
,,,,,,,,,,,,,,,,,,enabled,,,,,enabled,enabled,enabled,enabled,enabled,enabled,enabled,enabled
,,,,,,,,,,,,,,,,,,,"['https://www.reddit.com/r/webscraping/t support constructed stylesheets. See https:/lit.dev/docs/api/LitElement/#LitElement.styles        window.litNonce = ', 'https://www.redditstatic.com/avatars/defaults/v2/avatar_default_7.png', 'https://www.redditstatic.com/avatars/defaults/v2/avatar_default_5.png', 'https://www.redditstatic.com/avatars/defaults/v2/avatar_default_0.png', 'https://www.redditstatic.com/avatars/defaults/v2/avatar_default_4.png', 'https://www.redditstatic.com/avatars/defaults/v2/avatar_default_3.png', 'https://www.redditstatic.com/avatars/defaults/v2/avatar_default_6.png']",,,,,,,,,,,
https://www.reddit.com,com.reddit.RedditAppleSSO,https://devvit-gateway.reddit.com,705819728788-b2c1kcs7tst3b7ghv7at0hkqmtc68ckl.apps.googleusercontent.com,https://www.redditstatic.com/shreddit/,False,client-manifest.json,https://www.redditstatic.com/,https://www.reddit.com,https://www.reddit.com,['https://www.redditstatic.com/'],https://www.redditstatic.com/js/concat,https://www.redditstatic.com/shreddit/,https://events.redditmedia.com/v2j,ShredditFrontend-v1,eW9vM3lhZW00VW9naDVleGFlZm9lcGhlZTZQaG9o,False,https://w3-reporting.reddit.com/reports,,,,,,,,,,,,,
,,,,,,,,,,,,,,,,,,,,https://9f057df6115a4bb488c08ea12a835e6e@error-tracking.reddit.com/o418887/5810803,True,production,,,,,,,,
,,,,,,,,,,,,,,,,,,enabled,,,,,enabled,enabled,enabled,enabled,enabled,enabled,enabled,enabled
,,,,,,,,,,,,,,,,,,,"['https://www.reddit.com/r/webscraping/t support constructed stylesheets. See https:/lit.dev/docs/api/LitElement/#LitElement.styles        window.litNonce = ', 'https://www.redditstatic.com/avatars/defaults/v2/avatar_default_7.png', 'https://www.redditstatic.com/avatars/defaults/v2/avatar_default_5.png', 'https://www.redditstatic.com/avatars/defaults/v2/avatar_default_0.png', 'https://www.redditstatic.com/avatars/defaults/v2/avatar_default_4.png', 'https://www.redditstatic.com/avatars/defaults/v2/avatar_default_3.png', 'https://www.redditstatic.com/avatars/defaults/v2/avatar_default_6.png']",,,,,,,,,,,
https://www.reddit.com,com.reddit.RedditAppleSSO,https://devvit-gateway.reddit.com,705819728788-b2c1kcs7tst3b7ghv7at0hkqmtc68ckl.apps.googleusercontent.com,https://www.redditstatic.com/shreddit/,False,client-manifest.json,https://www.redditstatic.com/,https://www.reddit.com,https://www.reddit.com,['https://www.redditstatic.com/'],https://www.redditstatic.com/js/concat,https://www.redditstatic.com/shreddit/,https://events.redditmedia.com/v2j,ShredditFrontend-v1,eW9vM3lhZW00VW9naDVleGFlZm9lcGhlZTZQaG9o,False,https://w3-reporting.reddit.com/reports,,,,,,,,,,,,,
,,,,,,,,,,,,,,,,,,,,https://9f057df6115a4bb488c08ea12a835e6e@error-tracking.reddit.com/o418887/5810803,True,production,,,,,,,,
,,,,,,,,,,,,,,,,,,enabled,,,,,enabled,enabled,enabled,enabled,enabled,enabled,enabled,enabled
,,,,,,,,,,,,,,,,,,,"['https://www.reddit.com/r/webscraping/t support constructed stylesheets. See https:/lit.dev/docs/api/LitElement/#LitElement.styles        window.litNonce = ', 'https://www.redditstatic.com/avatars/defaults/v2/avatar_default_7.png', 'https://www.redditstatic.com/avatars/defaults/v2/avatar_default_5.png', 'https://www.redditstatic.com/avatars/defaults/v2/avatar_default_0.png', 'https://www.redditstatic.com/avatars/defaults/v2/avatar_default_4.png', 'https://www.redditstatic.com/avatars/defaults/v2/avatar_default_3.png', 'https://www.redditstatic.com/avatars/defaults/v2/avatar_default_6.png']",,,,,,,,,,,
https://www.reddit.com,com.reddit.RedditAppleSSO,https://devvit-gateway.reddit.com,705819728788-b2c1kcs7tst3b7ghv7at0hkqmtc68ckl.apps.googleusercontent.com,https://www.redditstatic.com/shreddit/,False,client-manifest.json,https://www.redditstatic.com/,https://www.reddit.com,https://www.reddit.com,['https://www.redditstatic.com/'],https://www.redditstatic.com/js/concat,https://www.redditstatic.com/shreddit/,https://events.redditmedia.com/v2j,ShredditFrontend-v1,eW9vM3lhZW00VW9naDVleGFlZm9lcGhlZTZQaG9o,False,https://w3-reporting.reddit.com/reports,,,,,,,,,,,,,
,,,,,,,,,,,,,,,,,,,,https://9f057df6115a4bb488c08ea12a835e6e@error-tracking.reddit.com/o418887/5810803,True,production,,,,,,,,
,,,,,,,,,,,,,,,,,,enabled,,,,,enabled,enabled,enabled,enabled,enabled,enabled,enabled,enabled
,,,,,,,,,,,,,,,,,,,"['https://www.reddit.com/r/webscraping/t support constructed stylesheets. See https:/lit.dev/docs/api/LitElement/#LitElement.styles        window.litNonce = ', 'https://www.redditstatic.com/avatars/defaults/v2/avatar_default_7.png', 'https://www.redditstatic.com/avatars/defaults/v2/avatar_default_5.png', 'https://www.redditstatic.com/avatars/defaults/v2/avatar_default_0.png', 'https://www.redditstatic.com/avatars/defaults/v2/avatar_default_4.png', 'https://www.redditstatic.com/avatars/defaults/v2/avatar_default_3.png', 'https://www.redditstatic.com/avatars/defaults/v2/avatar_default_6.png']",,,,,,,,,,,
https://www.reddit.com,com.reddit.RedditAppleSSO,https://devvit-gateway.reddit.com,705819728788-b2c1kcs7tst3b7ghv7at0hkqmtc68ckl.apps.googleusercontent.com,https://www.redditstatic.com/shreddit/,False,client-manifest.json,https://www.redditstatic.com/,https://www.reddit.com,https://www.reddit.com,['https://www.redditstatic.com/'],https://www.redditstatic.com/js/concat,https://www.redditstatic.com/shreddit/,https://events.redditmedia.com/v2j,ShredditFrontend-v1,eW9vM3lhZW00VW9naDVleGFlZm9lcGhlZTZQaG9o,False,https://w3-reporting.reddit.com/reports,,,,,,,,,,,,,
,,,,,,,,,,,,,,,,,,,,https://9f057df6115a4bb488c08ea12a835e6e@error-tracking.reddit.com/o418887/5810803,True,production,,,,,,,,
,,,,,,,,,,,,,,,,,,enabled,,,,,enabled,enabled,enabled,enabled,enabled,enabled,enabled,enabled
,,,,,,,,,,,,,,,,,,,"['https://www.reddit.com/r/webscraping/t support constructed stylesheets. See https:/lit.dev/docs/api/LitElement/#LitElement.styles        window.litNonce = ', 'https://www.redditstatic.com/avatars/defaults/v2/avatar_default_7.png', 'https://www.redditstatic.com/avatars/defaults/v2/avatar_default_5.png', 'https://www.redditstatic.com/avatars/defaults/v2/avatar_default_4.png', 'https://www.redditstatic.com/avatars/defaults/v2/avatar_default_0.png', 'https://www.redditstatic.com/avatars/defaults/v2/avatar_default_3.png', 'https://www.redditstatic.com/avatars/defaults/v2/avatar_default_6.png']",,,,,,,,,,,
https://www.reddit.com,com.reddit.RedditAppleSSO,https://devvit-gateway.reddit.com,705819728788-b2c1kcs7tst3b7ghv7at0hkqmtc68ckl.apps.googleusercontent.com,https://www.redditstatic.com/shreddit/,False,client-manifest.json,https://www.redditstatic.com/,https://www.reddit.com,https://www.reddit.com,['https://www.redditstatic.com/'],https://www.redditstatic.com/js/concat,https://www.redditstatic.com/shreddit/,https://events.redditmedia.com/v2j,ShredditFrontend-v1,eW9vM3lhZW00VW9naDVleGFlZm9lcGhlZTZQaG9o,False,https://w3-reporting.reddit.com/reports,,,,,,,,,,,,,
,,,,,,,,,,,,,,,,,,,,https://9f057df6115a4bb488c08ea12a835e6e@error-tracking.reddit.com/o418887/5810803,True,production,,,,,,,,
,,,,,,,,,,,,,,,,,,enabled,,,,,enabled,enabled,enabled,enabled,enabled,enabled,enabled,enabled
,,,,,,,,,,,,,,,,,,,"['https://www.reddit.com/r/webscraping/t support constructed stylesheets. See https:/lit.dev/docs/api/LitElement/#LitElement.styles        window.litNonce = ', 'https://www.redditstatic.com/avatars/defaults/v2/avatar_default_7.png', 'https://www.redditstatic.com/avatars/defaults/v2/avatar_default_5.png', 'https://www.redditstatic.com/avatars/defaults/v2/avatar_default_0.png', 'https://www.redditstatic.com/avatars/defaults/v2/avatar_default_4.png', 'https://www.redditstatic.com/avatars/defaults/v2/avatar_default_3.png', 'https://www.redditstatic.com/avatars/defaults/v2/avatar_default_6.png']",,,,,,,,,,,
https://www.reddit.com,com.reddit.RedditAppleSSO,https://devvit-gateway.reddit.com,705819728788-b2c1kcs7tst3b7ghv7at0hkqmtc68ckl.apps.googleusercontent.com,https://www.redditstatic.com/shreddit/,False,client-manifest.json,https://www.redditstatic.com/,https://www.reddit.com,https://www.reddit.com,['https://www.redditstatic.com/'],https://www.redditstatic.com/js/concat,https://www.redditstatic.com/shreddit/,https://events.redditmedia.com/v2j,ShredditFrontend-v1,eW9vM3lhZW00VW9naDVleGFlZm9lcGhlZTZQaG9o,False,https://w3-reporting.reddit.com/reports,,,,,,,,,,,,,
,,,,,,,,,,,,,,,,,,,,https://9f057df6115a4bb488c08ea12a835e6e@error-tracking.reddit.com/o418887/5810803,True,production,,,,,,,,
,,,,,,,,,,,,,,,,,,enabled,,,,,enabled,enabled,enabled,enabled,enabled,enabled,enabled,enabled
,,,,,,,,,,,,,,,,,,,"['https://www.reddit.com/r/webscraping/t support constructed stylesheets. See https:/lit.dev/docs/api/LitElement/#LitElement.styles        window.litNonce = ', 'https://www.redditstatic.com/avatars/defaults/v2/avatar_default_7.png', 'https://www.redditstatic.com/avatars/defaults/v2/avatar_default_5.png', 'https://www.redditstatic.com/avatars/defaults/v2/avatar_default_0.png', 'https://www.redditstatic.com/avatars/defaults/v2/avatar_default_4.png', 'https://www.redditstatic.com/avatars/defaults/v2/avatar_default_3.png', 'https://www.redditstatic.com/avatars/defaults/v2/avatar_default_6.png']",,,,,,,,,,,
https://www.reddit.com,com.reddit.RedditAppleSSO,https://devvit-gateway.reddit.com,705819728788-b2c1kcs7tst3b7ghv7at0hkqmtc68ckl.apps.googleusercontent.com,https://www.redditstatic.com/shreddit/,False,client-manifest.json,https://www.redditstatic.com/,https://www.reddit.com,https://www.reddit.com,['https://www.redditstatic.com/'],https://www.redditstatic.com/js/concat,https://www.redditstatic.com/shreddit/,https://events.redditmedia.com/v2j,ShredditFrontend-v1,eW9vM3lhZW00VW9naDVleGFlZm9lcGhlZTZQaG9o,False,https://w3-reporting.reddit.com/reports,,,,,,,,,,,,,
,,,,,,,,,,,,,,,,,,,,https://9f057df6115a4bb488c08ea12a835e6e@error-tracking.reddit.com/o418887/5810803,True,production,,,,,,,,
,,,,,,,,,,,,,,,,,,enabled,,,,,enabled,enabled,enabled,enabled,enabled,enabled,enabled,enabled
,,,,,,,,,,,,,,,,,,,"['https://www.reddit.com/r/webscraping/t support constructed stylesheets. See https:/lit.dev/docs/api/LitElement/#LitElement.styles        window.litNonce = ', 'https://www.redditstatic.com/avatars/defaults/v2/avatar_default_7.png', 'https://www.redditstatic.com/avatars/defaults/v2/avatar_default_5.png', 'https://www.redditstatic.com/avatars/defaults/v2/avatar_default_0.png', 'https://www.redditstatic.com/avatars/defaults/v2/avatar_default_4.png', 'https://www.redditstatic.com/avatars/defaults/v2/avatar_default_3.png', 'https://www.redditstatic.com/avatars/defaults/v2/avatar_default_6.png']",,,,,,,,,,,
https://www.reddit.com,com.reddit.RedditAppleSSO,https://devvit-gateway.reddit.com,705819728788-b2c1kcs7tst3b7ghv7at0hkqmtc68ckl.apps.googleusercontent.com,https://www.redditstatic.com/shreddit/,False,client-manifest.json,https://www.redditstatic.com/,https://www.reddit.com,https://www.reddit.com,['https://www.redditstatic.com/'],https://www.redditstatic.com/js/concat,https://www.redditstatic.com/shreddit/,https://events.redditmedia.com/v2j,ShredditFrontend-v1,eW9vM3lhZW00VW9naDVleGFlZm9lcGhlZTZQaG9o,False,https://w3-reporting.reddit.com/reports,,,,,,,,,,,,,
,,,,,,,,,,,,,,,,,,,,https://9f057df6115a4bb488c08ea12a835e6e@error-tracking.reddit.com/o418887/5810803,True,production,,,,,,,,
,,,,,,,,,,,,,,,,,,enabled,,,,,enabled,enabled,enabled,enabled,enabled,enabled,enabled,enabled
,,,,,,,,,,,,,,,,,,,"['https://www.reddit.com/r/webscraping/t support constructed stylesheets. See https:/lit.dev/docs/api/LitElement/#LitElement.styles        window.litNonce = ', 'https://www.redditstatic.com/avatars/defaults/v2/avatar_default_7.png', 'https://www.redditstatic.com/avatars/defaults/v2/avatar_default_5.png', 'https://www.redditstatic.com/avatars/defaults/v2/avatar_default_0.png', 'https://www.redditstatic.com/avatars/defaults/v2/avatar_default_4.png', 'https://www.redditstatic.com/avatars/defaults/v2/avatar_default_3.png', 'https://www.redditstatic.com/avatars/defaults/v2/avatar_default_6.png']",,,,,,,,,,,
https://www.reddit.com,com.reddit.RedditAppleSSO,https://devvit-gateway.reddit.com,705819728788-b2c1kcs7tst3b7ghv7at0hkqmtc68ckl.apps.googleusercontent.com,https://www.redditstatic.com/shreddit/,False,client-manifest.json,https://www.redditstatic.com/,https://www.reddit.com,https://www.reddit.com,['https://www.redditstatic.com/'],https://www.redditstatic.com/js/concat,https://www.redditstatic.com/shreddit/,https://events.redditmedia.com/v2j,ShredditFrontend-v1,eW9vM3lhZW00VW9naDVleGFlZm9lcGhlZTZQaG9o,False,https://w3-reporting.reddit.com/reports,,,,,,,,,,,,,
,,,,,,,,,,,,,,,,,,,,https://9f057df6115a4bb488c08ea12a835e6e@error-tracking.reddit.com/o418887/5810803,True,production,,,,,,,,
,,,,,,,,,,,,,,,,,,enabled,,,,,enabled,enabled,enabled,enabled,enabled,enabled,enabled,enabled
,,,,,,,,,,,,,,,,,,,"['https://www.reddit.com/r/webscraping/t support constructed stylesheets. See https:/lit.dev/docs/api/LitElement/#LitElement.styles        window.litNonce = ', 'https://www.redditstatic.com/avatars/defaults/v2/avatar_default_7.png', 'https://www.redditstatic.com/avatars/defaults/v2/avatar_default_5.png', 'https://www.redditstatic.com/avatars/defaults/v2/avatar_default_0.png', 'https://www.redditstatic.com/avatars/defaults/v2/avatar_default_4.png', 'https://www.redditstatic.com/avatars/defaults/v2/avatar_default_3.png', 'https://www.redditstatic.com/avatars/defaults/v2/avatar_default_6.png']",,,,,,,,,,,
https://www.reddit.com,com.reddit.RedditAppleSSO,https://devvit-gateway.reddit.com,705819728788-b2c1kcs7tst3b7ghv7at0hkqmtc68ckl.apps.googleusercontent.com,https://www.redditstatic.com/shreddit/,False,client-manifest.json,https://www.redditstatic.com/,https://www.reddit.com,https://www.reddit.com,['https://www.redditstatic.com/'],https://www.redditstatic.com/js/concat,https://www.redditstatic.com/shreddit/,https://events.redditmedia.com/v2j,ShredditFrontend-v1,eW9vM3lhZW00VW9naDVleGFlZm9lcGhlZTZQaG9o,False,https://w3-reporting.reddit.com/reports,,,,,,,,,,,,,
,,,,,,,,,,,,,,,,,,,,https://9f057df6115a4bb488c08ea12a835e6e@error-tracking.reddit.com/o418887/5810803,True,production,,,,,,,,
,,,,,,,,,,,,,,,,,,enabled,,,,,enabled,enabled,enabled,enabled,enabled,enabled,enabled,enabled
,,,,,,,,,,,,,,,,,,,"['https://www.reddit.com/r/webscraping/t support constructed stylesheets. See https:/lit.dev/docs/api/LitElement/#LitElement.styles        window.litNonce = ', 'https://www.redditstatic.com/avatars/defaults/v2/avatar_default_7.png', 'https://www.redditstatic.com/avatars/defaults/v2/avatar_default_5.png', 'https://www.redditstatic.com/avatars/defaults/v2/avatar_default_0.png', 'https://www.redditstatic.com/avatars/defaults/v2/avatar_default_4.png', 'https://www.redditstatic.com/avatars/defaults/v2/avatar_default_3.png', 'https://www.redditstatic.com/avatars/defaults/v2/avatar_default_6.png']",,,,,,,,,,,
https://www.reddit.com,com.reddit.RedditAppleSSO,https://devvit-gateway.reddit.com,705819728788-b2c1kcs7tst3b7ghv7at0hkqmtc68ckl.apps.googleusercontent.com,https://www.redditstatic.com/shreddit/,False,client-manifest.json,https://www.redditstatic.com/,https://www.reddit.com,https://www.reddit.com,['https://www.redditstatic.com/'],https://www.redditstatic.com/js/concat,https://www.redditstatic.com/shreddit/,https://events.redditmedia.com/v2j,ShredditFrontend-v1,eW9vM3lhZW00VW9naDVleGFlZm9lcGhlZTZQaG9o,False,https://w3-reporting.reddit.com/reports,,,,,,,,,,,,,
,,,,,,,,,,,,,,,,,,,,https://9f057df6115a4bb488c08ea12a835e6e@error-tracking.reddit.com/o418887/5810803,True,production,,,,,,,,
,,,,,,,,,,,,,,,,,,enabled,,,,,enabled,enabled,enabled,enabled,enabled,enabled,enabled,enabled
,,,,,,,,,,,,,,,,,,,"['https://www.reddit.com/r/webscraping/t support constructed stylesheets. See https:/lit.dev/docs/api/LitElement/#LitElement.styles        window.litNonce = ', 'https://www.redditstatic.com/avatars/defaults/v2/avatar_default_7.png', 'https://www.redditstatic.com/avatars/defaults/v2/avatar_default_5.png', 'https://www.redditstatic.com/avatars/defaults/v2/avatar_default_0.png', 'https://www.redditstatic.com/avatars/defaults/v2/avatar_default_4.png', 'https://www.redditstatic.com/avatars/defaults/v2/avatar_default_3.png', 'https://www.redditstatic.com/avatars/defaults/v2/avatar_default_6.png']",,,,,,,,,,,
https://www.reddit.com,com.reddit.RedditAppleSSO,https://devvit-gateway.reddit.com,705819728788-b2c1kcs7tst3b7ghv7at0hkqmtc68ckl.apps.googleusercontent.com,https://www.redditstatic.com/shreddit/,False,client-manifest.json,https://www.redditstatic.com/,https://www.reddit.com,https://www.reddit.com,['https://www.redditstatic.com/'],https://www.redditstatic.com/js/concat,https://www.redditstatic.com/shreddit/,https://events.redditmedia.com/v2j,ShredditFrontend-v1,eW9vM3lhZW00VW9naDVleGFlZm9lcGhlZTZQaG9o,False,https://w3-reporting.reddit.com/reports,,,,,,,,,,,,,
,,,,,,,,,,,,,,,,,,,,https://9f057df6115a4bb488c08ea12a835e6e@error-tracking.reddit.com/o418887/5810803,True,production,,,,,,,,
,,,,,,,,,,,,,,,,,,enabled,,,,,enabled,enabled,enabled,enabled,enabled,enabled,enabled,enabled
,,,,,,,,,,,,,,,,,,,"['https://www.reddit.com/r/webscraping/t support constructed stylesheets. See https:/lit.dev/docs/api/LitElement/#LitElement.styles        window.litNonce = ', 'https://www.redditstatic.com/avatars/defaults/v2/avatar_default_7.png', 'https://www.redditstatic.com/avatars/defaults/v2/avatar_default_5.png', 'https://www.redditstatic.com/avatars/defaults/v2/avatar_default_0.png', 'https://www.redditstatic.com/avatars/defaults/v2/avatar_default_4.png', 'https://www.redditstatic.com/avatars/defaults/v2/avatar_default_3.png', 'https://www.redditstatic.com/avatars/defaults/v2/avatar_default_6.png']",,,,,,,,,,,
https://www.reddit.com,com.reddit.RedditAppleSSO,https://devvit-gateway.reddit.com,705819728788-b2c1kcs7tst3b7ghv7at0hkqmtc68ckl.apps.googleusercontent.com,https://www.redditstatic.com/shreddit/,False,client-manifest.json,https://www.redditstatic.com/,https://www.reddit.com,https://www.reddit.com,['https://www.redditstatic.com/'],https://www.redditstatic.com/js/concat,https://www.redditstatic.com/shreddit/,https://events.redditmedia.com/v2j,ShredditFrontend-v1,eW9vM3lhZW00VW9naDVleGFlZm9lcGhlZTZQaG9o,False,https://w3-reporting.reddit.com/reports,,,,,,,,,,,,,
,,,,,,,,,,,,,,,,,,,,https://9f057df6115a4bb488c08ea12a835e6e@error-tracking.reddit.com/o418887/5810803,True,production,,,,,,,,
,,,,,,,,,,,,,,,,,,enabled,,,,,enabled,enabled,enabled,enabled,enabled,enabled,enabled,enabled
,,,,,,,,,,,,,,,,,,,"['https://www.reddit.com/r/webscraping/t support constructed stylesheets. See https:/lit.dev/docs/api/LitElement/#LitElement.styles        window.litNonce = ', 'https://www.redditstatic.com/avatars/defaults/v2/avatar_default_7.png', 'https://www.redditstatic.com/avatars/defaults/v2/avatar_default_5.png', 'https://www.redditstatic.com/avatars/defaults/v2/avatar_default_2.png', 'https://www.redditstatic.com/avatars/defaults/v2/avatar_default_0.png', 'https://www.redditstatic.com/avatars/defaults/v2/avatar_default_4.png', 'https://www.redditstatic.com/avatars/defaults/v2/avatar_default_3.png', 'https://www.redditstatic.com/avatars/defaults/v2/avatar_default_6.png']",,,,,,,,,,,
https://www.reddit.com,com.reddit.RedditAppleSSO,https://devvit-gateway.reddit.com,705819728788-b2c1kcs7tst3b7ghv7at0hkqmtc68ckl.apps.googleusercontent.com,https://www.redditstatic.com/shreddit/,False,client-manifest.json,https://www.redditstatic.com/,https://www.reddit.com,https://www.reddit.com,['https://www.redditstatic.com/'],https://www.redditstatic.com/js/concat,https://www.redditstatic.com/shreddit/,https://events.redditmedia.com/v2j,ShredditFrontend-v1,eW9vM3lhZW00VW9naDVleGFlZm9lcGhlZTZQaG9o,False,https://w3-reporting.reddit.com/reports,,,,,,,,,,,,,
,,,,,,,,,,,,,,,,,,,,https://9f057df6115a4bb488c08ea12a835e6e@error-tracking.reddit.com/o418887/5810803,True,production,,,,,,,,
,,,,,,,,,,,,,,,,,,enabled,,,,,enabled,enabled,enabled,enabled,enabled,enabled,enabled,enabled
,,,,,,,,,,,,,,,,,,,"['https://www.reddit.com/r/webscraping/t support constructed stylesheets. See https:/lit.dev/docs/api/LitElement/#LitElement.styles        window.litNonce = ', 'https://www.redditstatic.com/avatars/defaults/v2/avatar_default_7.png', 'https://www.redditstatic.com/avatars/defaults/v2/avatar_default_5.png', 'https://www.redditstatic.com/avatars/defaults/v2/avatar_default_0.png', 'https://www.redditstatic.com/avatars/defaults/v2/avatar_default_4.png', 'https://www.redditstatic.com/avatars/defaults/v2/avatar_default_3.png', 'https://www.redditstatic.com/avatars/defaults/v2/avatar_default_6.png']",,,,,,,,,,,
https://www.reddit.com,com.reddit.RedditAppleSSO,https://devvit-gateway.reddit.com,705819728788-b2c1kcs7tst3b7ghv7at0hkqmtc68ckl.apps.googleusercontent.com,https://www.redditstatic.com/shreddit/,False,client-manifest.json,https://www.redditstatic.com/,https://www.reddit.com,https://www.reddit.com,['https://www.redditstatic.com/'],https://www.redditstatic.com/js/concat,https://www.redditstatic.com/shreddit/,https://events.redditmedia.com/v2j,ShredditFrontend-v1,eW9vM3lhZW00VW9naDVleGFlZm9lcGhlZTZQaG9o,False,https://w3-reporting.reddit.com/reports,,,,,,,,,,,,,
,,,,,,,,,,,,,,,,,,,,https://9f057df6115a4bb488c08ea12a835e6e@error-tracking.reddit.com/o418887/5810803,True,production,,,,,,,,
,,,,,,,,,,,,,,,,,,enabled,,,,,enabled,enabled,enabled,enabled,enabled,enabled,enabled,enabled
,,,,,,,,,,,,,,,,,,,"['https://www.reddit.com/r/webscraping/t support constructed stylesheets. See https:/lit.dev/docs/api/LitElement/#LitElement.styles        window.litNonce = ', 'https://www.redditstatic.com/avatars/defaults/v2/avatar_default_7.png', 'https://www.redditstatic.com/avatars/defaults/v2/avatar_default_5.png', 'https://www.redditstatic.com/avatars/defaults/v2/avatar_default_0.png', 'https://www.redditstatic.com/avatars/defaults/v2/avatar_default_4.png', 'https://www.redditstatic.com/avatars/defaults/v2/avatar_default_3.png', 'https://www.redditstatic.com/avatars/defaults/v2/avatar_default_6.png']",,,,,,,,,,,
https://www.reddit.com,com.reddit.RedditAppleSSO,https://devvit-gateway.reddit.com,705819728788-b2c1kcs7tst3b7ghv7at0hkqmtc68ckl.apps.googleusercontent.com,https://www.redditstatic.com/shreddit/,False,client-manifest.json,https://www.redditstatic.com/,https://www.reddit.com,https://www.reddit.com,['https://www.redditstatic.com/'],https://www.redditstatic.com/js/concat,https://www.redditstatic.com/shreddit/,https://events.redditmedia.com/v2j,ShredditFrontend-v1,eW9vM3lhZW00VW9naDVleGFlZm9lcGhlZTZQaG9o,False,https://w3-reporting.reddit.com/reports,,,,,,,,,,,,,
,,,,,,,,,,,,,,,,,,,,https://9f057df6115a4bb488c08ea12a835e6e@error-tracking.reddit.com/o418887/5810803,True,production,,,,,,,,
,,,,,,,,,,,,,,,,,,enabled,,,,,enabled,enabled,enabled,enabled,enabled,enabled,enabled,enabled
,,,,,,,,,,,,,,,,,,,"['https://www.reddit.com/r/webscraping/t support constructed stylesheets. See https:/lit.dev/docs/api/LitElement/#LitElement.styles        window.litNonce = ', 'https://www.redditstatic.com/avatars/defaults/v2/avatar_default_7.png', 'https://www.redditstatic.com/avatars/defaults/v2/avatar_default_5.png', 'https://www.redditstatic.com/avatars/defaults/v2/avatar_default_0.png', 'https://www.redditstatic.com/avatars/defaults/v2/avatar_default_4.png', 'https://www.redditstatic.com/avatars/defaults/v2/avatar_default_3.png', 'https://www.redditstatic.com/avatars/defaults/v2/avatar_default_6.png']",,,,,,,,,,,
https://www.reddit.com,com.reddit.RedditAppleSSO,https://devvit-gateway.reddit.com,705819728788-b2c1kcs7tst3b7ghv7at0hkqmtc68ckl.apps.googleusercontent.com,https://www.redditstatic.com/shreddit/,False,client-manifest.json,https://www.redditstatic.com/,https://www.reddit.com,https://www.reddit.com,['https://www.redditstatic.com/'],https://www.redditstatic.com/js/concat,https://www.redditstatic.com/shreddit/,https://events.redditmedia.com/v2j,ShredditFrontend-v1,eW9vM3lhZW00VW9naDVleGFlZm9lcGhlZTZQaG9o,False,https://w3-reporting.reddit.com/reports,,,,,,,,,,,,,
,,,,,,,,,,,,,,,,,,,,https://9f057df6115a4bb488c08ea12a835e6e@error-tracking.reddit.com/o418887/5810803,True,production,,,,,,,,
,,,,,,,,,,,,,,,,,,enabled,,,,,enabled,enabled,enabled,enabled,enabled,enabled,enabled,enabled
,,,,,,,,,,,,,,,,,,,"['https://www.reddit.com/r/webscraping/t support constructed stylesheets. See https:/lit.dev/docs/api/LitElement/#LitElement.styles        window.litNonce = ', 'https://www.redditstatic.com/avatars/defaults/v2/avatar_default_7.png', 'https://www.redditstatic.com/avatars/defaults/v2/avatar_default_5.png', 'https://www.redditstatic.com/avatars/defaults/v2/avatar_default_0.png', 'https://www.redditstatic.com/avatars/defaults/v2/avatar_default_1.png', 'https://www.redditstatic.com/avatars/defaults/v2/avatar_default_4.png', 'https://www.redditstatic.com/avatars/defaults/v2/avatar_default_3.png', 'https://www.redditstatic.com/avatars/defaults/v2/avatar_default_6.png']",,,,,,,,,,,
https://www.reddit.com,com.reddit.RedditAppleSSO,https://devvit-gateway.reddit.com,705819728788-b2c1kcs7tst3b7ghv7at0hkqmtc68ckl.apps.googleusercontent.com,https://www.redditstatic.com/shreddit/,False,client-manifest.json,https://www.redditstatic.com/,https://www.reddit.com,https://www.reddit.com,['https://www.redditstatic.com/'],https://www.redditstatic.com/js/concat,https://www.redditstatic.com/shreddit/,https://events.redditmedia.com/v2j,ShredditFrontend-v1,eW9vM3lhZW00VW9naDVleGFlZm9lcGhlZTZQaG9o,False,https://w3-reporting.reddit.com/reports,,,,,,,,,,,,,
,,,,,,,,,,,,,,,,,,,,https://9f057df6115a4bb488c08ea12a835e6e@error-tracking.reddit.com/o418887/5810803,True,production,,,,,,,,
,,,,,,,,,,,,,,,,,,enabled,,,,,enabled,enabled,enabled,enabled,enabled,enabled,enabled,enabled
,,,,,,,,,,,,,,,,,,,"['https://www.reddit.com/r/webscraping/t support constructed stylesheets. See https:/lit.dev/docs/api/LitElement/#LitElement.styles        window.litNonce = ', 'https://www.redditstatic.com/avatars/defaults/v2/avatar_default_7.png', 'https://www.redditstatic.com/avatars/defaults/v2/avatar_default_5.png', 'https://www.redditstatic.com/avatars/defaults/v2/avatar_default_0.png', 'https://www.redditstatic.com/avatars/defaults/v2/avatar_default_4.png', 'https://www.redditstatic.com/avatars/defaults/v2/avatar_default_3.png', 'https://www.redditstatic.com/avatars/defaults/v2/avatar_default_6.png']",,,,,,,,,,,
https://www.reddit.com,com.reddit.RedditAppleSSO,https://devvit-gateway.reddit.com,705819728788-b2c1kcs7tst3b7ghv7at0hkqmtc68ckl.apps.googleusercontent.com,https://www.redditstatic.com/shreddit/,False,client-manifest.json,https://www.redditstatic.com/,https://www.reddit.com,https://www.reddit.com,['https://www.redditstatic.com/'],https://www.redditstatic.com/js/concat,https://www.redditstatic.com/shreddit/,https://events.redditmedia.com/v2j,ShredditFrontend-v1,eW9vM3lhZW00VW9naDVleGFlZm9lcGhlZTZQaG9o,False,https://w3-reporting.reddit.com/reports,,,,,,,,,,,,,
,,,,,,,,,,,,,,,,,,,,https://9f057df6115a4bb488c08ea12a835e6e@error-tracking.reddit.com/o418887/5810803,True,production,,,,,,,,
,,,,,,,,,,,,,,,,,,enabled,,,,,enabled,enabled,enabled,enabled,enabled,enabled,enabled,enabled
,,,,,,,,,,,,,,,,,,,"['https://www.reddit.com/r/webscraping/t support constructed stylesheets. See https:/lit.dev/docs/api/LitElement/#LitElement.styles        window.litNonce = ', 'https://www.redditstatic.com/avatars/defaults/v2/avatar_default_7.png', 'https://www.redditstatic.com/avatars/defaults/v2/avatar_default_5.png', 'https://www.redditstatic.com/avatars/defaults/v2/avatar_default_6.png', 'https://www.redditstatic.com/avatars/defaults/v2/avatar_default_0.png', 'https://www.redditstatic.com/avatars/defaults/v2/avatar_default_4.png', 'https://www.redditstatic.com/avatars/defaults/v2/avatar_default_3.png']",,,,,,,,,,,
https://www.reddit.com,com.reddit.RedditAppleSSO,https://devvit-gateway.reddit.com,705819728788-b2c1kcs7tst3b7ghv7at0hkqmtc68ckl.apps.googleusercontent.com,https://www.redditstatic.com/shreddit/,False,client-manifest.json,https://www.redditstatic.com/,https://www.reddit.com,https://www.reddit.com,['https://www.redditstatic.com/'],https://www.redditstatic.com/js/concat,https://www.redditstatic.com/shreddit/,https://events.redditmedia.com/v2j,ShredditFrontend-v1,eW9vM3lhZW00VW9naDVleGFlZm9lcGhlZTZQaG9o,False,https://w3-reporting.reddit.com/reports,,,,,,,,,,,,,
,,,,,,,,,,,,,,,,,,,,https://9f057df6115a4bb488c08ea12a835e6e@error-tracking.reddit.com/o418887/5810803,True,production,,,,,,,,
,,,,,,,,,,,,,,,,,,enabled,,,,,enabled,enabled,enabled,enabled,enabled,enabled,enabled,enabled
,,,,,,,,,,,,,,,,,,,"['https://www.reddit.com/r/webscraping/t support constructed stylesheets. See https:/lit.dev/docs/api/LitElement/#LitElement.styles        window.litNonce = ', 'https://www.redditstatic.com/avatars/defaults/v2/avatar_default_7.png', 'https://www.redditstatic.com/avatars/defaults/v2/avatar_default_5.png', 'https://www.redditstatic.com/avatars/defaults/v2/avatar_default_0.png', 'https://www.redditstatic.com/avatars/defaults/v2/avatar_default_4.png', 'https://www.redditstatic.com/avatars/defaults/v2/avatar_default_3.png', 'https://www.redditstatic.com/avatars/defaults/v2/avatar_default_6.png']",,,,,,,,,,,
https://www.reddit.com,com.reddit.RedditAppleSSO,https://devvit-gateway.reddit.com,705819728788-b2c1kcs7tst3b7ghv7at0hkqmtc68ckl.apps.googleusercontent.com,https://www.redditstatic.com/shreddit/,False,client-manifest.json,https://www.redditstatic.com/,https://www.reddit.com,https://www.reddit.com,['https://www.redditstatic.com/'],https://www.redditstatic.com/js/concat,https://www.redditstatic.com/shreddit/,https://events.redditmedia.com/v2j,ShredditFrontend-v1,eW9vM3lhZW00VW9naDVleGFlZm9lcGhlZTZQaG9o,False,https://w3-reporting.reddit.com/reports,,,,,,,,,,,,,
,,,,,,,,,,,,,,,,,,,,https://9f057df6115a4bb488c08ea12a835e6e@error-tracking.reddit.com/o418887/5810803,True,production,,,,,,,,
,,,,,,,,,,,,,,,,,,enabled,,,,,enabled,enabled,enabled,enabled,enabled,enabled,enabled,enabled
,,,,,,,,,,,,,,,,,,,"['https://www.reddit.com/r/webscraping/t support constructed stylesheets. See https:/lit.dev/docs/api/LitElement/#LitElement.styles        window.litNonce = ', 'https://www.redditstatic.com/avatars/defaults/v2/avatar_default_7.png', 'https://www.redditstatic.com/avatars/defaults/v2/avatar_default_5.png', 'https://www.redditstatic.com/avatars/defaults/v2/avatar_default_0.png', 'https://www.redditstatic.com/avatars/defaults/v2/avatar_default_4.png', 'https://www.redditstatic.com/avatars/defaults/v2/avatar_default_3.png', 'https://www.redditstatic.com/avatars/defaults/v2/avatar_default_6.png']",,,,,,,,,,,
https://www.reddit.com,com.reddit.RedditAppleSSO,https://devvit-gateway.reddit.com,705819728788-b2c1kcs7tst3b7ghv7at0hkqmtc68ckl.apps.googleusercontent.com,https://www.redditstatic.com/shreddit/,False,client-manifest.json,https://www.redditstatic.com/,https://www.reddit.com,https://www.reddit.com,['https://www.redditstatic.com/'],https://www.redditstatic.com/js/concat,https://www.redditstatic.com/shreddit/,https://events.redditmedia.com/v2j,ShredditFrontend-v1,eW9vM3lhZW00VW9naDVleGFlZm9lcGhlZTZQaG9o,False,https://w3-reporting.reddit.com/reports,,,,,,,,,,,,,
,,,,,,,,,,,,,,,,,,,,https://9f057df6115a4bb488c08ea12a835e6e@error-tracking.reddit.com/o418887/5810803,True,production,,,,,,,,
,,,,,,,,,,,,,,,,,,enabled,,,,,enabled,enabled,enabled,enabled,enabled,enabled,enabled,enabled
,,,,,,,,,,,,,,,,,,,"['https://www.reddit.com/r/webscraping/t support constructed stylesheets. See https:/lit.dev/docs/api/LitElement/#LitElement.styles        window.litNonce = ', 'https://www.redditstatic.com/avatars/defaults/v2/avatar_default_7.png', 'https://www.redditstatic.com/avatars/defaults/v2/avatar_default_5.png', 'https://www.redditstatic.com/avatars/defaults/v2/avatar_default_0.png', 'https://www.redditstatic.com/avatars/defaults/v2/avatar_default_4.png', 'https://www.redditstatic.com/avatars/defaults/v2/avatar_default_3.png', 'https://www.redditstatic.com/avatars/defaults/v2/avatar_default_6.png']",,,,,,,,,,,
https://www.reddit.com,com.reddit.RedditAppleSSO,https://devvit-gateway.reddit.com,705819728788-b2c1kcs7tst3b7ghv7at0hkqmtc68ckl.apps.googleusercontent.com,https://www.redditstatic.com/shreddit/,False,client-manifest.json,https://www.redditstatic.com/,https://www.reddit.com,https://www.reddit.com,['https://www.redditstatic.com/'],https://www.redditstatic.com/js/concat,https://www.redditstatic.com/shreddit/,https://events.redditmedia.com/v2j,ShredditFrontend-v1,eW9vM3lhZW00VW9naDVleGFlZm9lcGhlZTZQaG9o,False,https://w3-reporting.reddit.com/reports,,,,,,,,,,,,,
,,,,,,,,,,,,,,,,,,,,https://9f057df6115a4bb488c08ea12a835e6e@error-tracking.reddit.com/o418887/5810803,True,production,,,,,,,,
,,,,,,,,,,,,,,,,,,enabled,,,,,enabled,enabled,enabled,enabled,enabled,enabled,enabled,enabled
,,,,,,,,,,,,,,,,,,,"['https://www.reddit.com/r/webscraping/t support constructed stylesheets. See https:/lit.dev/docs/api/LitElement/#LitElement.styles        window.litNonce = ', 'https://www.redditstatic.com/avatars/defaults/v2/avatar_default_7.png', 'https://www.redditstatic.com/avatars/defaults/v2/avatar_default_5.png', 'https://www.redditstatic.com/avatars/defaults/v2/avatar_default_4.png', 'https://www.redditstatic.com/avatars/defaults/v2/avatar_default_0.png', 'https://www.redditstatic.com/avatars/defaults/v2/avatar_default_3.png', 'https://www.redditstatic.com/avatars/defaults/v2/avatar_default_6.png']",,,,,,,,,,,
https://www.reddit.com,com.reddit.RedditAppleSSO,https://devvit-gateway.reddit.com,705819728788-b2c1kcs7tst3b7ghv7at0hkqmtc68ckl.apps.googleusercontent.com,https://www.redditstatic.com/shreddit/,False,client-manifest.json,https://www.redditstatic.com/,https://www.reddit.com,https://www.reddit.com,['https://www.redditstatic.com/'],https://www.redditstatic.com/js/concat,https://www.redditstatic.com/shreddit/,https://events.redditmedia.com/v2j,ShredditFrontend-v1,eW9vM3lhZW00VW9naDVleGFlZm9lcGhlZTZQaG9o,False,https://w3-reporting.reddit.com/reports,,,,,,,,,,,,,
,,,,,,,,,,,,,,,,,,,,https://9f057df6115a4bb488c08ea12a835e6e@error-tracking.reddit.com/o418887/5810803,True,production,,,,,,,,
,,,,,,,,,,,,,,,,,,enabled,,,,,enabled,enabled,enabled,enabled,enabled,enabled,enabled,enabled
,,,,,,,,,,,,,,,,,,,"['https://www.reddit.com/r/webscraping/t support constructed stylesheets. See https:/lit.dev/docs/api/LitElement/#LitElement.styles        window.litNonce = ', 'https://www.redditstatic.com/avatars/defaults/v2/avatar_default_7.png', 'https://www.redditstatic.com/avatars/defaults/v2/avatar_default_5.png', 'https://www.redditstatic.com/avatars/defaults/v2/avatar_default_0.png', 'https://www.redditstatic.com/avatars/defaults/v2/avatar_default_4.png', 'https://www.redditstatic.com/avatars/defaults/v2/avatar_default_3.png', 'https://www.redditstatic.com/avatars/defaults/v2/avatar_default_6.png']",,,,,,,,,,,
https://www.reddit.com,com.reddit.RedditAppleSSO,https://devvit-gateway.reddit.com,705819728788-b2c1kcs7tst3b7ghv7at0hkqmtc68ckl.apps.googleusercontent.com,https://www.redditstatic.com/shreddit/,False,client-manifest.json,https://www.redditstatic.com/,https://www.reddit.com,https://www.reddit.com,['https://www.redditstatic.com/'],https://www.redditstatic.com/js/concat,https://www.redditstatic.com/shreddit/,https://events.redditmedia.com/v2j,ShredditFrontend-v1,eW9vM3lhZW00VW9naDVleGFlZm9lcGhlZTZQaG9o,False,https://w3-reporting.reddit.com/reports,,,,,,,,,,,,,
,,,,,,,,,,,,,,,,,,,,https://9f057df6115a4bb488c08ea12a835e6e@error-tracking.reddit.com/o418887/5810803,True,production,,,,,,,,
,,,,,,,,,,,,,,,,,,enabled,,,,,enabled,enabled,enabled,enabled,enabled,enabled,enabled,enabled
,,,,,,,,,,,,,,,,,,,"['https://www.reddit.com/r/webscraping/t support constructed stylesheets. See https:/lit.dev/docs/api/LitElement/#LitElement.styles        window.litNonce = ', 'https://www.redditstatic.com/avatars/defaults/v2/avatar_default_7.png', 'https://www.redditstatic.com/avatars/defaults/v2/avatar_default_5.png', 'https://www.redditstatic.com/avatars/defaults/v2/avatar_default_0.png', 'https://www.redditstatic.com/avatars/defaults/v2/avatar_default_4.png', 'https://www.redditstatic.com/avatars/defaults/v2/avatar_default_3.png', 'https://www.redditstatic.com/avatars/defaults/v2/avatar_default_6.png']",,,,,,,,,,,
https://www.reddit.com,com.reddit.RedditAppleSSO,https://devvit-gateway.reddit.com,705819728788-b2c1kcs7tst3b7ghv7at0hkqmtc68ckl.apps.googleusercontent.com,https://www.redditstatic.com/shreddit/,False,client-manifest.json,https://www.redditstatic.com/,https://www.reddit.com,https://www.reddit.com,['https://www.redditstatic.com/'],https://www.redditstatic.com/js/concat,https://www.redditstatic.com/shreddit/,https://events.redditmedia.com/v2j,ShredditFrontend-v1,eW9vM3lhZW00VW9naDVleGFlZm9lcGhlZTZQaG9o,False,https://w3-reporting.reddit.com/reports,,,,,,,,,,,,,
,,,,,,,,,,,,,,,,,,,,https://9f057df6115a4bb488c08ea12a835e6e@error-tracking.reddit.com/o418887/5810803,True,production,,,,,,,,
,,,,,,,,,,,,,,,,,,enabled,,,,,enabled,enabled,enabled,enabled,enabled,enabled,enabled,enabled
,,,,,,,,,,,,,,,,,,,"['https://www.reddit.com/r/webscraping/t support constructed stylesheets. See https:/lit.dev/docs/api/LitElement/#LitElement.styles        window.litNonce = ', 'https://www.redditstatic.com/avatars/defaults/v2/avatar_default_7.png', 'https://www.redditstatic.com/avatars/defaults/v2/avatar_default_5.png', 'https://www.redditstatic.com/avatars/defaults/v2/avatar_default_0.png', 'https://www.redditstatic.com/avatars/defaults/v2/avatar_default_4.png', 'https://www.redditstatic.com/avatars/defaults/v2/avatar_default_3.png', 'https://www.redditstatic.com/avatars/defaults/v2/avatar_default_6.png']",,,,,,,,,,,
https://www.reddit.com,com.reddit.RedditAppleSSO,https://devvit-gateway.reddit.com,705819728788-b2c1kcs7tst3b7ghv7at0hkqmtc68ckl.apps.googleusercontent.com,https://www.redditstatic.com/shreddit/,False,client-manifest.json,https://www.redditstatic.com/,https://www.reddit.com,https://www.reddit.com,['https://www.redditstatic.com/'],https://www.redditstatic.com/js/concat,https://www.redditstatic.com/shreddit/,https://events.redditmedia.com/v2j,ShredditFrontend-v1,eW9vM3lhZW00VW9naDVleGFlZm9lcGhlZTZQaG9o,False,https://w3-reporting.reddit.com/reports,,,,,,,,,,,,,
,,,,,,,,,,,,,,,,,,,,https://9f057df6115a4bb488c08ea12a835e6e@error-tracking.reddit.com/o418887/5810803,True,production,,,,,,,,
,,,,,,,,,,,,,,,,,,enabled,,,,,enabled,enabled,enabled,enabled,enabled,enabled,enabled,enabled
,,,,,,,,,,,,,,,,,,,"['https://www.reddit.com/r/webscraping/t support constructed stylesheets. See https:/lit.dev/docs/api/LitElement/#LitElement.styles        window.litNonce = ', 'https://www.redditstatic.com/avatars/defaults/v2/avatar_default_7.png', 'https://www.redditstatic.com/avatars/defaults/v2/avatar_default_5.png', 'https://www.redditstatic.com/avatars/defaults/v2/avatar_default_4.png', 'https://www.redditstatic.com/avatars/defaults/v2/avatar_default_0.png', 'https://www.redditstatic.com/avatars/defaults/v2/avatar_default_3.png', 'https://www.redditstatic.com/avatars/defaults/v2/avatar_default_6.png']",,,,,,,,,,,
https://www.reddit.com,com.reddit.RedditAppleSSO,https://devvit-gateway.reddit.com,705819728788-b2c1kcs7tst3b7ghv7at0hkqmtc68ckl.apps.googleusercontent.com,https://www.redditstatic.com/shreddit/,False,client-manifest.json,https://www.redditstatic.com/,https://www.reddit.com,https://www.reddit.com,['https://www.redditstatic.com/'],https://www.redditstatic.com/js/concat,https://www.redditstatic.com/shreddit/,https://events.redditmedia.com/v2j,ShredditFrontend-v1,eW9vM3lhZW00VW9naDVleGFlZm9lcGhlZTZQaG9o,False,https://w3-reporting.reddit.com/reports,,,,,,,,,,,,,
,,,,,,,,,,,,,,,,,,,,https://9f057df6115a4bb488c08ea12a835e6e@error-tracking.reddit.com/o418887/5810803,True,production,,,,,,,,
,,,,,,,,,,,,,,,,,,enabled,,,,,enabled,enabled,enabled,enabled,enabled,enabled,enabled,enabled
,,,,,,,,,,,,,,,,,,,"['https://www.reddit.com/r/webscraping/t support constructed stylesheets. See https:/lit.dev/docs/api/LitElement/#LitElement.styles        window.litNonce = ', 'https://www.redditstatic.com/avatars/defaults/v2/avatar_default_2.png', 'https://www.redditstatic.com/avatars/defaults/v2/avatar_default_7.png', 'https://www.redditstatic.com/avatars/defaults/v2/avatar_default_5.png', 'https://www.redditstatic.com/avatars/defaults/v2/avatar_default_0.png', 'https://www.redditstatic.com/avatars/defaults/v2/avatar_default_4.png', 'https://www.redditstatic.com/avatars/defaults/v2/avatar_default_3.png', 'https://www.redditstatic.com/avatars/defaults/v2/avatar_default_6.png']",,,,,,,,,,,
https://www.reddit.com,com.reddit.RedditAppleSSO,https://devvit-gateway.reddit.com,705819728788-b2c1kcs7tst3b7ghv7at0hkqmtc68ckl.apps.googleusercontent.com,https://www.redditstatic.com/shreddit/,False,client-manifest.json,https://www.redditstatic.com/,https://www.reddit.com,https://www.reddit.com,['https://www.redditstatic.com/'],https://www.redditstatic.com/js/concat,https://www.redditstatic.com/shreddit/,https://events.redditmedia.com/v2j,ShredditFrontend-v1,eW9vM3lhZW00VW9naDVleGFlZm9lcGhlZTZQaG9o,False,https://w3-reporting.reddit.com/reports,,,,,,,,,,,,,
,,,,,,,,,,,,,,,,,,,,https://9f057df6115a4bb488c08ea12a835e6e@error-tracking.reddit.com/o418887/5810803,True,production,,,,,,,,
,,,,,,,,,,,,,,,,,,enabled,,,,,enabled,enabled,enabled,enabled,enabled,enabled,enabled,enabled
,,,,,,,,,,,,,,,,,,,"['https://www.reddit.com/r/webscraping/t support constructed stylesheets. See https:/lit.dev/docs/api/LitElement/#LitElement.styles        window.litNonce = ', 'https://www.redditstatic.com/avatars/defaults/v2/avatar_default_7.png', 'https://www.redditstatic.com/avatars/defaults/v2/avatar_default_5.png', 'https://www.redditstatic.com/avatars/defaults/v2/avatar_default_0.png', 'https://www.redditstatic.com/avatars/defaults/v2/avatar_default_4.png', 'https://www.redditstatic.com/avatars/defaults/v2/avatar_default_3.png', 'https://www.redditstatic.com/avatars/defaults/v2/avatar_default_6.png']",,,,,,,,,,,
https://www.reddit.com,com.reddit.RedditAppleSSO,https://devvit-gateway.reddit.com,705819728788-b2c1kcs7tst3b7ghv7at0hkqmtc68ckl.apps.googleusercontent.com,https://www.redditstatic.com/shreddit/,False,client-manifest.json,https://www.redditstatic.com/,https://www.reddit.com,https://www.reddit.com,['https://www.redditstatic.com/'],https://www.redditstatic.com/js/concat,https://www.redditstatic.com/shreddit/,https://events.redditmedia.com/v2j,ShredditFrontend-v1,eW9vM3lhZW00VW9naDVleGFlZm9lcGhlZTZQaG9o,False,https://w3-reporting.reddit.com/reports,,,,,,,,,,,,,
,,,,,,,,,,,,,,,,,,,,https://9f057df6115a4bb488c08ea12a835e6e@error-tracking.reddit.com/o418887/5810803,True,production,,,,,,,,
,,,,,,,,,,,,,,,,,,enabled,,,,,enabled,enabled,enabled,enabled,enabled,enabled,enabled,enabled
,,,,,,,,,,,,,,,,,,,"['https://www.reddit.com/r/webscraping/t support constructed stylesheets. See https:/lit.dev/docs/api/LitElement/#LitElement.styles        window.litNonce = ', 'https://www.redditstatic.com/avatars/defaults/v2/avatar_default_7.png', 'https://www.redditstatic.com/avatars/defaults/v2/avatar_default_5.png', 'https://www.redditstatic.com/avatars/defaults/v2/avatar_default_0.png', 'https://www.redditstatic.com/avatars/defaults/v2/avatar_default_4.png', 'https://www.redditstatic.com/avatars/defaults/v2/avatar_default_3.png', 'https://www.redditstatic.com/avatars/defaults/v2/avatar_default_6.png']",,,,,,,,,,,
https://www.reddit.com,com.reddit.RedditAppleSSO,https://devvit-gateway.reddit.com,705819728788-b2c1kcs7tst3b7ghv7at0hkqmtc68ckl.apps.googleusercontent.com,https://www.redditstatic.com/shreddit/,False,client-manifest.json,https://www.redditstatic.com/,https://www.reddit.com,https://www.reddit.com,['https://www.redditstatic.com/'],https://www.redditstatic.com/js/concat,https://www.redditstatic.com/shreddit/,https://events.redditmedia.com/v2j,ShredditFrontend-v1,eW9vM3lhZW00VW9naDVleGFlZm9lcGhlZTZQaG9o,False,https://w3-reporting.reddit.com/reports,,,,,,,,,,,,,
,,,,,,,,,,,,,,,,,,,,https://9f057df6115a4bb488c08ea12a835e6e@error-tracking.reddit.com/o418887/5810803,True,production,,,,,,,,
,,,,,,,,,,,,,,,,,,enabled,,,,,enabled,enabled,enabled,enabled,enabled,enabled,enabled,enabled
,,,,,,,,,,,,,,,,,,,"['https://www.reddit.com/r/webscraping/t support constructed stylesheets. See https:/lit.dev/docs/api/LitElement/#LitElement.styles        window.litNonce = ', 'https://www.redditstatic.com/avatars/defaults/v2/avatar_default_7.png', 'https://www.redditstatic.com/avatars/defaults/v2/avatar_default_5.png', 'https://www.redditstatic.com/avatars/defaults/v2/avatar_default_0.png', 'https://www.redditstatic.com/avatars/defaults/v2/avatar_default_4.png', 'https://www.redditstatic.com/avatars/defaults/v2/avatar_default_3.png', 'https://www.redditstatic.com/avatars/defaults/v2/avatar_default_6.png']",,,,,,,,,,,
https://www.reddit.com,com.reddit.RedditAppleSSO,https://devvit-gateway.reddit.com,705819728788-b2c1kcs7tst3b7ghv7at0hkqmtc68ckl.apps.googleusercontent.com,https://www.redditstatic.com/shreddit/,False,client-manifest.json,https://www.redditstatic.com/,https://www.reddit.com,https://www.reddit.com,['https://www.redditstatic.com/'],https://www.redditstatic.com/js/concat,https://www.redditstatic.com/shreddit/,https://events.redditmedia.com/v2j,ShredditFrontend-v1,eW9vM3lhZW00VW9naDVleGFlZm9lcGhlZTZQaG9o,False,https://w3-reporting.reddit.com/reports,,,,,,,,,,,,,
,,,,,,,,,,,,,,,,,,,,https://9f057df6115a4bb488c08ea12a835e6e@error-tracking.reddit.com/o418887/5810803,True,production,,,,,,,,
,,,,,,,,,,,,,,,,,,enabled,,,,,enabled,enabled,enabled,enabled,enabled,enabled,enabled,enabled
,,,,,,,,,,,,,,,,,,,"['https://www.reddit.com/r/webscraping/t support constructed stylesheets. See https:/lit.dev/docs/api/LitElement/#LitElement.styles        window.litNonce = ', 'https://www.redditstatic.com/avatars/defaults/v2/avatar_default_7.png', 'https://www.redditstatic.com/avatars/defaults/v2/avatar_default_5.png', 'https://www.redditstatic.com/avatars/defaults/v2/avatar_default_0.png', 'https://www.redditstatic.com/avatars/defaults/v2/avatar_default_4.png', 'https://www.redditstatic.com/avatars/defaults/v2/avatar_default_3.png', 'https://www.redditstatic.com/avatars/defaults/v2/avatar_default_6.png']",,,,,,,,,,,
https://www.reddit.com,com.reddit.RedditAppleSSO,https://devvit-gateway.reddit.com,705819728788-b2c1kcs7tst3b7ghv7at0hkqmtc68ckl.apps.googleusercontent.com,https://www.redditstatic.com/shreddit/,False,client-manifest.json,https://www.redditstatic.com/,https://www.reddit.com,https://www.reddit.com,['https://www.redditstatic.com/'],https://www.redditstatic.com/js/concat,https://www.redditstatic.com/shreddit/,https://events.redditmedia.com/v2j,ShredditFrontend-v1,eW9vM3lhZW00VW9naDVleGFlZm9lcGhlZTZQaG9o,False,https://w3-reporting.reddit.com/reports,,,,,,,,,,,,,
,,,,,,,,,,,,,,,,,,,,https://9f057df6115a4bb488c08ea12a835e6e@error-tracking.reddit.com/o418887/5810803,True,production,,,,,,,,
,,,,,,,,,,,,,,,,,,enabled,,,,,enabled,enabled,enabled,enabled,enabled,enabled,enabled,enabled
,,,,,,,,,,,,,,,,,,,"['https://www.reddit.com/r/webscraping/t support constructed stylesheets. See https:/lit.dev/docs/api/LitElement/#LitElement.styles        window.litNonce = ', 'https://www.redditstatic.com/avatars/defaults/v2/avatar_default_7.png', 'https://www.redditstatic.com/avatars/defaults/v2/avatar_default_5.png', 'https://www.redditstatic.com/avatars/defaults/v2/avatar_default_0.png', 'https://www.redditstatic.com/avatars/defaults/v2/avatar_default_4.png', 'https://www.redditstatic.com/avatars/defaults/v2/avatar_default_3.png', 'https://www.redditstatic.com/avatars/defaults/v2/avatar_default_6.png']",,,,,,,,,,,
https://www.reddit.com,com.reddit.RedditAppleSSO,https://devvit-gateway.reddit.com,705819728788-b2c1kcs7tst3b7ghv7at0hkqmtc68ckl.apps.googleusercontent.com,https://www.redditstatic.com/shreddit/,False,client-manifest.json,https://www.redditstatic.com/,https://www.reddit.com,https://www.reddit.com,['https://www.redditstatic.com/'],https://www.redditstatic.com/js/concat,https://www.redditstatic.com/shreddit/,https://events.redditmedia.com/v2j,ShredditFrontend-v1,eW9vM3lhZW00VW9naDVleGFlZm9lcGhlZTZQaG9o,False,https://w3-reporting.reddit.com/reports,,,,,,,,,,,,,
,,,,,,,,,,,,,,,,,,,,https://9f057df6115a4bb488c08ea12a835e6e@error-tracking.reddit.com/o418887/5810803,True,production,,,,,,,,
,,,,,,,,,,,,,,,,,,enabled,,,,,enabled,enabled,enabled,enabled,enabled,enabled,enabled,enabled
,,,,,,,,,,,,,,,,,,,"['https://www.reddit.com/r/webscraping/t support constructed stylesheets. See https:/lit.dev/docs/api/LitElement/#LitElement.styles        window.litNonce = ', 'https://www.redditstatic.com/avatars/defaults/v2/avatar_default_7.png', 'https://www.redditstatic.com/avatars/defaults/v2/avatar_default_5.png', 'https://www.redditstatic.com/avatars/defaults/v2/avatar_default_0.png', 'https://www.redditstatic.com/avatars/defaults/v2/avatar_default_6.png', 'https://www.redditstatic.com/avatars/defaults/v2/avatar_default_4.png', 'https://www.redditstatic.com/avatars/defaults/v2/avatar_default_3.png']",,,,,,,,,,,
https://www.reddit.com,com.reddit.RedditAppleSSO,https://devvit-gateway.reddit.com,705819728788-b2c1kcs7tst3b7ghv7at0hkqmtc68ckl.apps.googleusercontent.com,https://www.redditstatic.com/shreddit/,False,client-manifest.json,https://www.redditstatic.com/,https://www.reddit.com,https://www.reddit.com,['https://www.redditstatic.com/'],https://www.redditstatic.com/js/concat,https://www.redditstatic.com/shreddit/,https://events.redditmedia.com/v2j,ShredditFrontend-v1,eW9vM3lhZW00VW9naDVleGFlZm9lcGhlZTZQaG9o,False,https://w3-reporting.reddit.com/reports,,,,,,,,,,,,,
,,,,,,,,,,,,,,,,,,,,https://9f057df6115a4bb488c08ea12a835e6e@error-tracking.reddit.com/o418887/5810803,True,production,,,,,,,,
,,,,,,,,,,,,,,,,,,enabled,,,,,enabled,enabled,enabled,enabled,enabled,enabled,enabled,enabled
,,,,,,,,,,,,,,,,,,,"['https://www.reddit.com/r/webscraping/t support constructed stylesheets. See https:/lit.dev/docs/api/LitElement/#LitElement.styles        window.litNonce = ', 'https://www.redditstatic.com/avatars/defaults/v2/avatar_default_7.png', 'https://www.redditstatic.com/avatars/defaults/v2/avatar_default_5.png', 'https://www.redditstatic.com/avatars/defaults/v2/avatar_default_0.png', 'https://www.redditstatic.com/avatars/defaults/v2/avatar_default_4.png', 'https://www.redditstatic.com/avatars/defaults/v2/avatar_default_3.png', 'https://www.redditstatic.com/avatars/defaults/v2/avatar_default_6.png']",,,,,,,,,,,
https://www.reddit.com,com.reddit.RedditAppleSSO,https://devvit-gateway.reddit.com,705819728788-b2c1kcs7tst3b7ghv7at0hkqmtc68ckl.apps.googleusercontent.com,https://www.redditstatic.com/shreddit/,False,client-manifest.json,https://www.redditstatic.com/,https://www.reddit.com,https://www.reddit.com,['https://www.redditstatic.com/'],https://www.redditstatic.com/js/concat,https://www.redditstatic.com/shreddit/,https://events.redditmedia.com/v2j,ShredditFrontend-v1,eW9vM3lhZW00VW9naDVleGFlZm9lcGhlZTZQaG9o,False,https://w3-reporting.reddit.com/reports,,,,,,,,,,,,,
,,,,,,,,,,,,,,,,,,,,https://9f057df6115a4bb488c08ea12a835e6e@error-tracking.reddit.com/o418887/5810803,True,production,,,,,,,,
,,,,,,,,,,,,,,,,,,enabled,,,,,enabled,enabled,enabled,enabled,enabled,enabled,enabled,enabled
,,,,,,,,,,,,,,,,,,,"['https://www.reddit.com/r/webscraping/t support constructed stylesheets. See https:/lit.dev/docs/api/LitElement/#LitElement.styles        window.litNonce = ', 'https://www.redditstatic.com/avatars/defaults/v2/avatar_default_7.png', 'https://www.redditstatic.com/avatars/defaults/v2/avatar_default_5.png', 'https://www.redditstatic.com/avatars/defaults/v2/avatar_default_0.png', 'https://www.redditstatic.com/avatars/defaults/v2/avatar_default_4.png', 'https://www.redditstatic.com/avatars/defaults/v2/avatar_default_3.png', 'https://www.redditstatic.com/avatars/defaults/v2/avatar_default_6.png']",,,,,,,,,,,
https://www.reddit.com,com.reddit.RedditAppleSSO,https://devvit-gateway.reddit.com,705819728788-b2c1kcs7tst3b7ghv7at0hkqmtc68ckl.apps.googleusercontent.com,https://www.redditstatic.com/shreddit/,False,client-manifest.json,https://www.redditstatic.com/,https://www.reddit.com,https://www.reddit.com,['https://www.redditstatic.com/'],https://www.redditstatic.com/js/concat,https://www.redditstatic.com/shreddit/,https://events.redditmedia.com/v2j,ShredditFrontend-v1,eW9vM3lhZW00VW9naDVleGFlZm9lcGhlZTZQaG9o,False,https://w3-reporting.reddit.com/reports,,,,,,,,,,,,,
,,,,,,,,,,,,,,,,,,,,https://9f057df6115a4bb488c08ea12a835e6e@error-tracking.reddit.com/o418887/5810803,True,production,,,,,,,,
,,,,,,,,,,,,,,,,,,enabled,,,,,enabled,enabled,enabled,enabled,enabled,enabled,enabled,enabled
,,,,,,,,,,,,,,,,,,,"['https://www.reddit.com/r/webscraping/t support constructed stylesheets. See https:/lit.dev/docs/api/LitElement/#LitElement.styles        window.litNonce = ', 'https://www.redditstatic.com/avatars/defaults/v2/avatar_default_7.png', 'https://www.redditstatic.com/avatars/defaults/v2/avatar_default_5.png', 'https://www.redditstatic.com/avatars/defaults/v2/avatar_default_0.png', 'https://www.redditstatic.com/avatars/defaults/v2/avatar_default_4.png', 'https://www.redditstatic.com/avatars/defaults/v2/avatar_default_3.png', 'https://www.redditstatic.com/avatars/defaults/v2/avatar_default_6.png']",,,,,,,,,,,
https://www.reddit.com,com.reddit.RedditAppleSSO,https://devvit-gateway.reddit.com,705819728788-b2c1kcs7tst3b7ghv7at0hkqmtc68ckl.apps.googleusercontent.com,https://www.redditstatic.com/shreddit/,False,client-manifest.json,https://www.redditstatic.com/,https://www.reddit.com,https://www.reddit.com,['https://www.redditstatic.com/'],https://www.redditstatic.com/js/concat,https://www.redditstatic.com/shreddit/,https://events.redditmedia.com/v2j,ShredditFrontend-v1,eW9vM3lhZW00VW9naDVleGFlZm9lcGhlZTZQaG9o,False,https://w3-reporting.reddit.com/reports,,,,,,,,,,,,,
,,,,,,,,,,,,,,,,,,,,https://9f057df6115a4bb488c08ea12a835e6e@error-tracking.reddit.com/o418887/5810803,True,production,,,,,,,,
,,,,,,,,,,,,,,,,,,enabled,,,,,enabled,enabled,enabled,enabled,enabled,enabled,enabled,enabled
,,,,,,,,,,,,,,,,,,,"['https://www.reddit.com/r/webscraping/t support constructed stylesheets. See https:/lit.dev/docs/api/LitElement/#LitElement.styles        window.litNonce = ', 'https://www.redditstatic.com/avatars/defaults/v2/avatar_default_7.png', 'https://www.redditstatic.com/avatars/defaults/v2/avatar_default_5.png', 'https://www.redditstatic.com/avatars/defaults/v2/avatar_default_0.png', 'https://www.redditstatic.com/avatars/defaults/v2/avatar_default_4.png', 'https://www.redditstatic.com/avatars/defaults/v2/avatar_default_3.png', 'https://www.redditstatic.com/avatars/defaults/v2/avatar_default_6.png', 'https://www.redditstatic.com/avatars/defaults/v2/avatar_default_2.png']",,,,,,,,,,,
https://www.reddit.com,com.reddit.RedditAppleSSO,https://devvit-gateway.reddit.com,705819728788-b2c1kcs7tst3b7ghv7at0hkqmtc68ckl.apps.googleusercontent.com,https://www.redditstatic.com/shreddit/,False,client-manifest.json,https://www.redditstatic.com/,https://www.reddit.com,https://www.reddit.com,['https://www.redditstatic.com/'],https://www.redditstatic.com/js/concat,https://www.redditstatic.com/shreddit/,https://events.redditmedia.com/v2j,ShredditFrontend-v1,eW9vM3lhZW00VW9naDVleGFlZm9lcGhlZTZQaG9o,False,https://w3-reporting.reddit.com/reports,,,,,,,,,,,,,
,,,,,,,,,,,,,,,,,,,,https://9f057df6115a4bb488c08ea12a835e6e@error-tracking.reddit.com/o418887/5810803,True,production,,,,,,,,
,,,,,,,,,,,,,,,,,,enabled,,,,,enabled,enabled,enabled,enabled,enabled,enabled,enabled,enabled
,,,,,,,,,,,,,,,,,,,"['https://www.reddit.com/r/webscraping/t support constructed stylesheets. See https:/lit.dev/docs/api/LitElement/#LitElement.styles        window.litNonce = ', 'https://www.redditstatic.com/avatars/defaults/v2/avatar_default_7.png', 'https://www.redditstatic.com/avatars/defaults/v2/avatar_default_5.png', 'https://www.redditstatic.com/avatars/defaults/v2/avatar_default_0.png', 'https://www.redditstatic.com/avatars/defaults/v2/avatar_default_4.png', 'https://www.redditstatic.com/avatars/defaults/v2/avatar_default_3.png', 'https://www.redditstatic.com/avatars/defaults/v2/avatar_default_6.png']",,,,,,,,,,,
https://www.reddit.com,com.reddit.RedditAppleSSO,https://devvit-gateway.reddit.com,705819728788-b2c1kcs7tst3b7ghv7at0hkqmtc68ckl.apps.googleusercontent.com,https://www.redditstatic.com/shreddit/,False,client-manifest.json,https://www.redditstatic.com/,https://www.reddit.com,https://www.reddit.com,['https://www.redditstatic.com/'],https://www.redditstatic.com/js/concat,https://www.redditstatic.com/shreddit/,https://events.redditmedia.com/v2j,ShredditFrontend-v1,eW9vM3lhZW00VW9naDVleGFlZm9lcGhlZTZQaG9o,False,https://w3-reporting.reddit.com/reports,,,,,,,,,,,,,
,,,,,,,,,,,,,,,,,,,,https://9f057df6115a4bb488c08ea12a835e6e@error-tracking.reddit.com/o418887/5810803,True,production,,,,,,,,
,,,,,,,,,,,,,,,,,,enabled,,,,,enabled,enabled,enabled,enabled,enabled,enabled,enabled,enabled
,,,,,,,,,,,,,,,,,,,"['https://www.reddit.com/r/webscraping/t support constructed stylesheets. See https:/lit.dev/docs/api/LitElement/#LitElement.styles        window.litNonce = ', 'https://www.redditstatic.com/avatars/defaults/v2/avatar_default_4.png', 'https://www.redditstatic.com/avatars/defaults/v2/avatar_default_7.png', 'https://www.redditstatic.com/avatars/defaults/v2/avatar_default_5.png', 'https://www.redditstatic.com/avatars/defaults/v2/avatar_default_0.png', 'https://www.redditstatic.com/avatars/defaults/v2/avatar_default_3.png', 'https://www.redditstatic.com/avatars/defaults/v2/avatar_default_6.png']",,,,,,,,,,,
https://www.reddit.com,com.reddit.RedditAppleSSO,https://devvit-gateway.reddit.com,705819728788-b2c1kcs7tst3b7ghv7at0hkqmtc68ckl.apps.googleusercontent.com,https://www.redditstatic.com/shreddit/,False,client-manifest.json,https://www.redditstatic.com/,https://www.reddit.com,https://www.reddit.com,['https://www.redditstatic.com/'],https://www.redditstatic.com/js/concat,https://www.redditstatic.com/shreddit/,https://events.redditmedia.com/v2j,ShredditFrontend-v1,eW9vM3lhZW00VW9naDVleGFlZm9lcGhlZTZQaG9o,False,https://w3-reporting.reddit.com/reports,,,,,,,,,,,,,
,,,,,,,,,,,,,,,,,,,,https://9f057df6115a4bb488c08ea12a835e6e@error-tracking.reddit.com/o418887/5810803,True,production,,,,,,,,
,,,,,,,,,,,,,,,,,,enabled,,,,,enabled,enabled,enabled,enabled,enabled,enabled,enabled,enabled
,,,,,,,,,,,,,,,,,,,"['https://www.reddit.com/r/webscraping/t support constructed stylesheets. See https:/lit.dev/docs/api/LitElement/#LitElement.styles        window.litNonce = ', 'https://www.redditstatic.com/avatars/defaults/v2/avatar_default_7.png', 'https://www.redditstatic.com/avatars/defaults/v2/avatar_default_5.png', 'https://www.redditstatic.com/avatars/defaults/v2/avatar_default_0.png', 'https://www.redditstatic.com/avatars/defaults/v2/avatar_default_4.png', 'https://www.redditstatic.com/avatars/defaults/v2/avatar_default_3.png', 'https://www.redditstatic.com/avatars/defaults/v2/avatar_default_6.png']",,,,,,,,,,,
https://www.reddit.com,com.reddit.RedditAppleSSO,https://devvit-gateway.reddit.com,705819728788-b2c1kcs7tst3b7ghv7at0hkqmtc68ckl.apps.googleusercontent.com,https://www.redditstatic.com/shreddit/,False,client-manifest.json,https://www.redditstatic.com/,https://www.reddit.com,https://www.reddit.com,['https://www.redditstatic.com/'],https://www.redditstatic.com/js/concat,https://www.redditstatic.com/shreddit/,https://events.redditmedia.com/v2j,ShredditFrontend-v1,eW9vM3lhZW00VW9naDVleGFlZm9lcGhlZTZQaG9o,False,https://w3-reporting.reddit.com/reports,,,,,,,,,,,,,
,,,,,,,,,,,,,,,,,,,,https://9f057df6115a4bb488c08ea12a835e6e@error-tracking.reddit.com/o418887/5810803,True,production,,,,,,,,
,,,,,,,,,,,,,,,,,,enabled,,,,,enabled,enabled,enabled,enabled,enabled,enabled,enabled,enabled
,,,,,,,,,,,,,,,,,,,"['https://www.reddit.com/r/webscraping/t support constructed stylesheets. See https:/lit.dev/docs/api/LitElement/#LitElement.styles        window.litNonce = ', 'https://www.redditstatic.com/avatars/defaults/v2/avatar_default_7.png', 'https://www.redditstatic.com/avatars/defaults/v2/avatar_default_5.png', 'https://www.redditstatic.com/avatars/defaults/v2/avatar_default_0.png', 'https://www.redditstatic.com/avatars/defaults/v2/avatar_default_4.png', 'https://www.redditstatic.com/avatars/defaults/v2/avatar_default_3.png', 'https://www.redditstatic.com/avatars/defaults/v2/avatar_default_6.png']",,,,,,,,,,,
https://www.reddit.com,com.reddit.RedditAppleSSO,https://devvit-gateway.reddit.com,705819728788-b2c1kcs7tst3b7ghv7at0hkqmtc68ckl.apps.googleusercontent.com,https://www.redditstatic.com/shreddit/,False,client-manifest.json,https://www.redditstatic.com/,https://www.reddit.com,https://www.reddit.com,['https://www.redditstatic.com/'],https://www.redditstatic.com/js/concat,https://www.redditstatic.com/shreddit/,https://events.redditmedia.com/v2j,ShredditFrontend-v1,eW9vM3lhZW00VW9naDVleGFlZm9lcGhlZTZQaG9o,False,https://w3-reporting.reddit.com/reports,,,,,,,,,,,,,
,,,,,,,,,,,,,,,,,,,,https://9f057df6115a4bb488c08ea12a835e6e@error-tracking.reddit.com/o418887/5810803,True,production,,,,,,,,
,,,,,,,,,,,,,,,,,,enabled,,,,,enabled,enabled,enabled,enabled,enabled,enabled,enabled,enabled
,,,,,,,,,,,,,,,,,,,"['https://www.reddit.com/r/webscraping/t support constructed stylesheets. See https:/lit.dev/docs/api/LitElement/#LitElement.styles        window.litNonce = ', 'https://www.redditstatic.com/avatars/defaults/v2/avatar_default_7.png', 'https://www.redditstatic.com/avatars/defaults/v2/avatar_default_5.png', 'https://www.redditstatic.com/avatars/defaults/v2/avatar_default_0.png', 'https://www.redditstatic.com/avatars/defaults/v2/avatar_default_4.png', 'https://www.redditstatic.com/avatars/defaults/v2/avatar_default_3.png', 'https://www.redditstatic.com/avatars/defaults/v2/avatar_default_6.png']",,,,,,,,,,,
https://www.reddit.com,com.reddit.RedditAppleSSO,https://devvit-gateway.reddit.com,705819728788-b2c1kcs7tst3b7ghv7at0hkqmtc68ckl.apps.googleusercontent.com,https://www.redditstatic.com/shreddit/,False,client-manifest.json,https://www.redditstatic.com/,https://www.reddit.com,https://www.reddit.com,['https://www.redditstatic.com/'],https://www.redditstatic.com/js/concat,https://www.redditstatic.com/shreddit/,https://events.redditmedia.com/v2j,ShredditFrontend-v1,eW9vM3lhZW00VW9naDVleGFlZm9lcGhlZTZQaG9o,False,https://w3-reporting.reddit.com/reports,,,,,,,,,,,,,
,,,,,,,,,,,,,,,,,,,,https://9f057df6115a4bb488c08ea12a835e6e@error-tracking.reddit.com/o418887/5810803,True,production,,,,,,,,
,,,,,,,,,,,,,,,,,,enabled,,,,,enabled,enabled,enabled,enabled,enabled,enabled,enabled,enabled
,,,,,,,,,,,,,,,,,,,"['https://www.reddit.com/r/webscraping/t support constructed stylesheets. See https:/lit.dev/docs/api/LitElement/#LitElement.styles        window.litNonce = ', 'https://www.redditstatic.com/avatars/defaults/v2/avatar_default_7.png', 'https://www.redditstatic.com/avatars/defaults/v2/avatar_default_5.png', 'https://www.redditstatic.com/avatars/defaults/v2/avatar_default_0.png', 'https://www.redditstatic.com/avatars/defaults/v2/avatar_default_4.png', 'https://www.redditstatic.com/avatars/defaults/v2/avatar_default_3.png', 'https://www.redditstatic.com/avatars/defaults/v2/avatar_default_6.png']",,,,,,,,,,,
https://www.reddit.com,com.reddit.RedditAppleSSO,https://devvit-gateway.reddit.com,705819728788-b2c1kcs7tst3b7ghv7at0hkqmtc68ckl.apps.googleusercontent.com,https://www.redditstatic.com/shreddit/,False,client-manifest.json,https://www.redditstatic.com/,https://www.reddit.com,https://www.reddit.com,['https://www.redditstatic.com/'],https://www.redditstatic.com/js/concat,https://www.redditstatic.com/shreddit/,https://events.redditmedia.com/v2j,ShredditFrontend-v1,eW9vM3lhZW00VW9naDVleGFlZm9lcGhlZTZQaG9o,False,https://w3-reporting.reddit.com/reports,,,,,,,,,,,,,
,,,,,,,,,,,,,,,,,,,,https://9f057df6115a4bb488c08ea12a835e6e@error-tracking.reddit.com/o418887/5810803,True,production,,,,,,,,
,,,,,,,,,,,,,,,,,,enabled,,,,,enabled,enabled,enabled,enabled,enabled,enabled,enabled,enabled
,,,,,,,,,,,,,,,,,,,"['https://www.reddit.com/r/webscraping/t support constructed stylesheets. See https:/lit.dev/docs/api/LitElement/#LitElement.styles        window.litNonce = ', 'https://www.redditstatic.com/avatars/defaults/v2/avatar_default_7.png', 'https://www.redditstatic.com/avatars/defaults/v2/avatar_default_5.png', 'https://www.redditstatic.com/avatars/defaults/v2/avatar_default_0.png', 'https://www.redditstatic.com/avatars/defaults/v2/avatar_default_4.png', 'https://www.redditstatic.com/avatars/defaults/v2/avatar_default_3.png', 'https://www.redditstatic.com/avatars/defaults/v2/avatar_default_6.png']",,,,,,,,,,,
https://www.reddit.com,com.reddit.RedditAppleSSO,https://devvit-gateway.reddit.com,705819728788-b2c1kcs7tst3b7ghv7at0hkqmtc68ckl.apps.googleusercontent.com,https://www.redditstatic.com/shreddit/,False,client-manifest.json,https://www.redditstatic.com/,https://www.reddit.com,https://www.reddit.com,['https://www.redditstatic.com/'],https://www.redditstatic.com/js/concat,https://www.redditstatic.com/shreddit/,https://events.redditmedia.com/v2j,ShredditFrontend-v1,eW9vM3lhZW00VW9naDVleGFlZm9lcGhlZTZQaG9o,False,https://w3-reporting.reddit.com/reports,,,,,,,,,,,,,
,,,,,,,,,,,,,,,,,,,,https://9f057df6115a4bb488c08ea12a835e6e@error-tracking.reddit.com/o418887/5810803,True,production,,,,,,,,
,,,,,,,,,,,,,,,,,,enabled,,,,,enabled,enabled,enabled,enabled,enabled,enabled,enabled,enabled
,,,,,,,,,,,,,,,,,,,"['https://www.reddit.com/r/webscraping/t support constructed stylesheets. See https:/lit.dev/docs/api/LitElement/#LitElement.styles        window.litNonce = ', 'https://www.redditstatic.com/avatars/defaults/v2/avatar_default_7.png', 'https://www.redditstatic.com/avatars/defaults/v2/avatar_default_5.png', 'https://www.redditstatic.com/avatars/defaults/v2/avatar_default_0.png', 'https://www.redditstatic.com/avatars/defaults/v2/avatar_default_4.png', 'https://www.redditstatic.com/avatars/defaults/v2/avatar_default_3.png', 'https://www.redditstatic.com/avatars/defaults/v2/avatar_default_6.png']",,,,,,,,,,,
https://www.reddit.com,com.reddit.RedditAppleSSO,https://devvit-gateway.reddit.com,705819728788-b2c1kcs7tst3b7ghv7at0hkqmtc68ckl.apps.googleusercontent.com,https://www.redditstatic.com/shreddit/,False,client-manifest.json,https://www.redditstatic.com/,https://www.reddit.com,https://www.reddit.com,['https://www.redditstatic.com/'],https://www.redditstatic.com/js/concat,https://www.redditstatic.com/shreddit/,https://events.redditmedia.com/v2j,ShredditFrontend-v1,eW9vM3lhZW00VW9naDVleGFlZm9lcGhlZTZQaG9o,False,https://w3-reporting.reddit.com/reports,,,,,,,,,,,,,
,,,,,,,,,,,,,,,,,,,,https://9f057df6115a4bb488c08ea12a835e6e@error-tracking.reddit.com/o418887/5810803,True,production,,,,,,,,
,,,,,,,,,,,,,,,,,,enabled,,,,,enabled,enabled,enabled,enabled,enabled,enabled,enabled,enabled
,,,,,,,,,,,,,,,,,,,"['https://www.reddit.com/r/webscraping/t support constructed stylesheets. See https:/lit.dev/docs/api/LitElement/#LitElement.styles        window.litNonce = ', 'https://www.redditstatic.com/avatars/defaults/v2/avatar_default_7.png', 'https://www.redditstatic.com/avatars/defaults/v2/avatar_default_5.png', 'https://www.redditstatic.com/avatars/defaults/v2/avatar_default_0.png', 'https://www.redditstatic.com/avatars/defaults/v2/avatar_default_4.png', 'https://www.redditstatic.com/avatars/defaults/v2/avatar_default_3.png', 'https://www.redditstatic.com/avatars/defaults/v2/avatar_default_6.png']",,,,,,,,,,,
https://www.reddit.com,com.reddit.RedditAppleSSO,https://devvit-gateway.reddit.com,705819728788-b2c1kcs7tst3b7ghv7at0hkqmtc68ckl.apps.googleusercontent.com,https://www.redditstatic.com/shreddit/,False,client-manifest.json,https://www.redditstatic.com/,https://www.reddit.com,https://www.reddit.com,['https://www.redditstatic.com/'],https://www.redditstatic.com/js/concat,https://www.redditstatic.com/shreddit/,https://events.redditmedia.com/v2j,ShredditFrontend-v1,eW9vM3lhZW00VW9naDVleGFlZm9lcGhlZTZQaG9o,False,https://w3-reporting.reddit.com/reports,,,,,,,,,,,,,
,,,,,,,,,,,,,,,,,,,,https://9f057df6115a4bb488c08ea12a835e6e@error-tracking.reddit.com/o418887/5810803,True,production,,,,,,,,
,,,,,,,,,,,,,,,,,,enabled,,,,,enabled,enabled,enabled,enabled,enabled,enabled,enabled,enabled
,,,,,,,,,,,,,,,,,,,"['https://www.reddit.com/r/webscraping/t support constructed stylesheets. See https:/lit.dev/docs/api/LitElement/#LitElement.styles        window.litNonce = ', 'https://www.redditstatic.com/avatars/defaults/v2/avatar_default_6.png', 'https://www.redditstatic.com/avatars/defaults/v2/avatar_default_7.png', 'https://www.redditstatic.com/avatars/defaults/v2/avatar_default_5.png', 'https://www.redditstatic.com/avatars/defaults/v2/avatar_default_0.png', 'https://www.redditstatic.com/avatars/defaults/v2/avatar_default_4.png', 'https://www.redditstatic.com/avatars/defaults/v2/avatar_default_3.png']",,,,,,,,,,,
https://www.reddit.com,com.reddit.RedditAppleSSO,https://devvit-gateway.reddit.com,705819728788-b2c1kcs7tst3b7ghv7at0hkqmtc68ckl.apps.googleusercontent.com,https://www.redditstatic.com/shreddit/,False,client-manifest.json,https://www.redditstatic.com/,https://www.reddit.com,https://www.reddit.com,['https://www.redditstatic.com/'],https://www.redditstatic.com/js/concat,https://www.redditstatic.com/shreddit/,https://events.redditmedia.com/v2j,ShredditFrontend-v1,eW9vM3lhZW00VW9naDVleGFlZm9lcGhlZTZQaG9o,False,https://w3-reporting.reddit.com/reports,,,,,,,,,,,,,
,,,,,,,,,,,,,,,,,,,,https://9f057df6115a4bb488c08ea12a835e6e@error-tracking.reddit.com/o418887/5810803,True,production,,,,,,,,
,,,,,,,,,,,,,,,,,,enabled,,,,,enabled,enabled,enabled,enabled,enabled,enabled,enabled,enabled
,,,,,,,,,,,,,,,,,,,"['https://www.reddit.com/r/webscraping/t support constructed stylesheets. See https:/lit.dev/docs/api/LitElement/#LitElement.styles        window.litNonce = ', 'https://www.redditstatic.com/avatars/defaults/v2/avatar_default_7.png', 'https://www.redditstatic.com/avatars/defaults/v2/avatar_default_5.png', 'https://www.redditstatic.com/avatars/defaults/v2/avatar_default_0.png', 'https://www.redditstatic.com/avatars/defaults/v2/avatar_default_4.png', 'https://www.redditstatic.com/avatars/defaults/v2/avatar_default_3.png', 'https://www.redditstatic.com/avatars/defaults/v2/avatar_default_6.png']",,,,,,,,,,,
https://www.reddit.com,com.reddit.RedditAppleSSO,https://devvit-gateway.reddit.com,705819728788-b2c1kcs7tst3b7ghv7at0hkqmtc68ckl.apps.googleusercontent.com,https://www.redditstatic.com/shreddit/,False,client-manifest.json,https://www.redditstatic.com/,https://www.reddit.com,https://www.reddit.com,['https://www.redditstatic.com/'],https://www.redditstatic.com/js/concat,https://www.redditstatic.com/shreddit/,https://events.redditmedia.com/v2j,ShredditFrontend-v1,eW9vM3lhZW00VW9naDVleGFlZm9lcGhlZTZQaG9o,False,https://w3-reporting.reddit.com/reports,,,,,,,,,,,,,
,,,,,,,,,,,,,,,,,,,,https://9f057df6115a4bb488c08ea12a835e6e@error-tracking.reddit.com/o418887/5810803,True,production,,,,,,,,
,,,,,,,,,,,,,,,,,,enabled,,,,,enabled,enabled,enabled,enabled,enabled,enabled,enabled,enabled
,,,,,,,,,,,,,,,,,,,"['https://www.reddit.com/r/webscraping/t support constructed stylesheets. See https:/lit.dev/docs/api/LitElement/#LitElement.styles        window.litNonce = ', 'https://www.redditstatic.com/avatars/defaults/v2/avatar_default_7.png', 'https://www.redditstatic.com/avatars/defaults/v2/avatar_default_5.png', 'https://www.redditstatic.com/avatars/defaults/v2/avatar_default_0.png', 'https://www.redditstatic.com/avatars/defaults/v2/avatar_default_4.png', 'https://www.redditstatic.com/avatars/defaults/v2/avatar_default_3.png', 'https://www.redditstatic.com/avatars/defaults/v2/avatar_default_6.png']",,,,,,,,,,,
https://www.reddit.com,com.reddit.RedditAppleSSO,https://devvit-gateway.reddit.com,705819728788-b2c1kcs7tst3b7ghv7at0hkqmtc68ckl.apps.googleusercontent.com,https://www.redditstatic.com/shreddit/,False,client-manifest.json,https://www.redditstatic.com/,https://www.reddit.com,https://www.reddit.com,['https://www.redditstatic.com/'],https://www.redditstatic.com/js/concat,https://www.redditstatic.com/shreddit/,https://events.redditmedia.com/v2j,ShredditFrontend-v1,eW9vM3lhZW00VW9naDVleGFlZm9lcGhlZTZQaG9o,False,https://w3-reporting.reddit.com/reports,,,,,,,,,,,,,
,,,,,,,,,,,,,,,,,,,,https://9f057df6115a4bb488c08ea12a835e6e@error-tracking.reddit.com/o418887/5810803,True,production,,,,,,,,
,,,,,,,,,,,,,,,,,,enabled,,,,,enabled,enabled,enabled,enabled,enabled,enabled,enabled,enabled
,,,,,,,,,,,,,,,,,,,"['https://www.reddit.com/r/webscraping/t support constructed stylesheets. See https:/lit.dev/docs/api/LitElement/#LitElement.styles        window.litNonce = ', 'https://www.redditstatic.com/avatars/defaults/v2/avatar_default_7.png', 'https://www.redditstatic.com/avatars/defaults/v2/avatar_default_5.png', 'https://www.redditstatic.com/avatars/defaults/v2/avatar_default_0.png', 'https://www.redditstatic.com/avatars/defaults/v2/avatar_default_4.png', 'https://www.redditstatic.com/avatars/defaults/v2/avatar_default_3.png', 'https://www.redditstatic.com/avatars/defaults/v2/avatar_default_6.png']",,,,,,,,,,,
https://www.reddit.com,com.reddit.RedditAppleSSO,https://devvit-gateway.reddit.com,705819728788-b2c1kcs7tst3b7ghv7at0hkqmtc68ckl.apps.googleusercontent.com,https://www.redditstatic.com/shreddit/,False,client-manifest.json,https://www.redditstatic.com/,https://www.reddit.com,https://www.reddit.com,['https://www.redditstatic.com/'],https://www.redditstatic.com/js/concat,https://www.redditstatic.com/shreddit/,https://events.redditmedia.com/v2j,ShredditFrontend-v1,eW9vM3lhZW00VW9naDVleGFlZm9lcGhlZTZQaG9o,False,https://w3-reporting.reddit.com/reports,,,,,,,,,,,,,
,,,,,,,,,,,,,,,,,,,,https://9f057df6115a4bb488c08ea12a835e6e@error-tracking.reddit.com/o418887/5810803,True,production,,,,,,,,
,,,,,,,,,,,,,,,,,,enabled,,,,,enabled,enabled,enabled,enabled,enabled,enabled,enabled,enabled
,,,,,,,,,,,,,,,,,,,"['https://www.reddit.com/r/webscraping/t support constructed stylesheets. See https:/lit.dev/docs/api/LitElement/#LitElement.styles        window.litNonce = ', 'https://www.redditstatic.com/avatars/defaults/v2/avatar_default_7.png', 'https://www.redditstatic.com/avatars/defaults/v2/avatar_default_5.png', 'https://www.redditstatic.com/avatars/defaults/v2/avatar_default_0.png', 'https://www.redditstatic.com/avatars/defaults/v2/avatar_default_4.png', 'https://www.redditstatic.com/avatars/defaults/v2/avatar_default_3.png', 'https://www.redditstatic.com/avatars/defaults/v2/avatar_default_6.png']",,,,,,,,,,,
https://www.reddit.com,com.reddit.RedditAppleSSO,https://devvit-gateway.reddit.com,705819728788-b2c1kcs7tst3b7ghv7at0hkqmtc68ckl.apps.googleusercontent.com,https://www.redditstatic.com/shreddit/,False,client-manifest.json,https://www.redditstatic.com/,https://www.reddit.com,https://www.reddit.com,['https://www.redditstatic.com/'],https://www.redditstatic.com/js/concat,https://www.redditstatic.com/shreddit/,https://events.redditmedia.com/v2j,ShredditFrontend-v1,eW9vM3lhZW00VW9naDVleGFlZm9lcGhlZTZQaG9o,False,https://w3-reporting.reddit.com/reports,,,,,,,,,,,,,
,,,,,,,,,,,,,,,,,,,,https://9f057df6115a4bb488c08ea12a835e6e@error-tracking.reddit.com/o418887/5810803,True,production,,,,,,,,
,,,,,,,,,,,,,,,,,,enabled,,,,,enabled,enabled,enabled,enabled,enabled,enabled,enabled,enabled
,,,,,,,,,,,,,,,,,,,"['https://www.reddit.com/r/webscraping/t support constructed stylesheets. See https:/lit.dev/docs/api/LitElement/#LitElement.styles        window.litNonce = ', 'https://www.redditstatic.com/avatars/defaults/v2/avatar_default_7.png', 'https://www.redditstatic.com/avatars/defaults/v2/avatar_default_5.png', 'https://www.redditstatic.com/avatars/defaults/v2/avatar_default_0.png', 'https://www.redditstatic.com/avatars/defaults/v2/avatar_default_4.png', 'https://www.redditstatic.com/avatars/defaults/v2/avatar_default_3.png', 'https://www.redditstatic.com/avatars/defaults/v2/avatar_default_6.png']",,,,,,,,,,,
https://www.reddit.com,com.reddit.RedditAppleSSO,https://devvit-gateway.reddit.com,705819728788-b2c1kcs7tst3b7ghv7at0hkqmtc68ckl.apps.googleusercontent.com,https://www.redditstatic.com/shreddit/,False,client-manifest.json,https://www.redditstatic.com/,https://www.reddit.com,https://www.reddit.com,['https://www.redditstatic.com/'],https://www.redditstatic.com/js/concat,https://www.redditstatic.com/shreddit/,https://events.redditmedia.com/v2j,ShredditFrontend-v1,eW9vM3lhZW00VW9naDVleGFlZm9lcGhlZTZQaG9o,False,https://w3-reporting.reddit.com/reports,,,,,,,,,,,,,
,,,,,,,,,,,,,,,,,,,,https://9f057df6115a4bb488c08ea12a835e6e@error-tracking.reddit.com/o418887/5810803,True,production,,,,,,,,
,,,,,,,,,,,,,,,,,,enabled,,,,,enabled,enabled,enabled,enabled,enabled,enabled,enabled,enabled
,,,,,,,,,,,,,,,,,,,"['https://www.reddit.com/r/webscraping/t support constructed stylesheets. See https:/lit.dev/docs/api/LitElement/#LitElement.styles        window.litNonce = ', 'https://www.redditstatic.com/avatars/defaults/v2/avatar_default_7.png', 'https://www.redditstatic.com/avatars/defaults/v2/avatar_default_5.png', 'https://www.redditstatic.com/avatars/defaults/v2/avatar_default_0.png', 'https://www.redditstatic.com/avatars/defaults/v2/avatar_default_1.png', 'https://www.redditstatic.com/avatars/defaults/v2/avatar_default_4.png', 'https://www.redditstatic.com/avatars/defaults/v2/avatar_default_3.png', 'https://www.redditstatic.com/avatars/defaults/v2/avatar_default_6.png']",,,,,,,,,,,
https://www.reddit.com,com.reddit.RedditAppleSSO,https://devvit-gateway.reddit.com,705819728788-b2c1kcs7tst3b7ghv7at0hkqmtc68ckl.apps.googleusercontent.com,https://www.redditstatic.com/shreddit/,False,client-manifest.json,https://www.redditstatic.com/,https://www.reddit.com,https://www.reddit.com,['https://www.redditstatic.com/'],https://www.redditstatic.com/js/concat,https://www.redditstatic.com/shreddit/,https://events.redditmedia.com/v2j,ShredditFrontend-v1,eW9vM3lhZW00VW9naDVleGFlZm9lcGhlZTZQaG9o,False,https://w3-reporting.reddit.com/reports,,,,,,,,,,,,,
,,,,,,,,,,,,,,,,,,,,https://9f057df6115a4bb488c08ea12a835e6e@error-tracking.reddit.com/o418887/5810803,True,production,,,,,,,,
,,,,,,,,,,,,,,,,,,enabled,,,,,enabled,enabled,enabled,enabled,enabled,enabled,enabled,enabled
,,,,,,,,,,,,,,,,,,,"['https://www.reddit.com/r/webscraping/t support constructed stylesheets. See https:/lit.dev/docs/api/LitElement/#LitElement.styles        window.litNonce = ', 'https://www.redditstatic.com/avatars/defaults/v2/avatar_default_7.png', 'https://www.redditstatic.com/avatars/defaults/v2/avatar_default_5.png', 'https://www.redditstatic.com/avatars/defaults/v2/avatar_default_0.png', 'https://www.redditstatic.com/avatars/defaults/v2/avatar_default_4.png', 'https://www.redditstatic.com/avatars/defaults/v2/avatar_default_3.png', 'https://www.redditstatic.com/avatars/defaults/v2/avatar_default_6.png']",,,,,,,,,,,
https://www.reddit.com,com.reddit.RedditAppleSSO,https://devvit-gateway.reddit.com,705819728788-b2c1kcs7tst3b7ghv7at0hkqmtc68ckl.apps.googleusercontent.com,https://www.redditstatic.com/shreddit/,False,client-manifest.json,https://www.redditstatic.com/,https://www.reddit.com,https://www.reddit.com,['https://www.redditstatic.com/'],https://www.redditstatic.com/js/concat,https://www.redditstatic.com/shreddit/,https://events.redditmedia.com/v2j,ShredditFrontend-v1,eW9vM3lhZW00VW9naDVleGFlZm9lcGhlZTZQaG9o,False,https://w3-reporting.reddit.com/reports,,,,,,,,,,,,,
,,,,,,,,,,,,,,,,,,,,https://9f057df6115a4bb488c08ea12a835e6e@error-tracking.reddit.com/o418887/5810803,True,production,,,,,,,,
,,,,,,,,,,,,,,,,,,enabled,,,,,enabled,enabled,enabled,enabled,enabled,enabled,enabled,enabled
,,,,,,,,,,,,,,,,,,,"['https://www.reddit.com/r/webscraping/t support constructed stylesheets. See https:/lit.dev/docs/api/LitElement/#LitElement.styles        window.litNonce = ', 'https://www.redditstatic.com/avatars/defaults/v2/avatar_default_7.png', 'https://www.redditstatic.com/avatars/defaults/v2/avatar_default_5.png', 'https://www.redditstatic.com/avatars/defaults/v2/avatar_default_0.png', 'https://www.redditstatic.com/avatars/defaults/v2/avatar_default_4.png', 'https://www.redditstatic.com/avatars/defaults/v2/avatar_default_3.png', 'https://www.redditstatic.com/avatars/defaults/v2/avatar_default_6.png']",,,,,,,,,,,
https://www.reddit.com,com.reddit.RedditAppleSSO,https://devvit-gateway.reddit.com,705819728788-b2c1kcs7tst3b7ghv7at0hkqmtc68ckl.apps.googleusercontent.com,https://www.redditstatic.com/shreddit/,False,client-manifest.json,https://www.redditstatic.com/,https://www.reddit.com,https://www.reddit.com,['https://www.redditstatic.com/'],https://www.redditstatic.com/js/concat,https://www.redditstatic.com/shreddit/,https://events.redditmedia.com/v2j,ShredditFrontend-v1,eW9vM3lhZW00VW9naDVleGFlZm9lcGhlZTZQaG9o,False,https://w3-reporting.reddit.com/reports,,,,,,,,,,,,,
,,,,,,,,,,,,,,,,,,,,https://9f057df6115a4bb488c08ea12a835e6e@error-tracking.reddit.com/o418887/5810803,True,production,,,,,,,,
,,,,,,,,,,,,,,,,,,enabled,,,,,enabled,enabled,enabled,enabled,enabled,enabled,enabled,enabled
,,,,,,,,,,,,,,,,,,,"['https://www.reddit.com/r/webscraping/t support constructed stylesheets. See https:/lit.dev/docs/api/LitElement/#LitElement.styles        window.litNonce = ', 'https://www.redditstatic.com/avatars/defaults/v2/avatar_default_7.png', 'https://www.redditstatic.com/avatars/defaults/v2/avatar_default_5.png', 'https://www.redditstatic.com/avatars/defaults/v2/avatar_default_0.png', 'https://www.redditstatic.com/avatars/defaults/v2/avatar_default_4.png', 'https://www.redditstatic.com/avatars/defaults/v2/avatar_default_3.png', 'https://www.redditstatic.com/avatars/defaults/v2/avatar_default_6.png']",,,,,,,,,,,
https://www.reddit.com,com.reddit.RedditAppleSSO,https://devvit-gateway.reddit.com,705819728788-b2c1kcs7tst3b7ghv7at0hkqmtc68ckl.apps.googleusercontent.com,https://www.redditstatic.com/shreddit/,False,client-manifest.json,https://www.redditstatic.com/,https://www.reddit.com,https://www.reddit.com,['https://www.redditstatic.com/'],https://www.redditstatic.com/js/concat,https://www.redditstatic.com/shreddit/,https://events.redditmedia.com/v2j,ShredditFrontend-v1,eW9vM3lhZW00VW9naDVleGFlZm9lcGhlZTZQaG9o,False,https://w3-reporting.reddit.com/reports,,,,,,,,,,,,,
,,,,,,,,,,,,,,,,,,,,https://9f057df6115a4bb488c08ea12a835e6e@error-tracking.reddit.com/o418887/5810803,True,production,,,,,,,,
,,,,,,,,,,,,,,,,,,enabled,,,,,enabled,enabled,enabled,enabled,enabled,enabled,enabled,enabled
,,,,,,,,,,,,,,,,,,,"['https://www.reddit.com/r/webscraping/t support constructed stylesheets. See https:/lit.dev/docs/api/LitElement/#LitElement.styles        window.litNonce = ', 'https://www.redditstatic.com/avatars/defaults/v2/avatar_default_7.png', 'https://www.redditstatic.com/avatars/defaults/v2/avatar_default_5.png', 'https://www.redditstatic.com/avatars/defaults/v2/avatar_default_0.png', 'https://www.redditstatic.com/avatars/defaults/v2/avatar_default_4.png', 'https://www.redditstatic.com/avatars/defaults/v2/avatar_default_3.png', 'https://www.redditstatic.com/avatars/defaults/v2/avatar_default_6.png']",,,,,,,,,,,
https://www.reddit.com,com.reddit.RedditAppleSSO,https://devvit-gateway.reddit.com,705819728788-b2c1kcs7tst3b7ghv7at0hkqmtc68ckl.apps.googleusercontent.com,https://www.redditstatic.com/shreddit/,False,client-manifest.json,https://www.redditstatic.com/,https://www.reddit.com,https://www.reddit.com,['https://www.redditstatic.com/'],https://www.redditstatic.com/js/concat,https://www.redditstatic.com/shreddit/,https://events.redditmedia.com/v2j,ShredditFrontend-v1,eW9vM3lhZW00VW9naDVleGFlZm9lcGhlZTZQaG9o,False,https://w3-reporting.reddit.com/reports,,,,,,,,,,,,,
,,,,,,,,,,,,,,,,,,,,https://9f057df6115a4bb488c08ea12a835e6e@error-tracking.reddit.com/o418887/5810803,True,production,,,,,,,,
,,,,,,,,,,,,,,,,,,enabled,,,,,enabled,enabled,enabled,enabled,enabled,enabled,enabled,enabled
,,,,,,,,,,,,,,,,,,,"['https://www.reddit.com/r/webscraping/t support constructed stylesheets. See https:/lit.dev/docs/api/LitElement/#LitElement.styles        window.litNonce = ', 'https://www.redditstatic.com/avatars/defaults/v2/avatar_default_7.png', 'https://www.redditstatic.com/avatars/defaults/v2/avatar_default_5.png', 'https://www.redditstatic.com/avatars/defaults/v2/avatar_default_0.png', 'https://www.redditstatic.com/avatars/defaults/v2/avatar_default_4.png', 'https://www.redditstatic.com/avatars/defaults/v2/avatar_default_3.png', 'https://www.redditstatic.com/avatars/defaults/v2/avatar_default_6.png']",,,,,,,,,,,
https://www.reddit.com,com.reddit.RedditAppleSSO,https://devvit-gateway.reddit.com,705819728788-b2c1kcs7tst3b7ghv7at0hkqmtc68ckl.apps.googleusercontent.com,https://www.redditstatic.com/shreddit/,False,client-manifest.json,https://www.redditstatic.com/,https://www.reddit.com,https://www.reddit.com,['https://www.redditstatic.com/'],https://www.redditstatic.com/js/concat,https://www.redditstatic.com/shreddit/,https://events.redditmedia.com/v2j,ShredditFrontend-v1,eW9vM3lhZW00VW9naDVleGFlZm9lcGhlZTZQaG9o,False,https://w3-reporting.reddit.com/reports,,,,,,,,,,,,,
,,,,,,,,,,,,,,,,,,,,https://9f057df6115a4bb488c08ea12a835e6e@error-tracking.reddit.com/o418887/5810803,True,production,,,,,,,,
,,,,,,,,,,,,,,,,,,enabled,,,,,enabled,enabled,enabled,enabled,enabled,enabled,enabled,enabled
,,,,,,,,,,,,,,,,,,,"['https://www.reddit.com/r/webscraping/t support constructed stylesheets. See https:/lit.dev/docs/api/LitElement/#LitElement.styles        window.litNonce = ', 'https://www.redditstatic.com/avatars/defaults/v2/avatar_default_7.png', 'https://www.redditstatic.com/avatars/defaults/v2/avatar_default_5.png', 'https://www.redditstatic.com/avatars/defaults/v2/avatar_default_0.png', 'https://www.redditstatic.com/avatars/defaults/v2/avatar_default_4.png', 'https://www.redditstatic.com/avatars/defaults/v2/avatar_default_3.png', 'https://www.redditstatic.com/avatars/defaults/v2/avatar_default_6.png']",,,,,,,,,,,
https://www.reddit.com,com.reddit.RedditAppleSSO,https://devvit-gateway.reddit.com,705819728788-b2c1kcs7tst3b7ghv7at0hkqmtc68ckl.apps.googleusercontent.com,https://www.redditstatic.com/shreddit/,False,client-manifest.json,https://www.redditstatic.com/,https://www.reddit.com,https://www.reddit.com,['https://www.redditstatic.com/'],https://www.redditstatic.com/js/concat,https://www.redditstatic.com/shreddit/,https://events.redditmedia.com/v2j,ShredditFrontend-v1,eW9vM3lhZW00VW9naDVleGFlZm9lcGhlZTZQaG9o,False,https://w3-reporting.reddit.com/reports,,,,,,,,,,,,,
,,,,,,,,,,,,,,,,,,,,https://9f057df6115a4bb488c08ea12a835e6e@error-tracking.reddit.com/o418887/5810803,True,production,,,,,,,,
,,,,,,,,,,,,,,,,,,enabled,,,,,enabled,enabled,enabled,enabled,enabled,enabled,enabled,enabled
,,,,,,,,,,,,,,,,,,,"['https://www.reddit.com/r/webscraping/t support constructed stylesheets. See https:/lit.dev/docs/api/LitElement/#LitElement.styles        window.litNonce = ', 'https://www.redditstatic.com/avatars/defaults/v2/avatar_default_7.png', 'https://www.redditstatic.com/avatars/defaults/v2/avatar_default_5.png', 'https://www.redditstatic.com/avatars/defaults/v2/avatar_default_0.png', 'https://www.redditstatic.com/avatars/defaults/v2/avatar_default_4.png', 'https://www.redditstatic.com/avatars/defaults/v2/avatar_default_3.png', 'https://www.redditstatic.com/avatars/defaults/v2/avatar_default_6.png']",,,,,,,,,,,
https://www.reddit.com,com.reddit.RedditAppleSSO,https://devvit-gateway.reddit.com,705819728788-b2c1kcs7tst3b7ghv7at0hkqmtc68ckl.apps.googleusercontent.com,https://www.redditstatic.com/shreddit/,False,client-manifest.json,https://www.redditstatic.com/,https://www.reddit.com,https://www.reddit.com,['https://www.redditstatic.com/'],https://www.redditstatic.com/js/concat,https://www.redditstatic.com/shreddit/,https://events.redditmedia.com/v2j,ShredditFrontend-v1,eW9vM3lhZW00VW9naDVleGFlZm9lcGhlZTZQaG9o,False,https://w3-reporting.reddit.com/reports,,,,,,,,,,,,,
,,,,,,,,,,,,,,,,,,,,https://9f057df6115a4bb488c08ea12a835e6e@error-tracking.reddit.com/o418887/5810803,True,production,,,,,,,,
,,,,,,,,,,,,,,,,,,enabled,,,,,enabled,enabled,enabled,enabled,enabled,enabled,enabled,enabled
,,,,,,,,,,,,,,,,,,,"['https://www.reddit.com/r/webscraping/t support constructed stylesheets. See https:/lit.dev/docs/api/LitElement/#LitElement.styles        window.litNonce = ', 'https://www.redditstatic.com/avatars/defaults/v2/avatar_default_7.png', 'https://www.redditstatic.com/avatars/defaults/v2/avatar_default_5.png', 'https://www.redditstatic.com/avatars/defaults/v2/avatar_default_0.png', 'https://www.redditstatic.com/avatars/defaults/v2/avatar_default_4.png', 'https://www.redditstatic.com/avatars/defaults/v2/avatar_default_3.png', 'https://www.redditstatic.com/avatars/defaults/v2/avatar_default_6.png']",,,,,,,,,,,
https://www.reddit.com,com.reddit.RedditAppleSSO,https://devvit-gateway.reddit.com,705819728788-b2c1kcs7tst3b7ghv7at0hkqmtc68ckl.apps.googleusercontent.com,https://www.redditstatic.com/shreddit/,False,client-manifest.json,https://www.redditstatic.com/,https://www.reddit.com,https://www.reddit.com,['https://www.redditstatic.com/'],https://www.redditstatic.com/js/concat,https://www.redditstatic.com/shreddit/,https://events.redditmedia.com/v2j,ShredditFrontend-v1,eW9vM3lhZW00VW9naDVleGFlZm9lcGhlZTZQaG9o,False,https://w3-reporting.reddit.com/reports,,,,,,,,,,,,,
,,,,,,,,,,,,,,,,,,,,https://9f057df6115a4bb488c08ea12a835e6e@error-tracking.reddit.com/o418887/5810803,True,production,,,,,,,,
,,,,,,,,,,,,,,,,,,enabled,,,,,enabled,enabled,enabled,enabled,enabled,enabled,enabled,enabled
,,,,,,,,,,,,,,,,,,,"['https://www.reddit.com/r/webscraping/t support constructed stylesheets. See https:/lit.dev/docs/api/LitElement/#LitElement.styles        window.litNonce = ', 'https://www.redditstatic.com/avatars/defaults/v2/avatar_default_5.png', 'https://www.redditstatic.com/avatars/defaults/v2/avatar_default_7.png', 'https://www.redditstatic.com/avatars/defaults/v2/avatar_default_0.png', 'https://www.redditstatic.com/avatars/defaults/v2/avatar_default_4.png', 'https://www.redditstatic.com/avatars/defaults/v2/avatar_default_3.png', 'https://www.redditstatic.com/avatars/defaults/v2/avatar_default_6.png']",,,,,,,,,,,
https://www.reddit.com,com.reddit.RedditAppleSSO,https://devvit-gateway.reddit.com,705819728788-b2c1kcs7tst3b7ghv7at0hkqmtc68ckl.apps.googleusercontent.com,https://www.redditstatic.com/shreddit/,False,client-manifest.json,https://www.redditstatic.com/,https://www.reddit.com,https://www.reddit.com,['https://www.redditstatic.com/'],https://www.redditstatic.com/js/concat,https://www.redditstatic.com/shreddit/,https://events.redditmedia.com/v2j,ShredditFrontend-v1,eW9vM3lhZW00VW9naDVleGFlZm9lcGhlZTZQaG9o,False,https://w3-reporting.reddit.com/reports,,,,,,,,,,,,,
,,,,,,,,,,,,,,,,,,,,https://9f057df6115a4bb488c08ea12a835e6e@error-tracking.reddit.com/o418887/5810803,True,production,,,,,,,,
,,,,,,,,,,,,,,,,,,enabled,,,,,enabled,enabled,enabled,enabled,enabled,enabled,enabled,enabled
,,,,,,,,,,,,,,,,,,,"['https://www.reddit.com/r/webscraping/t support constructed stylesheets. See https:/lit.dev/docs/api/LitElement/#LitElement.styles        window.litNonce = ', 'https://www.redditstatic.com/avatars/defaults/v2/avatar_default_7.png', 'https://www.redditstatic.com/avatars/defaults/v2/avatar_default_5.png', 'https://www.redditstatic.com/avatars/defaults/v2/avatar_default_0.png', 'https://www.redditstatic.com/avatars/defaults/v2/avatar_default_4.png', 'https://www.redditstatic.com/avatars/defaults/v2/avatar_default_3.png', 'https://www.redditstatic.com/avatars/defaults/v2/avatar_default_6.png']",,,,,,,,,,,
https://www.reddit.com,com.reddit.RedditAppleSSO,https://devvit-gateway.reddit.com,705819728788-b2c1kcs7tst3b7ghv7at0hkqmtc68ckl.apps.googleusercontent.com,https://www.redditstatic.com/shreddit/,False,client-manifest.json,https://www.redditstatic.com/,https://www.reddit.com,https://www.reddit.com,['https://www.redditstatic.com/'],https://www.redditstatic.com/js/concat,https://www.redditstatic.com/shreddit/,https://events.redditmedia.com/v2j,ShredditFrontend-v1,eW9vM3lhZW00VW9naDVleGFlZm9lcGhlZTZQaG9o,False,https://w3-reporting.reddit.com/reports,,,,,,,,,,,,,
,,,,,,,,,,,,,,,,,,,,https://9f057df6115a4bb488c08ea12a835e6e@error-tracking.reddit.com/o418887/5810803,True,production,,,,,,,,
,,,,,,,,,,,,,,,,,,enabled,,,,,enabled,enabled,enabled,enabled,enabled,enabled,enabled,enabled
,,,,,,,,,,,,,,,,,,,"['https://www.reddit.com/r/webscraping/t support constructed stylesheets. See https:/lit.dev/docs/api/LitElement/#LitElement.styles        window.litNonce = ', 'https://www.redditstatic.com/avatars/defaults/v2/avatar_default_7.png', 'https://www.redditstatic.com/avatars/defaults/v2/avatar_default_5.png', 'https://www.redditstatic.com/avatars/defaults/v2/avatar_default_0.png', 'https://www.redditstatic.com/avatars/defaults/v2/avatar_default_4.png', 'https://www.redditstatic.com/avatars/defaults/v2/avatar_default_3.png', 'https://www.redditstatic.com/avatars/defaults/v2/avatar_default_6.png']",,,,,,,,,,,
https://www.reddit.com,com.reddit.RedditAppleSSO,https://devvit-gateway.reddit.com,705819728788-b2c1kcs7tst3b7ghv7at0hkqmtc68ckl.apps.googleusercontent.com,https://www.redditstatic.com/shreddit/,False,client-manifest.json,https://www.redditstatic.com/,https://www.reddit.com,https://www.reddit.com,['https://www.redditstatic.com/'],https://www.redditstatic.com/js/concat,https://www.redditstatic.com/shreddit/,https://events.redditmedia.com/v2j,ShredditFrontend-v1,eW9vM3lhZW00VW9naDVleGFlZm9lcGhlZTZQaG9o,False,https://w3-reporting.reddit.com/reports,,,,,,,,,,,,,
,,,,,,,,,,,,,,,,,,,,https://9f057df6115a4bb488c08ea12a835e6e@error-tracking.reddit.com/o418887/5810803,True,production,,,,,,,,
,,,,,,,,,,,,,,,,,,enabled,,,,,enabled,enabled,enabled,enabled,enabled,enabled,enabled,enabled
,,,,,,,,,,,,,,,,,,,"['https://www.reddit.com/r/webscraping/t support constructed stylesheets. See https:/lit.dev/docs/api/LitElement/#LitElement.styles        window.litNonce = ', 'https://www.redditstatic.com/avatars/defaults/v2/avatar_default_7.png', 'https://www.redditstatic.com/avatars/defaults/v2/avatar_default_5.png', 'https://www.redditstatic.com/avatars/defaults/v2/avatar_default_0.png', 'https://www.redditstatic.com/avatars/defaults/v2/avatar_default_4.png', 'https://www.redditstatic.com/avatars/defaults/v2/avatar_default_3.png', 'https://www.redditstatic.com/marketplace-assets/v1/core/awards/bless_up_v1_40.png', 'https://www.redditstatic.com/avatars/defaults/v2/avatar_default_6.png']",,,,,,,,,,,
https://www.reddit.com,com.reddit.RedditAppleSSO,https://devvit-gateway.reddit.com,705819728788-b2c1kcs7tst3b7ghv7at0hkqmtc68ckl.apps.googleusercontent.com,https://www.redditstatic.com/shreddit/,False,client-manifest.json,https://www.redditstatic.com/,https://www.reddit.com,https://www.reddit.com,['https://www.redditstatic.com/'],https://www.redditstatic.com/js/concat,https://www.redditstatic.com/shreddit/,https://events.redditmedia.com/v2j,ShredditFrontend-v1,eW9vM3lhZW00VW9naDVleGFlZm9lcGhlZTZQaG9o,False,https://w3-reporting.reddit.com/reports,,,,,,,,,,,,,
,,,,,,,,,,,,,,,,,,,,https://9f057df6115a4bb488c08ea12a835e6e@error-tracking.reddit.com/o418887/5810803,True,production,,,,,,,,
,,,,,,,,,,,,,,,,,,enabled,,,,,enabled,enabled,enabled,enabled,enabled,enabled,enabled,enabled
,,,,,,,,,,,,,,,,,,,"['https://www.reddit.com/r/webscraping/t support constructed stylesheets. See https:/lit.dev/docs/api/LitElement/#LitElement.styles        window.litNonce = ', 'https://www.redditstatic.com/avatars/defaults/v2/avatar_default_7.png', 'https://www.redditstatic.com/avatars/defaults/v2/avatar_default_5.png', 'https://www.redditstatic.com/avatars/defaults/v2/avatar_default_3.png', 'https://www.redditstatic.com/avatars/defaults/v2/avatar_default_0.png', 'https://www.redditstatic.com/avatars/defaults/v2/avatar_default_4.png', 'https://www.redditstatic.com/avatars/defaults/v2/avatar_default_6.png']",,,,,,,,,,,
https://www.reddit.com,com.reddit.RedditAppleSSO,https://devvit-gateway.reddit.com,705819728788-b2c1kcs7tst3b7ghv7at0hkqmtc68ckl.apps.googleusercontent.com,https://www.redditstatic.com/shreddit/,False,client-manifest.json,https://www.redditstatic.com/,https://www.reddit.com,https://www.reddit.com,['https://www.redditstatic.com/'],https://www.redditstatic.com/js/concat,https://www.redditstatic.com/shreddit/,https://events.redditmedia.com/v2j,ShredditFrontend-v1,eW9vM3lhZW00VW9naDVleGFlZm9lcGhlZTZQaG9o,False,https://w3-reporting.reddit.com/reports,,,,,,,,,,,,,
,,,,,,,,,,,,,,,,,,,,https://9f057df6115a4bb488c08ea12a835e6e@error-tracking.reddit.com/o418887/5810803,True,production,,,,,,,,
,,,,,,,,,,,,,,,,,,enabled,,,,,enabled,enabled,enabled,enabled,enabled,enabled,enabled,enabled
,,,,,,,,,,,,,,,,,,,"['https://www.reddit.com/r/webscraping/t support constructed stylesheets. See https:/lit.dev/docs/api/LitElement/#LitElement.styles        window.litNonce = ', 'https://www.redditstatic.com/avatars/defaults/v2/avatar_default_7.png', 'https://www.redditstatic.com/avatars/defaults/v2/avatar_default_5.png', 'https://www.redditstatic.com/avatars/defaults/v2/avatar_default_0.png', 'https://www.redditstatic.com/avatars/defaults/v2/avatar_default_4.png', 'https://www.redditstatic.com/avatars/defaults/v2/avatar_default_3.png', 'https://www.redditstatic.com/avatars/defaults/v2/avatar_default_6.png']",,,,,,,,,,,
https://www.reddit.com,com.reddit.RedditAppleSSO,https://devvit-gateway.reddit.com,705819728788-b2c1kcs7tst3b7ghv7at0hkqmtc68ckl.apps.googleusercontent.com,https://www.redditstatic.com/shreddit/,False,client-manifest.json,https://www.redditstatic.com/,https://www.reddit.com,https://www.reddit.com,['https://www.redditstatic.com/'],https://www.redditstatic.com/js/concat,https://www.redditstatic.com/shreddit/,https://events.redditmedia.com/v2j,ShredditFrontend-v1,eW9vM3lhZW00VW9naDVleGFlZm9lcGhlZTZQaG9o,False,https://w3-reporting.reddit.com/reports,,,,,,,,,,,,,
,,,,,,,,,,,,,,,,,,,,https://9f057df6115a4bb488c08ea12a835e6e@error-tracking.reddit.com/o418887/5810803,True,production,,,,,,,,
,,,,,,,,,,,,,,,,,,enabled,,,,,enabled,enabled,enabled,enabled,enabled,enabled,enabled,enabled
,,,,,,,,,,,,,,,,,,,"['https://www.reddit.com/r/webscraping/t support constructed stylesheets. See https:/lit.dev/docs/api/LitElement/#LitElement.styles        window.litNonce = ', 'https://www.redditstatic.com/avatars/defaults/v2/avatar_default_7.png', 'https://www.redditstatic.com/avatars/defaults/v2/avatar_default_5.png', 'https://www.redditstatic.com/avatars/defaults/v2/avatar_default_0.png', 'https://www.redditstatic.com/avatars/defaults/v2/avatar_default_4.png', 'https://www.redditstatic.com/avatars/defaults/v2/avatar_default_3.png', 'https://www.redditstatic.com/avatars/defaults/v2/avatar_default_6.png']",,,,,,,,,,,
https://www.reddit.com,com.reddit.RedditAppleSSO,https://devvit-gateway.reddit.com,705819728788-b2c1kcs7tst3b7ghv7at0hkqmtc68ckl.apps.googleusercontent.com,https://www.redditstatic.com/shreddit/,False,client-manifest.json,https://www.redditstatic.com/,https://www.reddit.com,https://www.reddit.com,['https://www.redditstatic.com/'],https://www.redditstatic.com/js/concat,https://www.redditstatic.com/shreddit/,https://events.redditmedia.com/v2j,ShredditFrontend-v1,eW9vM3lhZW00VW9naDVleGFlZm9lcGhlZTZQaG9o,False,https://w3-reporting.reddit.com/reports,,,,,,,,,,,,,
,,,,,,,,,,,,,,,,,,,,https://9f057df6115a4bb488c08ea12a835e6e@error-tracking.reddit.com/o418887/5810803,True,production,,,,,,,,
,,,,,,,,,,,,,,,,,,enabled,,,,,enabled,enabled,enabled,enabled,enabled,enabled,enabled,enabled
,,,,,,,,,,,,,,,,,,,"['https://www.reddit.com/r/webscraping/t support constructed stylesheets. See https:/lit.dev/docs/api/LitElement/#LitElement.styles        window.litNonce = ', 'https://www.redditstatic.com/avatars/defaults/v2/avatar_default_7.png', 'https://www.redditstatic.com/avatars/defaults/v2/avatar_default_5.png', 'https://www.redditstatic.com/avatars/defaults/v2/avatar_default_0.png', 'https://www.redditstatic.com/avatars/defaults/v2/avatar_default_4.png', 'https://www.redditstatic.com/avatars/defaults/v2/avatar_default_3.png', 'https://www.redditstatic.com/avatars/defaults/v2/avatar_default_6.png']",,,,,,,,,,,
https://www.reddit.com,com.reddit.RedditAppleSSO,https://devvit-gateway.reddit.com,705819728788-b2c1kcs7tst3b7ghv7at0hkqmtc68ckl.apps.googleusercontent.com,https://www.redditstatic.com/shreddit/,False,client-manifest.json,https://www.redditstatic.com/,https://www.reddit.com,https://www.reddit.com,['https://www.redditstatic.com/'],https://www.redditstatic.com/js/concat,https://www.redditstatic.com/shreddit/,https://events.redditmedia.com/v2j,ShredditFrontend-v1,eW9vM3lhZW00VW9naDVleGFlZm9lcGhlZTZQaG9o,False,https://w3-reporting.reddit.com/reports,,,,,,,,,,,,,
,,,,,,,,,,,,,,,,,,,,https://9f057df6115a4bb488c08ea12a835e6e@error-tracking.reddit.com/o418887/5810803,True,production,,,,,,,,
,,,,,,,,,,,,,,,,,,enabled,,,,,enabled,enabled,enabled,enabled,enabled,enabled,enabled,enabled
,,,,,,,,,,,,,,,,,,,"['https://www.reddit.com/r/webscraping/t support constructed stylesheets. See https:/lit.dev/docs/api/LitElement/#LitElement.styles        window.litNonce = ', 'https://www.redditstatic.com/avatars/defaults/v2/avatar_default_7.png', 'https://www.redditstatic.com/avatars/defaults/v2/avatar_default_5.png', 'https://www.redditstatic.com/avatars/defaults/v2/avatar_default_0.png', 'https://www.redditstatic.com/avatars/defaults/v2/avatar_default_4.png', 'https://www.redditstatic.com/avatars/defaults/v2/avatar_default_3.png', 'https://www.redditstatic.com/avatars/defaults/v2/avatar_default_6.png']",,,,,,,,,,,
https://www.reddit.com,com.reddit.RedditAppleSSO,https://devvit-gateway.reddit.com,705819728788-b2c1kcs7tst3b7ghv7at0hkqmtc68ckl.apps.googleusercontent.com,https://www.redditstatic.com/shreddit/,False,client-manifest.json,https://www.redditstatic.com/,https://www.reddit.com,https://www.reddit.com,['https://www.redditstatic.com/'],https://www.redditstatic.com/js/concat,https://www.redditstatic.com/shreddit/,https://events.redditmedia.com/v2j,ShredditFrontend-v1,eW9vM3lhZW00VW9naDVleGFlZm9lcGhlZTZQaG9o,False,https://w3-reporting.reddit.com/reports,,,,,,,,,,,,,
,,,,,,,,,,,,,,,,,,,,https://9f057df6115a4bb488c08ea12a835e6e@error-tracking.reddit.com/o418887/5810803,True,production,,,,,,,,
,,,,,,,,,,,,,,,,,,enabled,,,,,enabled,enabled,enabled,enabled,enabled,enabled,enabled,enabled
,,,,,,,,,,,,,,,,,,,"['https://www.reddit.com/r/webscraping/t support constructed stylesheets. See https:/lit.dev/docs/api/LitElement/#LitElement.styles        window.litNonce = ', 'https://www.redditstatic.com/avatars/defaults/v2/avatar_default_2.png', 'https://www.redditstatic.com/avatars/defaults/v2/avatar_default_7.png', 'https://www.redditstatic.com/avatars/defaults/v2/avatar_default_5.png', 'https://www.redditstatic.com/avatars/defaults/v2/avatar_default_0.png', 'https://www.redditstatic.com/avatars/defaults/v2/avatar_default_4.png', 'https://www.redditstatic.com/avatars/defaults/v2/avatar_default_3.png', 'https://www.redditstatic.com/avatars/defaults/v2/avatar_default_6.png']",,,,,,,,,,,
https://www.reddit.com,com.reddit.RedditAppleSSO,https://devvit-gateway.reddit.com,705819728788-b2c1kcs7tst3b7ghv7at0hkqmtc68ckl.apps.googleusercontent.com,https://www.redditstatic.com/shreddit/,False,client-manifest.json,https://www.redditstatic.com/,https://www.reddit.com,https://www.reddit.com,['https://www.redditstatic.com/'],https://www.redditstatic.com/js/concat,https://www.redditstatic.com/shreddit/,https://events.redditmedia.com/v2j,ShredditFrontend-v1,eW9vM3lhZW00VW9naDVleGFlZm9lcGhlZTZQaG9o,False,https://w3-reporting.reddit.com/reports,,,,,,,,,,,,,
,,,,,,,,,,,,,,,,,,,,https://9f057df6115a4bb488c08ea12a835e6e@error-tracking.reddit.com/o418887/5810803,True,production,,,,,,,,
,,,,,,,,,,,,,,,,,,enabled,,,,,enabled,enabled,enabled,enabled,enabled,enabled,enabled,enabled
,,,,,,,,,,,,,,,,,,,"['https://www.reddit.com/r/webscraping/t support constructed stylesheets. See https:/lit.dev/docs/api/LitElement/#LitElement.styles        window.litNonce = ', 'https://www.redditstatic.com/avatars/defaults/v2/avatar_default_7.png', 'https://www.redditstatic.com/avatars/defaults/v2/avatar_default_5.png', 'https://www.redditstatic.com/avatars/defaults/v2/avatar_default_0.png', 'https://www.redditstatic.com/avatars/defaults/v2/avatar_default_4.png', 'https://www.redditstatic.com/avatars/defaults/v2/avatar_default_3.png', 'https://www.redditstatic.com/avatars/defaults/v2/avatar_default_6.png']",,,,,,,,,,,
https://www.reddit.com,com.reddit.RedditAppleSSO,https://devvit-gateway.reddit.com,705819728788-b2c1kcs7tst3b7ghv7at0hkqmtc68ckl.apps.googleusercontent.com,https://www.redditstatic.com/shreddit/,False,client-manifest.json,https://www.redditstatic.com/,https://www.reddit.com,https://www.reddit.com,['https://www.redditstatic.com/'],https://www.redditstatic.com/js/concat,https://www.redditstatic.com/shreddit/,https://events.redditmedia.com/v2j,ShredditFrontend-v1,eW9vM3lhZW00VW9naDVleGFlZm9lcGhlZTZQaG9o,False,https://w3-reporting.reddit.com/reports,,,,,,,,,,,,,
,,,,,,,,,,,,,,,,,,,,https://9f057df6115a4bb488c08ea12a835e6e@error-tracking.reddit.com/o418887/5810803,True,production,,,,,,,,
,,,,,,,,,,,,,,,,,,enabled,,,,,enabled,enabled,enabled,enabled,enabled,enabled,enabled,enabled
,,,,,,,,,,,,,,,,,,,"['https://www.reddit.com/r/webscraping/t support constructed stylesheets. See https:/lit.dev/docs/api/LitElement/#LitElement.styles        window.litNonce = ', 'https://www.redditstatic.com/avatars/defaults/v2/avatar_default_7.png', 'https://www.redditstatic.com/avatars/defaults/v2/avatar_default_5.png', 'https://www.redditstatic.com/avatars/defaults/v2/avatar_default_0.png', 'https://www.redditstatic.com/avatars/defaults/v2/avatar_default_4.png', 'https://www.redditstatic.com/avatars/defaults/v2/avatar_default_3.png', 'https://www.redditstatic.com/avatars/defaults/v2/avatar_default_6.png']",,,,,,,,,,,
https://www.reddit.com,com.reddit.RedditAppleSSO,https://devvit-gateway.reddit.com,705819728788-b2c1kcs7tst3b7ghv7at0hkqmtc68ckl.apps.googleusercontent.com,https://www.redditstatic.com/shreddit/,False,client-manifest.json,https://www.redditstatic.com/,https://www.reddit.com,https://www.reddit.com,['https://www.redditstatic.com/'],https://www.redditstatic.com/js/concat,https://www.redditstatic.com/shreddit/,https://events.redditmedia.com/v2j,ShredditFrontend-v1,eW9vM3lhZW00VW9naDVleGFlZm9lcGhlZTZQaG9o,False,https://w3-reporting.reddit.com/reports,,,,,,,,,,,,,
,,,,,,,,,,,,,,,,,,,,https://9f057df6115a4bb488c08ea12a835e6e@error-tracking.reddit.com/o418887/5810803,True,production,,,,,,,,
,,,,,,,,,,,,,,,,,,enabled,,,,,enabled,enabled,enabled,enabled,enabled,enabled,enabled,enabled
,,,,,,,,,,,,,,,,,,,"['https://www.reddit.com/r/webscraping/t support constructed stylesheets. See https:/lit.dev/docs/api/LitElement/#LitElement.styles        window.litNonce = ', 'https://www.redditstatic.com/avatars/defaults/v2/avatar_default_7.png', 'https://www.redditstatic.com/avatars/defaults/v2/avatar_default_5.png', 'https://www.redditstatic.com/avatars/defaults/v2/avatar_default_0.png', 'https://www.redditstatic.com/avatars/defaults/v2/avatar_default_4.png', 'https://www.redditstatic.com/avatars/defaults/v2/avatar_default_3.png', 'https://www.redditstatic.com/avatars/defaults/v2/avatar_default_6.png']",,,,,,,,,,,
https://www.reddit.com,com.reddit.RedditAppleSSO,https://devvit-gateway.reddit.com,705819728788-b2c1kcs7tst3b7ghv7at0hkqmtc68ckl.apps.googleusercontent.com,https://www.redditstatic.com/shreddit/,False,client-manifest.json,https://www.redditstatic.com/,https://www.reddit.com,https://www.reddit.com,['https://www.redditstatic.com/'],https://www.redditstatic.com/js/concat,https://www.redditstatic.com/shreddit/,https://events.redditmedia.com/v2j,ShredditFrontend-v1,eW9vM3lhZW00VW9naDVleGFlZm9lcGhlZTZQaG9o,False,https://w3-reporting.reddit.com/reports,,,,,,,,,,,,,
,,,,,,,,,,,,,,,,,,,,https://9f057df6115a4bb488c08ea12a835e6e@error-tracking.reddit.com/o418887/5810803,True,production,,,,,,,,
,,,,,,,,,,,,,,,,,,enabled,,,,,enabled,enabled,enabled,enabled,enabled,enabled,enabled,enabled
,,,,,,,,,,,,,,,,,,,"['https://www.reddit.com/r/webscraping/t support constructed stylesheets. See https:/lit.dev/docs/api/LitElement/#LitElement.styles        window.litNonce = ', 'https://www.redditstatic.com/avatars/defaults/v2/avatar_default_7.png', 'https://www.redditstatic.com/avatars/defaults/v2/avatar_default_5.png', 'https://www.redditstatic.com/avatars/defaults/v2/avatar_default_0.png', 'https://www.redditstatic.com/avatars/defaults/v2/avatar_default_4.png', 'https://www.redditstatic.com/avatars/defaults/v2/avatar_default_3.png', 'https://www.redditstatic.com/avatars/defaults/v2/avatar_default_6.png', 'https://www.redditstatic.com/avatars/defaults/v2/avatar_default_1.png']",,,,,,,,,,,
https://www.reddit.com,com.reddit.RedditAppleSSO,https://devvit-gateway.reddit.com,705819728788-b2c1kcs7tst3b7ghv7at0hkqmtc68ckl.apps.googleusercontent.com,https://www.redditstatic.com/shreddit/,False,client-manifest.json,https://www.redditstatic.com/,https://www.reddit.com,https://www.reddit.com,['https://www.redditstatic.com/'],https://www.redditstatic.com/js/concat,https://www.redditstatic.com/shreddit/,https://events.redditmedia.com/v2j,ShredditFrontend-v1,eW9vM3lhZW00VW9naDVleGFlZm9lcGhlZTZQaG9o,False,https://w3-reporting.reddit.com/reports,,,,,,,,,,,,,
,,,,,,,,,,,,,,,,,,,,https://9f057df6115a4bb488c08ea12a835e6e@error-tracking.reddit.com/o418887/5810803,True,production,,,,,,,,
,,,,,,,,,,,,,,,,,,enabled,,,,,enabled,enabled,enabled,enabled,enabled,enabled,enabled,enabled
,,,,,,,,,,,,,,,,,,,"['https://www.reddit.com/r/webscraping/t support constructed stylesheets. See https:/lit.dev/docs/api/LitElement/#LitElement.styles        window.litNonce = ', 'https://www.redditstatic.com/avatars/defaults/v2/avatar_default_7.png', 'https://www.redditstatic.com/avatars/defaults/v2/avatar_default_5.png', 'https://www.redditstatic.com/avatars/defaults/v2/avatar_default_0.png', 'https://www.redditstatic.com/avatars/defaults/v2/avatar_default_4.png', 'https://www.redditstatic.com/avatars/defaults/v2/avatar_default_3.png', 'https://www.redditstatic.com/avatars/defaults/v2/avatar_default_6.png']",,,,,,,,,,,
https://www.reddit.com,com.reddit.RedditAppleSSO,https://devvit-gateway.reddit.com,705819728788-b2c1kcs7tst3b7ghv7at0hkqmtc68ckl.apps.googleusercontent.com,https://www.redditstatic.com/shreddit/,False,client-manifest.json,https://www.redditstatic.com/,https://www.reddit.com,https://www.reddit.com,['https://www.redditstatic.com/'],https://www.redditstatic.com/js/concat,https://www.redditstatic.com/shreddit/,https://events.redditmedia.com/v2j,ShredditFrontend-v1,eW9vM3lhZW00VW9naDVleGFlZm9lcGhlZTZQaG9o,False,https://w3-reporting.reddit.com/reports,,,,,,,,,,,,,
,,,,,,,,,,,,,,,,,,,,https://9f057df6115a4bb488c08ea12a835e6e@error-tracking.reddit.com/o418887/5810803,True,production,,,,,,,,
,,,,,,,,,,,,,,,,,,enabled,,,,,enabled,enabled,enabled,enabled,enabled,enabled,enabled,enabled
,,,,,,,,,,,,,,,,,,,"['https://www.reddit.com/r/webscraping/t support constructed stylesheets. See https:/lit.dev/docs/api/LitElement/#LitElement.styles        window.litNonce = ', 'https://www.redditstatic.com/avatars/defaults/v2/avatar_default_7.png', 'https://www.redditstatic.com/avatars/defaults/v2/avatar_default_5.png', 'https://www.redditstatic.com/avatars/defaults/v2/avatar_default_0.png', 'https://www.redditstatic.com/avatars/defaults/v2/avatar_default_4.png', 'https://www.redditstatic.com/avatars/defaults/v2/avatar_default_3.png', 'https://www.redditstatic.com/avatars/defaults/v2/avatar_default_6.png']",,,,,,,,,,,
https://www.reddit.com,com.reddit.RedditAppleSSO,https://devvit-gateway.reddit.com,705819728788-b2c1kcs7tst3b7ghv7at0hkqmtc68ckl.apps.googleusercontent.com,https://www.redditstatic.com/shreddit/,False,client-manifest.json,https://www.redditstatic.com/,https://www.reddit.com,https://www.reddit.com,['https://www.redditstatic.com/'],https://www.redditstatic.com/js/concat,https://www.redditstatic.com/shreddit/,https://events.redditmedia.com/v2j,ShredditFrontend-v1,eW9vM3lhZW00VW9naDVleGFlZm9lcGhlZTZQaG9o,False,https://w3-reporting.reddit.com/reports,,,,,,,,,,,,,
,,,,,,,,,,,,,,,,,,,,https://9f057df6115a4bb488c08ea12a835e6e@error-tracking.reddit.com/o418887/5810803,True,production,,,,,,,,
,,,,,,,,,,,,,,,,,,enabled,,,,,enabled,enabled,enabled,enabled,enabled,enabled,enabled,enabled
,,,,,,,,,,,,,,,,,,,"['https://www.reddit.com/r/webscraping/t support constructed stylesheets. See https:/lit.dev/docs/api/LitElement/#LitElement.styles        window.litNonce = ', 'https://www.redditstatic.com/avatars/defaults/v2/avatar_default_7.png', 'https://www.redditstatic.com/avatars/defaults/v2/avatar_default_5.png', 'https://www.redditstatic.com/avatars/defaults/v2/avatar_default_0.png', 'https://www.redditstatic.com/avatars/defaults/v2/avatar_default_4.png', 'https://www.redditstatic.com/avatars/defaults/v2/avatar_default_3.png', 'https://www.redditstatic.com/avatars/defaults/v2/avatar_default_6.png']",,,,,,,,,,,
https://www.reddit.com,com.reddit.RedditAppleSSO,https://devvit-gateway.reddit.com,705819728788-b2c1kcs7tst3b7ghv7at0hkqmtc68ckl.apps.googleusercontent.com,https://www.redditstatic.com/shreddit/,False,client-manifest.json,https://www.redditstatic.com/,https://www.reddit.com,https://www.reddit.com,['https://www.redditstatic.com/'],https://www.redditstatic.com/js/concat,https://www.redditstatic.com/shreddit/,https://events.redditmedia.com/v2j,ShredditFrontend-v1,eW9vM3lhZW00VW9naDVleGFlZm9lcGhlZTZQaG9o,False,https://w3-reporting.reddit.com/reports,,,,,,,,,,,,,
,,,,,,,,,,,,,,,,,,,,https://9f057df6115a4bb488c08ea12a835e6e@error-tracking.reddit.com/o418887/5810803,True,production,,,,,,,,
,,,,,,,,,,,,,,,,,,enabled,,,,,enabled,enabled,enabled,enabled,enabled,enabled,enabled,enabled
,,,,,,,,,,,,,,,,,,,"['https://www.reddit.com/r/webscraping/t support constructed stylesheets. See https:/lit.dev/docs/api/LitElement/#LitElement.styles        window.litNonce = ', 'https://www.redditstatic.com/avatars/defaults/v2/avatar_default_7.png', 'https://www.redditstatic.com/avatars/defaults/v2/avatar_default_5.png', 'https://www.redditstatic.com/avatars/defaults/v2/avatar_default_0.png', 'https://www.redditstatic.com/avatars/defaults/v2/avatar_default_4.png', 'https://www.redditstatic.com/avatars/defaults/v2/avatar_default_3.png', 'https://www.redditstatic.com/avatars/defaults/v2/avatar_default_6.png']",,,,,,,,,,,
https://www.reddit.com,com.reddit.RedditAppleSSO,https://devvit-gateway.reddit.com,705819728788-b2c1kcs7tst3b7ghv7at0hkqmtc68ckl.apps.googleusercontent.com,https://www.redditstatic.com/shreddit/,False,client-manifest.json,https://www.redditstatic.com/,https://www.reddit.com,https://www.reddit.com,['https://www.redditstatic.com/'],https://www.redditstatic.com/js/concat,https://www.redditstatic.com/shreddit/,https://events.redditmedia.com/v2j,ShredditFrontend-v1,eW9vM3lhZW00VW9naDVleGFlZm9lcGhlZTZQaG9o,False,https://w3-reporting.reddit.com/reports,,,,,,,,,,,,,
,,,,,,,,,,,,,,,,,,,,https://9f057df6115a4bb488c08ea12a835e6e@error-tracking.reddit.com/o418887/5810803,True,production,,,,,,,,
,,,,,,,,,,,,,,,,,,enabled,,,,,enabled,enabled,enabled,enabled,enabled,enabled,enabled,enabled
,,,,,,,,,,,,,,,,,,,"['https://www.reddit.com/r/webscraping/t support constructed stylesheets. See https:/lit.dev/docs/api/LitElement/#LitElement.styles        window.litNonce = ', 'https://www.redditstatic.com/avatars/defaults/v2/avatar_default_7.png', 'https://www.redditstatic.com/avatars/defaults/v2/avatar_default_5.png', 'https://www.redditstatic.com/avatars/defaults/v2/avatar_default_0.png', 'https://www.redditstatic.com/avatars/defaults/v2/avatar_default_4.png', 'https://www.redditstatic.com/avatars/defaults/v2/avatar_default_3.png', 'https://www.redditstatic.com/avatars/defaults/v2/avatar_default_6.png']",,,,,,,,,,,
https://www.reddit.com,com.reddit.RedditAppleSSO,https://devvit-gateway.reddit.com,705819728788-b2c1kcs7tst3b7ghv7at0hkqmtc68ckl.apps.googleusercontent.com,https://www.redditstatic.com/shreddit/,False,client-manifest.json,https://www.redditstatic.com/,https://www.reddit.com,https://www.reddit.com,['https://www.redditstatic.com/'],https://www.redditstatic.com/js/concat,https://www.redditstatic.com/shreddit/,https://events.redditmedia.com/v2j,ShredditFrontend-v1,eW9vM3lhZW00VW9naDVleGFlZm9lcGhlZTZQaG9o,False,https://w3-reporting.reddit.com/reports,,,,,,,,,,,,,
,,,,,,,,,,,,,,,,,,,,https://9f057df6115a4bb488c08ea12a835e6e@error-tracking.reddit.com/o418887/5810803,True,production,,,,,,,,
,,,,,,,,,,,,,,,,,,enabled,,,,,enabled,enabled,enabled,enabled,enabled,enabled,enabled,enabled
,,,,,,,,,,,,,,,,,,,"['https://www.reddit.com/r/webscraping/t support constructed stylesheets. See https:/lit.dev/docs/api/LitElement/#LitElement.styles        window.litNonce = ', 'https://www.redditstatic.com/avatars/defaults/v2/avatar_default_7.png', 'https://www.redditstatic.com/avatars/defaults/v2/avatar_default_5.png', 'https://www.redditstatic.com/avatars/defaults/v2/avatar_default_0.png', 'https://www.redditstatic.com/avatars/defaults/v2/avatar_default_4.png', 'https://www.redditstatic.com/avatars/defaults/v2/avatar_default_3.png', 'https://www.redditstatic.com/avatars/defaults/v2/avatar_default_6.png']",,,,,,,,,,,
https://www.reddit.com,com.reddit.RedditAppleSSO,https://devvit-gateway.reddit.com,705819728788-b2c1kcs7tst3b7ghv7at0hkqmtc68ckl.apps.googleusercontent.com,https://www.redditstatic.com/shreddit/,False,client-manifest.json,https://www.redditstatic.com/,https://www.reddit.com,https://www.reddit.com,['https://www.redditstatic.com/'],https://www.redditstatic.com/js/concat,https://www.redditstatic.com/shreddit/,https://events.redditmedia.com/v2j,ShredditFrontend-v1,eW9vM3lhZW00VW9naDVleGFlZm9lcGhlZTZQaG9o,False,https://w3-reporting.reddit.com/reports,,,,,,,,,,,,,
,,,,,,,,,,,,,,,,,,,,https://9f057df6115a4bb488c08ea12a835e6e@error-tracking.reddit.com/o418887/5810803,True,production,,,,,,,,
,,,,,,,,,,,,,,,,,,enabled,,,,,enabled,enabled,enabled,enabled,enabled,enabled,enabled,enabled
,,,,,,,,,,,,,,,,,,,"['https://www.reddit.com/r/webscraping/t support constructed stylesheets. See https:/lit.dev/docs/api/LitElement/#LitElement.styles        window.litNonce = ', 'https://www.redditstatic.com/avatars/defaults/v2/avatar_default_7.png', 'https://www.redditstatic.com/avatars/defaults/v2/avatar_default_5.png', 'https://www.redditstatic.com/avatars/defaults/v2/avatar_default_0.png', 'https://www.redditstatic.com/avatars/defaults/v2/avatar_default_4.png', 'https://www.redditstatic.com/avatars/defaults/v2/avatar_default_3.png', 'https://www.redditstatic.com/avatars/defaults/v2/avatar_default_6.png']",,,,,,,,,,,
https://www.reddit.com,com.reddit.RedditAppleSSO,https://devvit-gateway.reddit.com,705819728788-b2c1kcs7tst3b7ghv7at0hkqmtc68ckl.apps.googleusercontent.com,https://www.redditstatic.com/shreddit/,False,client-manifest.json,https://www.redditstatic.com/,https://www.reddit.com,https://www.reddit.com,['https://www.redditstatic.com/'],https://www.redditstatic.com/js/concat,https://www.redditstatic.com/shreddit/,https://events.redditmedia.com/v2j,ShredditFrontend-v1,eW9vM3lhZW00VW9naDVleGFlZm9lcGhlZTZQaG9o,False,https://w3-reporting.reddit.com/reports,,,,,,,,,,,,,
,,,,,,,,,,,,,,,,,,,,https://9f057df6115a4bb488c08ea12a835e6e@error-tracking.reddit.com/o418887/5810803,True,production,,,,,,,,
,,,,,,,,,,,,,,,,,,enabled,,,,,enabled,enabled,enabled,enabled,enabled,enabled,enabled,enabled
,,,,,,,,,,,,,,,,,,,"['https://www.reddit.com/r/webscraping/t support constructed stylesheets. See https:/lit.dev/docs/api/LitElement/#LitElement.styles        window.litNonce = ', 'https://www.redditstatic.com/avatars/defaults/v2/avatar_default_7.png', 'https://www.redditstatic.com/avatars/defaults/v2/avatar_default_5.png', 'https://www.redditstatic.com/avatars/defaults/v2/avatar_default_0.png', 'https://www.redditstatic.com/avatars/defaults/v2/avatar_default_4.png', 'https://www.redditstatic.com/avatars/defaults/v2/avatar_default_3.png', 'https://www.redditstatic.com/avatars/defaults/v2/avatar_default_6.png']",,,,,,,,,,,
https://www.reddit.com,com.reddit.RedditAppleSSO,https://devvit-gateway.reddit.com,705819728788-b2c1kcs7tst3b7ghv7at0hkqmtc68ckl.apps.googleusercontent.com,https://www.redditstatic.com/shreddit/,False,client-manifest.json,https://www.redditstatic.com/,https://www.reddit.com,https://www.reddit.com,['https://www.redditstatic.com/'],https://www.redditstatic.com/js/concat,https://www.redditstatic.com/shreddit/,https://events.redditmedia.com/v2j,ShredditFrontend-v1,eW9vM3lhZW00VW9naDVleGFlZm9lcGhlZTZQaG9o,False,https://w3-reporting.reddit.com/reports,,,,,,,,,,,,,
,,,,,,,,,,,,,,,,,,,,https://9f057df6115a4bb488c08ea12a835e6e@error-tracking.reddit.com/o418887/5810803,True,production,,,,,,,,
,,,,,,,,,,,,,,,,,,enabled,,,,,enabled,enabled,enabled,enabled,enabled,enabled,enabled,enabled
,,,,,,,,,,,,,,,,,,,"['https://www.reddit.com/r/webscraping/t support constructed stylesheets. See https:/lit.dev/docs/api/LitElement/#LitElement.styles        window.litNonce = ', 'https://www.redditstatic.com/avatars/defaults/v2/avatar_default_7.png', 'https://www.redditstatic.com/avatars/defaults/v2/avatar_default_5.png', 'https://www.redditstatic.com/avatars/defaults/v2/avatar_default_0.png', 'https://www.redditstatic.com/avatars/defaults/v2/avatar_default_4.png', 'https://www.redditstatic.com/avatars/defaults/v2/avatar_default_3.png', 'https://www.redditstatic.com/avatars/defaults/v2/avatar_default_6.png']",,,,,,,,,,,
https://www.reddit.com,com.reddit.RedditAppleSSO,https://devvit-gateway.reddit.com,705819728788-b2c1kcs7tst3b7ghv7at0hkqmtc68ckl.apps.googleusercontent.com,https://www.redditstatic.com/shreddit/,False,client-manifest.json,https://www.redditstatic.com/,https://www.reddit.com,https://www.reddit.com,['https://www.redditstatic.com/'],https://www.redditstatic.com/js/concat,https://www.redditstatic.com/shreddit/,https://events.redditmedia.com/v2j,ShredditFrontend-v1,eW9vM3lhZW00VW9naDVleGFlZm9lcGhlZTZQaG9o,False,https://w3-reporting.reddit.com/reports,,,,,,,,,,,,,
,,,,,,,,,,,,,,,,,,,,https://9f057df6115a4bb488c08ea12a835e6e@error-tracking.reddit.com/o418887/5810803,True,production,,,,,,,,
,,,,,,,,,,,,,,,,,,enabled,,,,,enabled,enabled,enabled,enabled,enabled,enabled,enabled,enabled
,,,,,,,,,,,,,,,,,,,"['https://www.reddit.com/r/webscraping/t support constructed stylesheets. See https:/lit.dev/docs/api/LitElement/#LitElement.styles        window.litNonce = ', 'https://www.redditstatic.com/avatars/defaults/v2/avatar_default_4.png', 'https://www.redditstatic.com/avatars/defaults/v2/avatar_default_7.png', 'https://www.redditstatic.com/avatars/defaults/v2/avatar_default_5.png', 'https://www.redditstatic.com/avatars/defaults/v2/avatar_default_0.png', 'https://www.redditstatic.com/avatars/defaults/v2/avatar_default_3.png', 'https://www.redditstatic.com/avatars/defaults/v2/avatar_default_6.png']",,,,,,,,,,,
https://www.reddit.com,com.reddit.RedditAppleSSO,https://devvit-gateway.reddit.com,705819728788-b2c1kcs7tst3b7ghv7at0hkqmtc68ckl.apps.googleusercontent.com,https://www.redditstatic.com/shreddit/,False,client-manifest.json,https://www.redditstatic.com/,https://www.reddit.com,https://www.reddit.com,['https://www.redditstatic.com/'],https://www.redditstatic.com/js/concat,https://www.redditstatic.com/shreddit/,https://events.redditmedia.com/v2j,ShredditFrontend-v1,eW9vM3lhZW00VW9naDVleGFlZm9lcGhlZTZQaG9o,False,https://w3-reporting.reddit.com/reports,,,,,,,,,,,,,
,,,,,,,,,,,,,,,,,,,,https://9f057df6115a4bb488c08ea12a835e6e@error-tracking.reddit.com/o418887/5810803,True,production,,,,,,,,
,,,,,,,,,,,,,,,,,,enabled,,,,,enabled,enabled,enabled,enabled,enabled,enabled,enabled,enabled
,,,,,,,,,,,,,,,,,,,"['https://www.reddit.com/r/webscraping/t support constructed stylesheets. See https:/lit.dev/docs/api/LitElement/#LitElement.styles        window.litNonce = ', 'https://www.redditstatic.com/avatars/defaults/v2/avatar_default_7.png', 'https://www.redditstatic.com/avatars/defaults/v2/avatar_default_5.png', 'https://www.redditstatic.com/avatars/defaults/v2/avatar_default_0.png', 'https://www.redditstatic.com/avatars/defaults/v2/avatar_default_4.png', 'https://www.redditstatic.com/avatars/defaults/v2/avatar_default_3.png', 'https://www.redditstatic.com/avatars/defaults/v2/avatar_default_6.png']",,,,,,,,,,,
https://www.reddit.com,com.reddit.RedditAppleSSO,https://devvit-gateway.reddit.com,705819728788-b2c1kcs7tst3b7ghv7at0hkqmtc68ckl.apps.googleusercontent.com,https://www.redditstatic.com/shreddit/,False,client-manifest.json,https://www.redditstatic.com/,https://www.reddit.com,https://www.reddit.com,['https://www.redditstatic.com/'],https://www.redditstatic.com/js/concat,https://www.redditstatic.com/shreddit/,https://events.redditmedia.com/v2j,ShredditFrontend-v1,eW9vM3lhZW00VW9naDVleGFlZm9lcGhlZTZQaG9o,False,https://w3-reporting.reddit.com/reports,,,,,,,,,,,,,
,,,,,,,,,,,,,,,,,,,,https://9f057df6115a4bb488c08ea12a835e6e@error-tracking.reddit.com/o418887/5810803,True,production,,,,,,,,
,,,,,,,,,,,,,,,,,,enabled,,,,,enabled,enabled,enabled,enabled,enabled,enabled,enabled,enabled
,,,,,,,,,,,,,,,,,,,"['https://www.reddit.com/r/webscraping/t support constructed stylesheets. See https:/lit.dev/docs/api/LitElement/#LitElement.styles        window.litNonce = ', 'https://www.redditstatic.com/avatars/defaults/v2/avatar_default_2.png', 'https://www.redditstatic.com/avatars/defaults/v2/avatar_default_7.png', 'https://www.redditstatic.com/avatars/defaults/v2/avatar_default_5.png', 'https://www.redditstatic.com/avatars/defaults/v2/avatar_default_0.png', 'https://www.redditstatic.com/avatars/defaults/v2/avatar_default_4.png', 'https://www.redditstatic.com/avatars/defaults/v2/avatar_default_3.png', 'https://www.redditstatic.com/avatars/defaults/v2/avatar_default_6.png']",,,,,,,,,,,
https://www.reddit.com,com.reddit.RedditAppleSSO,https://devvit-gateway.reddit.com,705819728788-b2c1kcs7tst3b7ghv7at0hkqmtc68ckl.apps.googleusercontent.com,https://www.redditstatic.com/shreddit/,False,client-manifest.json,https://www.redditstatic.com/,https://www.reddit.com,https://www.reddit.com,['https://www.redditstatic.com/'],https://www.redditstatic.com/js/concat,https://www.redditstatic.com/shreddit/,https://events.redditmedia.com/v2j,ShredditFrontend-v1,eW9vM3lhZW00VW9naDVleGFlZm9lcGhlZTZQaG9o,False,https://w3-reporting.reddit.com/reports,,,,,,,,,,,,,
,,,,,,,,,,,,,,,,,,,,https://9f057df6115a4bb488c08ea12a835e6e@error-tracking.reddit.com/o418887/5810803,True,production,,,,,,,,
,,,,,,,,,,,,,,,,,,enabled,,,,,enabled,enabled,enabled,enabled,enabled,enabled,enabled,enabled
,,,,,,,,,,,,,,,,,,,"['https://www.reddit.com/r/webscraping/t support constructed stylesheets. See https:/lit.dev/docs/api/LitElement/#LitElement.styles        window.litNonce = ', 'https://www.redditstatic.com/avatars/defaults/v2/avatar_default_7.png', 'https://www.redditstatic.com/avatars/defaults/v2/avatar_default_5.png', 'https://www.redditstatic.com/avatars/defaults/v2/avatar_default_0.png', 'https://www.redditstatic.com/avatars/defaults/v2/avatar_default_4.png', 'https://www.redditstatic.com/avatars/defaults/v2/avatar_default_3.png', 'https://www.redditstatic.com/avatars/defaults/v2/avatar_default_6.png']",,,,,,,,,,,
https://www.reddit.com,com.reddit.RedditAppleSSO,https://devvit-gateway.reddit.com,705819728788-b2c1kcs7tst3b7ghv7at0hkqmtc68ckl.apps.googleusercontent.com,https://www.redditstatic.com/shreddit/,False,client-manifest.json,https://www.redditstatic.com/,https://www.reddit.com,https://www.reddit.com,['https://www.redditstatic.com/'],https://www.redditstatic.com/js/concat,https://www.redditstatic.com/shreddit/,https://events.redditmedia.com/v2j,ShredditFrontend-v1,eW9vM3lhZW00VW9naDVleGFlZm9lcGhlZTZQaG9o,False,https://w3-reporting.reddit.com/reports,,,,,,,,,,,,,
,,,,,,,,,,,,,,,,,,,,https://9f057df6115a4bb488c08ea12a835e6e@error-tracking.reddit.com/o418887/5810803,True,production,,,,,,,,
,,,,,,,,,,,,,,,,,,enabled,,,,,enabled,enabled,enabled,enabled,enabled,enabled,enabled,enabled
,,,,,,,,,,,,,,,,,,,"['https://www.reddit.com/r/webscraping/t support constructed stylesheets. See https:/lit.dev/docs/api/LitElement/#LitElement.styles        window.litNonce = ', 'https://www.redditstatic.com/avatars/defaults/v2/avatar_default_7.png', 'https://www.redditstatic.com/avatars/defaults/v2/avatar_default_5.png', 'https://www.redditstatic.com/avatars/defaults/v2/avatar_default_0.png', 'https://www.redditstatic.com/avatars/defaults/v2/avatar_default_2.png', 'https://www.redditstatic.com/avatars/defaults/v2/avatar_default_4.png', 'https://www.redditstatic.com/avatars/defaults/v2/avatar_default_3.png', 'https://www.redditstatic.com/avatars/defaults/v2/avatar_default_6.png']",,,,,,,,,,,
https://www.reddit.com,com.reddit.RedditAppleSSO,https://devvit-gateway.reddit.com,705819728788-b2c1kcs7tst3b7ghv7at0hkqmtc68ckl.apps.googleusercontent.com,https://www.redditstatic.com/shreddit/,False,client-manifest.json,https://www.redditstatic.com/,https://www.reddit.com,https://www.reddit.com,['https://www.redditstatic.com/'],https://www.redditstatic.com/js/concat,https://www.redditstatic.com/shreddit/,https://events.redditmedia.com/v2j,ShredditFrontend-v1,eW9vM3lhZW00VW9naDVleGFlZm9lcGhlZTZQaG9o,False,https://w3-reporting.reddit.com/reports,,,,,,,,,,,,,
,,,,,,,,,,,,,,,,,,,,https://9f057df6115a4bb488c08ea12a835e6e@error-tracking.reddit.com/o418887/5810803,True,production,,,,,,,,
,,,,,,,,,,,,,,,,,,enabled,,,,,enabled,enabled,enabled,enabled,enabled,enabled,enabled,enabled
,,,,,,,,,,,,,,,,,,,"['https://www.reddit.com/r/webscraping/t support constructed stylesheets. See https:/lit.dev/docs/api/LitElement/#LitElement.styles        window.litNonce = ', 'https://www.redditstatic.com/avatars/defaults/v2/avatar_default_7.png', 'https://www.redditstatic.com/avatars/defaults/v2/avatar_default_5.png', 'https://www.redditstatic.com/avatars/defaults/v2/avatar_default_0.png', 'https://www.redditstatic.com/avatars/defaults/v2/avatar_default_4.png', 'https://www.redditstatic.com/avatars/defaults/v2/avatar_default_3.png', 'https://www.redditstatic.com/avatars/defaults/v2/avatar_default_6.png']",,,,,,,,,,,
https://www.reddit.com,com.reddit.RedditAppleSSO,https://devvit-gateway.reddit.com,705819728788-b2c1kcs7tst3b7ghv7at0hkqmtc68ckl.apps.googleusercontent.com,https://www.redditstatic.com/shreddit/,False,client-manifest.json,https://www.redditstatic.com/,https://www.reddit.com,https://www.reddit.com,['https://www.redditstatic.com/'],https://www.redditstatic.com/js/concat,https://www.redditstatic.com/shreddit/,https://events.redditmedia.com/v2j,ShredditFrontend-v1,eW9vM3lhZW00VW9naDVleGFlZm9lcGhlZTZQaG9o,False,https://w3-reporting.reddit.com/reports,,,,,,,,,,,,,
,,,,,,,,,,,,,,,,,,,,https://9f057df6115a4bb488c08ea12a835e6e@error-tracking.reddit.com/o418887/5810803,True,production,,,,,,,,
,,,,,,,,,,,,,,,,,,enabled,,,,,enabled,enabled,enabled,enabled,enabled,enabled,enabled,enabled
,,,,,,,,,,,,,,,,,,,"['https://www.reddit.com/r/webscraping/t support constructed stylesheets. See https:/lit.dev/docs/api/LitElement/#LitElement.styles        window.litNonce = ', 'https://www.redditstatic.com/avatars/defaults/v2/avatar_default_7.png', 'https://www.redditstatic.com/avatars/defaults/v2/avatar_default_5.png', 'https://www.redditstatic.com/avatars/defaults/v2/avatar_default_0.png', 'https://www.redditstatic.com/avatars/defaults/v2/avatar_default_4.png', 'https://www.redditstatic.com/avatars/defaults/v2/avatar_default_3.png', 'https://www.redditstatic.com/avatars/defaults/v2/avatar_default_6.png']",,,,,,,,,,,
https://www.reddit.com,com.reddit.RedditAppleSSO,https://devvit-gateway.reddit.com,705819728788-b2c1kcs7tst3b7ghv7at0hkqmtc68ckl.apps.googleusercontent.com,https://www.redditstatic.com/shreddit/,False,client-manifest.json,https://www.redditstatic.com/,https://www.reddit.com,https://www.reddit.com,['https://www.redditstatic.com/'],https://www.redditstatic.com/js/concat,https://www.redditstatic.com/shreddit/,https://events.redditmedia.com/v2j,ShredditFrontend-v1,eW9vM3lhZW00VW9naDVleGFlZm9lcGhlZTZQaG9o,False,https://w3-reporting.reddit.com/reports,,,,,,,,,,,,,
,,,,,,,,,,,,,,,,,,,,https://9f057df6115a4bb488c08ea12a835e6e@error-tracking.reddit.com/o418887/5810803,True,production,,,,,,,,
,,,,,,,,,,,,,,,,,,enabled,,,,,enabled,enabled,enabled,enabled,enabled,enabled,enabled,enabled
,,,,,,,,,,,,,,,,,,,"['https://www.reddit.com/r/webscraping/t support constructed stylesheets. See https:/lit.dev/docs/api/LitElement/#LitElement.styles        window.litNonce = ', 'https://www.redditstatic.com/avatars/defaults/v2/avatar_default_7.png', 'https://www.redditstatic.com/avatars/defaults/v2/avatar_default_5.png', 'https://www.redditstatic.com/avatars/defaults/v2/avatar_default_6.png', 'https://www.redditstatic.com/avatars/defaults/v2/avatar_default_0.png', 'https://www.redditstatic.com/avatars/defaults/v2/avatar_default_4.png', 'https://www.redditstatic.com/avatars/defaults/v2/avatar_default_3.png']",,,,,,,,,,,
https://www.reddit.com,com.reddit.RedditAppleSSO,https://devvit-gateway.reddit.com,705819728788-b2c1kcs7tst3b7ghv7at0hkqmtc68ckl.apps.googleusercontent.com,https://www.redditstatic.com/shreddit/,False,client-manifest.json,https://www.redditstatic.com/,https://www.reddit.com,https://www.reddit.com,['https://www.redditstatic.com/'],https://www.redditstatic.com/js/concat,https://www.redditstatic.com/shreddit/,https://events.redditmedia.com/v2j,ShredditFrontend-v1,eW9vM3lhZW00VW9naDVleGFlZm9lcGhlZTZQaG9o,False,https://w3-reporting.reddit.com/reports,,,,,,,,,,,,,
,,,,,,,,,,,,,,,,,,,,https://9f057df6115a4bb488c08ea12a835e6e@error-tracking.reddit.com/o418887/5810803,True,production,,,,,,,,
,,,,,,,,,,,,,,,,,,enabled,,,,,enabled,enabled,enabled,enabled,enabled,enabled,enabled,enabled
,,,,,,,,,,,,,,,,,,,"['https://www.reddit.com/r/webscraping/t support constructed stylesheets. See https:/lit.dev/docs/api/LitElement/#LitElement.styles        window.litNonce = ', 'https://www.redditstatic.com/avatars/defaults/v2/avatar_default_7.png', 'https://www.redditstatic.com/avatars/defaults/v2/avatar_default_5.png', 'https://www.redditstatic.com/avatars/defaults/v2/avatar_default_0.png', 'https://www.redditstatic.com/avatars/defaults/v2/avatar_default_4.png', 'https://www.redditstatic.com/avatars/defaults/v2/avatar_default_3.png', 'https://www.redditstatic.com/avatars/defaults/v2/avatar_default_6.png']",,,,,,,,,,,
https://www.reddit.com,com.reddit.RedditAppleSSO,https://devvit-gateway.reddit.com,705819728788-b2c1kcs7tst3b7ghv7at0hkqmtc68ckl.apps.googleusercontent.com,https://www.redditstatic.com/shreddit/,False,client-manifest.json,https://www.redditstatic.com/,https://www.reddit.com,https://www.reddit.com,['https://www.redditstatic.com/'],https://www.redditstatic.com/js/concat,https://www.redditstatic.com/shreddit/,https://events.redditmedia.com/v2j,ShredditFrontend-v1,eW9vM3lhZW00VW9naDVleGFlZm9lcGhlZTZQaG9o,False,https://w3-reporting.reddit.com/reports,,,,,,,,,,,,,
,,,,,,,,,,,,,,,,,,,,https://9f057df6115a4bb488c08ea12a835e6e@error-tracking.reddit.com/o418887/5810803,True,production,,,,,,,,
,,,,,,,,,,,,,,,,,,enabled,,,,,enabled,enabled,enabled,enabled,enabled,enabled,enabled,enabled
,,,,,,,,,,,,,,,,,,,"['https://www.reddit.com/r/webscraping/t support constructed stylesheets. See https:/lit.dev/docs/api/LitElement/#LitElement.styles        window.litNonce = ', 'https://www.redditstatic.com/avatars/defaults/v2/avatar_default_7.png', 'https://www.redditstatic.com/avatars/defaults/v2/avatar_default_5.png', 'https://www.redditstatic.com/avatars/defaults/v2/avatar_default_0.png', 'https://www.redditstatic.com/avatars/defaults/v2/avatar_default_4.png', 'https://www.redditstatic.com/avatars/defaults/v2/avatar_default_3.png', 'https://www.redditstatic.com/avatars/defaults/v2/avatar_default_6.png']",,,,,,,,,,,
https://www.reddit.com,com.reddit.RedditAppleSSO,https://devvit-gateway.reddit.com,705819728788-b2c1kcs7tst3b7ghv7at0hkqmtc68ckl.apps.googleusercontent.com,https://www.redditstatic.com/shreddit/,False,client-manifest.json,https://www.redditstatic.com/,https://www.reddit.com,https://www.reddit.com,['https://www.redditstatic.com/'],https://www.redditstatic.com/js/concat,https://www.redditstatic.com/shreddit/,https://events.redditmedia.com/v2j,ShredditFrontend-v1,eW9vM3lhZW00VW9naDVleGFlZm9lcGhlZTZQaG9o,False,https://w3-reporting.reddit.com/reports,,,,,,,,,,,,,
,,,,,,,,,,,,,,,,,,,,https://9f057df6115a4bb488c08ea12a835e6e@error-tracking.reddit.com/o418887/5810803,True,production,,,,,,,,
,,,,,,,,,,,,,,,,,,enabled,,,,,enabled,enabled,enabled,enabled,enabled,enabled,enabled,enabled
,,,,,,,,,,,,,,,,,,,"['https://www.reddit.com/r/webscraping/t support constructed stylesheets. See https:/lit.dev/docs/api/LitElement/#LitElement.styles        window.litNonce = ', 'https://www.redditstatic.com/avatars/defaults/v2/avatar_default_7.png', 'https://www.redditstatic.com/avatars/defaults/v2/avatar_default_5.png', 'https://www.redditstatic.com/avatars/defaults/v2/avatar_default_0.png', 'https://www.redditstatic.com/avatars/defaults/v2/avatar_default_4.png', 'https://www.redditstatic.com/avatars/defaults/v2/avatar_default_3.png', 'https://www.redditstatic.com/avatars/defaults/v2/avatar_default_6.png']",,,,,,,,,,,
https://www.reddit.com,com.reddit.RedditAppleSSO,https://devvit-gateway.reddit.com,705819728788-b2c1kcs7tst3b7ghv7at0hkqmtc68ckl.apps.googleusercontent.com,https://www.redditstatic.com/shreddit/,False,client-manifest.json,https://www.redditstatic.com/,https://www.reddit.com,https://www.reddit.com,['https://www.redditstatic.com/'],https://www.redditstatic.com/js/concat,https://www.redditstatic.com/shreddit/,https://events.redditmedia.com/v2j,ShredditFrontend-v1,eW9vM3lhZW00VW9naDVleGFlZm9lcGhlZTZQaG9o,False,https://w3-reporting.reddit.com/reports,,,,,,,,,,,,,
,,,,,,,,,,,,,,,,,,,,https://9f057df6115a4bb488c08ea12a835e6e@error-tracking.reddit.com/o418887/5810803,True,production,,,,,,,,
,,,,,,,,,,,,,,,,,,enabled,,,,,enabled,enabled,enabled,enabled,enabled,enabled,enabled,enabled
,,,,,,,,,,,,,,,,,,,"['https://www.reddit.com/r/webscraping/t support constructed stylesheets. See https:/lit.dev/docs/api/LitElement/#LitElement.styles        window.litNonce = ', 'https://www.redditstatic.com/avatars/defaults/v2/avatar_default_7.png', 'https://www.redditstatic.com/avatars/defaults/v2/avatar_default_5.png', 'https://www.redditstatic.com/avatars/defaults/v2/avatar_default_0.png', 'https://www.redditstatic.com/avatars/defaults/v2/avatar_default_4.png', 'https://www.redditstatic.com/avatars/defaults/v2/avatar_default_3.png', 'https://www.redditstatic.com/avatars/defaults/v2/avatar_default_6.png']",,,,,,,,,,,
https://www.reddit.com,com.reddit.RedditAppleSSO,https://devvit-gateway.reddit.com,705819728788-b2c1kcs7tst3b7ghv7at0hkqmtc68ckl.apps.googleusercontent.com,https://www.redditstatic.com/shreddit/,False,client-manifest.json,https://www.redditstatic.com/,https://www.reddit.com,https://www.reddit.com,['https://www.redditstatic.com/'],https://www.redditstatic.com/js/concat,https://www.redditstatic.com/shreddit/,https://events.redditmedia.com/v2j,ShredditFrontend-v1,eW9vM3lhZW00VW9naDVleGFlZm9lcGhlZTZQaG9o,False,https://w3-reporting.reddit.com/reports,,,,,,,,,,,,,
,,,,,,,,,,,,,,,,,,,,https://9f057df6115a4bb488c08ea12a835e6e@error-tracking.reddit.com/o418887/5810803,True,production,,,,,,,,
,,,,,,,,,,,,,,,,,,enabled,,,,,enabled,enabled,enabled,enabled,enabled,enabled,enabled,enabled
,,,,,,,,,,,,,,,,,,,"['https://www.reddit.com/r/webscraping/t support constructed stylesheets. See https:/lit.dev/docs/api/LitElement/#LitElement.styles        window.litNonce = ', 'https://www.redditstatic.com/avatars/defaults/v2/avatar_default_7.png', 'https://www.redditstatic.com/avatars/defaults/v2/avatar_default_5.png', 'https://www.redditstatic.com/avatars/defaults/v2/avatar_default_0.png', 'https://www.redditstatic.com/avatars/defaults/v2/avatar_default_4.png', 'https://www.redditstatic.com/avatars/defaults/v2/avatar_default_3.png', 'https://www.redditstatic.com/avatars/defaults/v2/avatar_default_6.png', 'https://www.redditstatic.com/avatars/defaults/v2/avatar_default_2.png']",,,,,,,,,,,
https://www.reddit.com,com.reddit.RedditAppleSSO,https://devvit-gateway.reddit.com,705819728788-b2c1kcs7tst3b7ghv7at0hkqmtc68ckl.apps.googleusercontent.com,https://www.redditstatic.com/shreddit/,False,client-manifest.json,https://www.redditstatic.com/,https://www.reddit.com,https://www.reddit.com,['https://www.redditstatic.com/'],https://www.redditstatic.com/js/concat,https://www.redditstatic.com/shreddit/,https://events.redditmedia.com/v2j,ShredditFrontend-v1,eW9vM3lhZW00VW9naDVleGFlZm9lcGhlZTZQaG9o,False,https://w3-reporting.reddit.com/reports,,,,,,,,,,,,,
,,,,,,,,,,,,,,,,,,,,https://9f057df6115a4bb488c08ea12a835e6e@error-tracking.reddit.com/o418887/5810803,True,production,,,,,,,,
,,,,,,,,,,,,,,,,,,enabled,,,,,enabled,enabled,enabled,enabled,enabled,enabled,enabled,enabled
,,,,,,,,,,,,,,,,,,,"['https://www.reddit.com/r/webscraping/t support constructed stylesheets. See https:/lit.dev/docs/api/LitElement/#LitElement.styles        window.litNonce = ', 'https://www.redditstatic.com/avatars/defaults/v2/avatar_default_7.png', 'https://www.redditstatic.com/avatars/defaults/v2/avatar_default_5.png', 'https://www.redditstatic.com/avatars/defaults/v2/avatar_default_0.png', 'https://www.redditstatic.com/avatars/defaults/v2/avatar_default_4.png', 'https://www.redditstatic.com/avatars/defaults/v2/avatar_default_3.png', 'https://www.redditstatic.com/avatars/defaults/v2/avatar_default_6.png']",,,,,,,,,,,
https://www.reddit.com,com.reddit.RedditAppleSSO,https://devvit-gateway.reddit.com,705819728788-b2c1kcs7tst3b7ghv7at0hkqmtc68ckl.apps.googleusercontent.com,https://www.redditstatic.com/shreddit/,False,client-manifest.json,https://www.redditstatic.com/,https://www.reddit.com,https://www.reddit.com,['https://www.redditstatic.com/'],https://www.redditstatic.com/js/concat,https://www.redditstatic.com/shreddit/,https://events.redditmedia.com/v2j,ShredditFrontend-v1,eW9vM3lhZW00VW9naDVleGFlZm9lcGhlZTZQaG9o,False,https://w3-reporting.reddit.com/reports,,,,,,,,,,,,,
,,,,,,,,,,,,,,,,,,,,https://9f057df6115a4bb488c08ea12a835e6e@error-tracking.reddit.com/o418887/5810803,True,production,,,,,,,,
,,,,,,,,,,,,,,,,,,enabled,,,,,enabled,enabled,enabled,enabled,enabled,enabled,enabled,enabled
,,,,,,,,,,,,,,,,,,,"['https://www.reddit.com/r/webscraping/t support constructed stylesheets. See https:/lit.dev/docs/api/LitElement/#LitElement.styles        window.litNonce = ', 'https://www.redditstatic.com/avatars/defaults/v2/avatar_default_7.png', 'https://www.redditstatic.com/avatars/defaults/v2/avatar_default_5.png', 'https://www.redditstatic.com/avatars/defaults/v2/avatar_default_0.png', 'https://www.redditstatic.com/avatars/defaults/v2/avatar_default_4.png', 'https://www.redditstatic.com/avatars/defaults/v2/avatar_default_3.png', 'https://www.redditstatic.com/avatars/defaults/v2/avatar_default_6.png']",,,,,,,,,,,
https://www.reddit.com,com.reddit.RedditAppleSSO,https://devvit-gateway.reddit.com,705819728788-b2c1kcs7tst3b7ghv7at0hkqmtc68ckl.apps.googleusercontent.com,https://www.redditstatic.com/shreddit/,False,client-manifest.json,https://www.redditstatic.com/,https://www.reddit.com,https://www.reddit.com,['https://www.redditstatic.com/'],https://www.redditstatic.com/js/concat,https://www.redditstatic.com/shreddit/,https://events.redditmedia.com/v2j,ShredditFrontend-v1,eW9vM3lhZW00VW9naDVleGFlZm9lcGhlZTZQaG9o,False,https://w3-reporting.reddit.com/reports,,,,,,,,,,,,,
,,,,,,,,,,,,,,,,,,,,https://9f057df6115a4bb488c08ea12a835e6e@error-tracking.reddit.com/o418887/5810803,True,production,,,,,,,,
,,,,,,,,,,,,,,,,,,enabled,,,,,enabled,enabled,enabled,enabled,enabled,enabled,enabled,enabled
,,,,,,,,,,,,,,,,,,,"['https://www.reddit.com/r/webscraping/t support constructed stylesheets. See https:/lit.dev/docs/api/LitElement/#LitElement.styles        window.litNonce = ', 'https://www.redditstatic.com/avatars/defaults/v2/avatar_default_7.png', 'https://www.redditstatic.com/avatars/defaults/v2/avatar_default_5.png', 'https://www.redditstatic.com/avatars/defaults/v2/avatar_default_0.png', 'https://www.redditstatic.com/avatars/defaults/v2/avatar_default_4.png', 'https://www.redditstatic.com/avatars/defaults/v2/avatar_default_3.png', 'https://www.redditstatic.com/avatars/defaults/v2/avatar_default_6.png']",,,,,,,,,,,
https://www.reddit.com,com.reddit.RedditAppleSSO,https://devvit-gateway.reddit.com,705819728788-b2c1kcs7tst3b7ghv7at0hkqmtc68ckl.apps.googleusercontent.com,https://www.redditstatic.com/shreddit/,False,client-manifest.json,https://www.redditstatic.com/,https://www.reddit.com,https://www.reddit.com,['https://www.redditstatic.com/'],https://www.redditstatic.com/js/concat,https://www.redditstatic.com/shreddit/,https://events.redditmedia.com/v2j,ShredditFrontend-v1,eW9vM3lhZW00VW9naDVleGFlZm9lcGhlZTZQaG9o,False,https://w3-reporting.reddit.com/reports,,,,,,,,,,,,,
,,,,,,,,,,,,,,,,,,,,https://9f057df6115a4bb488c08ea12a835e6e@error-tracking.reddit.com/o418887/5810803,True,production,,,,,,,,
,,,,,,,,,,,,,,,,,,enabled,,,,,enabled,enabled,enabled,enabled,enabled,enabled,enabled,enabled
,,,,,,,,,,,,,,,,,,,"['https://www.reddit.com/r/webscraping/t support constructed stylesheets. See https:/lit.dev/docs/api/LitElement/#LitElement.styles        window.litNonce = ', 'https://www.redditstatic.com/avatars/defaults/v2/avatar_default_7.png', 'https://www.redditstatic.com/avatars/defaults/v2/avatar_default_5.png', 'https://www.redditstatic.com/avatars/defaults/v2/avatar_default_0.png', 'https://www.redditstatic.com/avatars/defaults/v2/avatar_default_4.png', 'https://www.redditstatic.com/avatars/defaults/v2/avatar_default_3.png', 'https://www.redditstatic.com/avatars/defaults/v2/avatar_default_6.png']",,,,,,,,,,,
https://www.reddit.com,com.reddit.RedditAppleSSO,https://devvit-gateway.reddit.com,705819728788-b2c1kcs7tst3b7ghv7at0hkqmtc68ckl.apps.googleusercontent.com,https://www.redditstatic.com/shreddit/,False,client-manifest.json,https://www.redditstatic.com/,https://www.reddit.com,https://www.reddit.com,['https://www.redditstatic.com/'],https://www.redditstatic.com/js/concat,https://www.redditstatic.com/shreddit/,https://events.redditmedia.com/v2j,ShredditFrontend-v1,eW9vM3lhZW00VW9naDVleGFlZm9lcGhlZTZQaG9o,False,https://w3-reporting.reddit.com/reports,,,,,,,,,,,,,
,,,,,,,,,,,,,,,,,,,,https://9f057df6115a4bb488c08ea12a835e6e@error-tracking.reddit.com/o418887/5810803,True,production,,,,,,,,
,,,,,,,,,,,,,,,,,,enabled,,,,,enabled,enabled,enabled,enabled,enabled,enabled,enabled,enabled
,,,,,,,,,,,,,,,,,,,"['https://www.reddit.com/r/webscraping/t support constructed stylesheets. See https:/lit.dev/docs/api/LitElement/#LitElement.styles        window.litNonce = ', 'https://www.redditstatic.com/avatars/defaults/v2/avatar_default_7.png', 'https://www.redditstatic.com/avatars/defaults/v2/avatar_default_5.png', 'https://www.redditstatic.com/avatars/defaults/v2/avatar_default_0.png', 'https://www.redditstatic.com/avatars/defaults/v2/avatar_default_4.png', 'https://www.redditstatic.com/avatars/defaults/v2/avatar_default_3.png', 'https://www.redditstatic.com/avatars/defaults/v2/avatar_default_6.png']",,,,,,,,,,,
https://www.reddit.com,com.reddit.RedditAppleSSO,https://devvit-gateway.reddit.com,705819728788-b2c1kcs7tst3b7ghv7at0hkqmtc68ckl.apps.googleusercontent.com,https://www.redditstatic.com/shreddit/,False,client-manifest.json,https://www.redditstatic.com/,https://www.reddit.com,https://www.reddit.com,['https://www.redditstatic.com/'],https://www.redditstatic.com/js/concat,https://www.redditstatic.com/shreddit/,https://events.redditmedia.com/v2j,ShredditFrontend-v1,eW9vM3lhZW00VW9naDVleGFlZm9lcGhlZTZQaG9o,False,https://w3-reporting.reddit.com/reports,,,,,,,,,,,,,
,,,,,,,,,,,,,,,,,,,,https://9f057df6115a4bb488c08ea12a835e6e@error-tracking.reddit.com/o418887/5810803,True,production,,,,,,,,
,,,,,,,,,,,,,,,,,,enabled,,,,,enabled,enabled,enabled,enabled,enabled,enabled,enabled,enabled
,,,,,,,,,,,,,,,,,,,"['https://www.reddit.com/r/webscraping/t support constructed stylesheets. See https:/lit.dev/docs/api/LitElement/#LitElement.styles        window.litNonce = ', 'https://www.redditstatic.com/avatars/defaults/v2/avatar_default_7.png', 'https://www.redditstatic.com/avatars/defaults/v2/avatar_default_5.png', 'https://www.redditstatic.com/avatars/defaults/v2/avatar_default_0.png', 'https://www.redditstatic.com/avatars/defaults/v2/avatar_default_4.png', 'https://www.redditstatic.com/avatars/defaults/v2/avatar_default_3.png', 'https://www.redditstatic.com/avatars/defaults/v2/avatar_default_6.png']",,,,,,,,,,,
https://www.reddit.com,com.reddit.RedditAppleSSO,https://devvit-gateway.reddit.com,705819728788-b2c1kcs7tst3b7ghv7at0hkqmtc68ckl.apps.googleusercontent.com,https://www.redditstatic.com/shreddit/,False,client-manifest.json,https://www.redditstatic.com/,https://www.reddit.com,https://www.reddit.com,['https://www.redditstatic.com/'],https://www.redditstatic.com/js/concat,https://www.redditstatic.com/shreddit/,https://events.redditmedia.com/v2j,ShredditFrontend-v1,eW9vM3lhZW00VW9naDVleGFlZm9lcGhlZTZQaG9o,False,https://w3-reporting.reddit.com/reports,,,,,,,,,,,,,
,,,,,,,,,,,,,,,,,,,,https://9f057df6115a4bb488c08ea12a835e6e@error-tracking.reddit.com/o418887/5810803,True,production,,,,,,,,
,,,,,,,,,,,,,,,,,,enabled,,,,,enabled,enabled,enabled,enabled,enabled,enabled,enabled,enabled
,,,,,,,,,,,,,,,,,,,"['https://www.reddit.com/r/webscraping/t support constructed stylesheets. See https:/lit.dev/docs/api/LitElement/#LitElement.styles        window.litNonce = ', 'https://www.redditstatic.com/avatars/defaults/v2/avatar_default_7.png', 'https://www.redditstatic.com/avatars/defaults/v2/avatar_default_5.png', 'https://www.redditstatic.com/avatars/defaults/v2/avatar_default_0.png', 'https://www.redditstatic.com/avatars/defaults/v2/avatar_default_4.png', 'https://www.redditstatic.com/avatars/defaults/v2/avatar_default_3.png', 'https://www.redditstatic.com/avatars/defaults/v2/avatar_default_6.png']",,,,,,,,,,,
https://www.reddit.com,com.reddit.RedditAppleSSO,https://devvit-gateway.reddit.com,705819728788-b2c1kcs7tst3b7ghv7at0hkqmtc68ckl.apps.googleusercontent.com,https://www.redditstatic.com/shreddit/,False,client-manifest.json,https://www.redditstatic.com/,https://www.reddit.com,https://www.reddit.com,['https://www.redditstatic.com/'],https://www.redditstatic.com/js/concat,https://www.redditstatic.com/shreddit/,https://events.redditmedia.com/v2j,ShredditFrontend-v1,eW9vM3lhZW00VW9naDVleGFlZm9lcGhlZTZQaG9o,False,https://w3-reporting.reddit.com/reports,,,,,,,,,,,,,
,,,,,,,,,,,,,,,,,,,,https://9f057df6115a4bb488c08ea12a835e6e@error-tracking.reddit.com/o418887/5810803,True,production,,,,,,,,
,,,,,,,,,,,,,,,,,,enabled,,,,,enabled,enabled,enabled,enabled,enabled,enabled,enabled,enabled
,,,,,,,,,,,,,,,,,,,"['https://www.reddit.com/r/webscraping/t support constructed stylesheets. See https:/lit.dev/docs/api/LitElement/#LitElement.styles        window.litNonce = ', 'https://www.redditstatic.com/avatars/defaults/v2/avatar_default_6.png', 'https://www.redditstatic.com/avatars/defaults/v2/avatar_default_7.png', 'https://www.redditstatic.com/avatars/defaults/v2/avatar_default_5.png', 'https://www.redditstatic.com/avatars/defaults/v2/avatar_default_0.png', 'https://www.redditstatic.com/avatars/defaults/v2/avatar_default_4.png', 'https://www.redditstatic.com/avatars/defaults/v2/avatar_default_3.png']",,,,,,,,,,,
https://www.reddit.com,com.reddit.RedditAppleSSO,https://devvit-gateway.reddit.com,705819728788-b2c1kcs7tst3b7ghv7at0hkqmtc68ckl.apps.googleusercontent.com,https://www.redditstatic.com/shreddit/,False,client-manifest.json,https://www.redditstatic.com/,https://www.reddit.com,https://www.reddit.com,['https://www.redditstatic.com/'],https://www.redditstatic.com/js/concat,https://www.redditstatic.com/shreddit/,https://events.redditmedia.com/v2j,ShredditFrontend-v1,eW9vM3lhZW00VW9naDVleGFlZm9lcGhlZTZQaG9o,False,https://w3-reporting.reddit.com/reports,,,,,,,,,,,,,
,,,,,,,,,,,,,,,,,,,,https://9f057df6115a4bb488c08ea12a835e6e@error-tracking.reddit.com/o418887/5810803,True,production,,,,,,,,
,,,,,,,,,,,,,,,,,,enabled,,,,,enabled,enabled,enabled,enabled,enabled,enabled,enabled,enabled
,,,,,,,,,,,,,,,,,,,"['https://www.reddit.com/r/webscraping/t support constructed stylesheets. See https:/lit.dev/docs/api/LitElement/#LitElement.styles        window.litNonce = ', 'https://www.redditstatic.com/avatars/defaults/v2/avatar_default_7.png', 'https://www.redditstatic.com/avatars/defaults/v2/avatar_default_5.png', 'https://www.redditstatic.com/avatars/defaults/v2/avatar_default_0.png', 'https://www.redditstatic.com/avatars/defaults/v2/avatar_default_4.png', 'https://www.redditstatic.com/avatars/defaults/v2/avatar_default_3.png', 'https://www.redditstatic.com/avatars/defaults/v2/avatar_default_6.png']",,,,,,,,,,,
https://www.reddit.com,com.reddit.RedditAppleSSO,https://devvit-gateway.reddit.com,705819728788-b2c1kcs7tst3b7ghv7at0hkqmtc68ckl.apps.googleusercontent.com,https://www.redditstatic.com/shreddit/,False,client-manifest.json,https://www.redditstatic.com/,https://www.reddit.com,https://www.reddit.com,['https://www.redditstatic.com/'],https://www.redditstatic.com/js/concat,https://www.redditstatic.com/shreddit/,https://events.redditmedia.com/v2j,ShredditFrontend-v1,eW9vM3lhZW00VW9naDVleGFlZm9lcGhlZTZQaG9o,False,https://w3-reporting.reddit.com/reports,,,,,,,,,,,,,
,,,,,,,,,,,,,,,,,,,,https://9f057df6115a4bb488c08ea12a835e6e@error-tracking.reddit.com/o418887/5810803,True,production,,,,,,,,
,,,,,,,,,,,,,,,,,,enabled,,,,,enabled,enabled,enabled,enabled,enabled,enabled,enabled,enabled
,,,,,,,,,,,,,,,,,,,"['https://www.reddit.com/r/webscraping/t support constructed stylesheets. See https:/lit.dev/docs/api/LitElement/#LitElement.styles        window.litNonce = ', 'https://www.redditstatic.com/avatars/defaults/v2/avatar_default_7.png', 'https://www.redditstatic.com/avatars/defaults/v2/avatar_default_5.png', 'https://www.redditstatic.com/avatars/defaults/v2/avatar_default_0.png', 'https://www.redditstatic.com/avatars/defaults/v2/avatar_default_4.png', 'https://www.redditstatic.com/avatars/defaults/v2/avatar_default_3.png', 'https://www.redditstatic.com/avatars/defaults/v2/avatar_default_6.png']",,,,,,,,,,,
https://www.reddit.com,com.reddit.RedditAppleSSO,https://devvit-gateway.reddit.com,705819728788-b2c1kcs7tst3b7ghv7at0hkqmtc68ckl.apps.googleusercontent.com,https://www.redditstatic.com/shreddit/,False,client-manifest.json,https://www.redditstatic.com/,https://www.reddit.com,https://www.reddit.com,['https://www.redditstatic.com/'],https://www.redditstatic.com/js/concat,https://www.redditstatic.com/shreddit/,https://events.redditmedia.com/v2j,ShredditFrontend-v1,eW9vM3lhZW00VW9naDVleGFlZm9lcGhlZTZQaG9o,False,https://w3-reporting.reddit.com/reports,,,,,,,,,,,,,
,,,,,,,,,,,,,,,,,,,,https://9f057df6115a4bb488c08ea12a835e6e@error-tracking.reddit.com/o418887/5810803,True,production,,,,,,,,
,,,,,,,,,,,,,,,,,,enabled,,,,,enabled,enabled,enabled,enabled,enabled,enabled,enabled,enabled
,,,,,,,,,,,,,,,,,,,"['https://www.reddit.com/r/webscraping/t support constructed stylesheets. See https:/lit.dev/docs/api/LitElement/#LitElement.styles        window.litNonce = ', 'https://www.redditstatic.com/avatars/defaults/v2/avatar_default_7.png', 'https://www.redditstatic.com/avatars/defaults/v2/avatar_default_5.png', 'https://www.redditstatic.com/avatars/defaults/v2/avatar_default_0.png', 'https://www.redditstatic.com/avatars/defaults/v2/avatar_default_4.png', 'https://www.redditstatic.com/avatars/defaults/v2/avatar_default_3.png', 'https://www.redditstatic.com/avatars/defaults/v2/avatar_default_6.png']",,,,,,,,,,,
https://www.reddit.com,com.reddit.RedditAppleSSO,https://devvit-gateway.reddit.com,705819728788-b2c1kcs7tst3b7ghv7at0hkqmtc68ckl.apps.googleusercontent.com,https://www.redditstatic.com/shreddit/,False,client-manifest.json,https://www.redditstatic.com/,https://www.reddit.com,https://www.reddit.com,['https://www.redditstatic.com/'],https://www.redditstatic.com/js/concat,https://www.redditstatic.com/shreddit/,https://events.redditmedia.com/v2j,ShredditFrontend-v1,eW9vM3lhZW00VW9naDVleGFlZm9lcGhlZTZQaG9o,False,https://w3-reporting.reddit.com/reports,,,,,,,,,,,,,
,,,,,,,,,,,,,,,,,,,,https://9f057df6115a4bb488c08ea12a835e6e@error-tracking.reddit.com/o418887/5810803,True,production,,,,,,,,
,,,,,,,,,,,,,,,,,,enabled,,,,,enabled,enabled,enabled,enabled,enabled,enabled,enabled,enabled
,,,,,,,,,,,,,,,,,,,"['https://www.reddit.com/r/webscraping/t support constructed stylesheets. See https:/lit.dev/docs/api/LitElement/#LitElement.styles        window.litNonce = ', 'https://www.redditstatic.com/avatars/defaults/v2/avatar_default_7.png', 'https://www.redditstatic.com/avatars/defaults/v2/avatar_default_5.png', 'https://www.redditstatic.com/avatars/defaults/v2/avatar_default_0.png', 'https://www.redditstatic.com/avatars/defaults/v2/avatar_default_4.png', 'https://www.redditstatic.com/avatars/defaults/v2/avatar_default_3.png', 'https://www.redditstatic.com/avatars/defaults/v2/avatar_default_6.png']",,,,,,,,,,,
https://www.reddit.com,com.reddit.RedditAppleSSO,https://devvit-gateway.reddit.com,705819728788-b2c1kcs7tst3b7ghv7at0hkqmtc68ckl.apps.googleusercontent.com,https://www.redditstatic.com/shreddit/,False,client-manifest.json,https://www.redditstatic.com/,https://www.reddit.com,https://www.reddit.com,['https://www.redditstatic.com/'],https://www.redditstatic.com/js/concat,https://www.redditstatic.com/shreddit/,https://events.redditmedia.com/v2j,ShredditFrontend-v1,eW9vM3lhZW00VW9naDVleGFlZm9lcGhlZTZQaG9o,False,https://w3-reporting.reddit.com/reports,,,,,,,,,,,,,
,,,,,,,,,,,,,,,,,,,,https://9f057df6115a4bb488c08ea12a835e6e@error-tracking.reddit.com/o418887/5810803,True,production,,,,,,,,
,,,,,,,,,,,,,,,,,,enabled,,,,,enabled,enabled,enabled,enabled,enabled,enabled,enabled,enabled
,,,,,,,,,,,,,,,,,,,"['https://www.reddit.com/r/webscraping/t support constructed stylesheets. See https:/lit.dev/docs/api/LitElement/#LitElement.styles        window.litNonce = ', 'https://www.redditstatic.com/avatars/defaults/v2/avatar_default_7.png', 'https://www.redditstatic.com/avatars/defaults/v2/avatar_default_5.png', 'https://www.redditstatic.com/avatars/defaults/v2/avatar_default_0.png', 'https://www.redditstatic.com/avatars/defaults/v2/avatar_default_4.png', 'https://www.redditstatic.com/avatars/defaults/v2/avatar_default_3.png', 'https://www.redditstatic.com/avatars/defaults/v2/avatar_default_6.png']",,,,,,,,,,,
https://www.reddit.com,com.reddit.RedditAppleSSO,https://devvit-gateway.reddit.com,705819728788-b2c1kcs7tst3b7ghv7at0hkqmtc68ckl.apps.googleusercontent.com,https://www.redditstatic.com/shreddit/,False,client-manifest.json,https://www.redditstatic.com/,https://www.reddit.com,https://www.reddit.com,['https://www.redditstatic.com/'],https://www.redditstatic.com/js/concat,https://www.redditstatic.com/shreddit/,https://events.redditmedia.com/v2j,ShredditFrontend-v1,eW9vM3lhZW00VW9naDVleGFlZm9lcGhlZTZQaG9o,False,https://w3-reporting.reddit.com/reports,,,,,,,,,,,,,
,,,,,,,,,,,,,,,,,,,,https://9f057df6115a4bb488c08ea12a835e6e@error-tracking.reddit.com/o418887/5810803,True,production,,,,,,,,
,,,,,,,,,,,,,,,,,,enabled,,,,,enabled,enabled,enabled,enabled,enabled,enabled,enabled,enabled
,,,,,,,,,,,,,,,,,,,"['https://www.reddit.com/r/webscraping/t support constructed stylesheets. See https:/lit.dev/docs/api/LitElement/#LitElement.styles        window.litNonce = ', 'https://www.redditstatic.com/avatars/defaults/v2/avatar_default_3.png', 'https://www.redditstatic.com/avatars/defaults/v2/avatar_default_7.png', 'https://www.redditstatic.com/avatars/defaults/v2/avatar_default_5.png', 'https://www.redditstatic.com/avatars/defaults/v2/avatar_default_0.png', 'https://www.redditstatic.com/avatars/defaults/v2/avatar_default_4.png', 'https://www.redditstatic.com/avatars/defaults/v2/avatar_default_6.png']",,,,,,,,,,,
https://www.reddit.com,com.reddit.RedditAppleSSO,https://devvit-gateway.reddit.com,705819728788-b2c1kcs7tst3b7ghv7at0hkqmtc68ckl.apps.googleusercontent.com,https://www.redditstatic.com/shreddit/,False,client-manifest.json,https://www.redditstatic.com/,https://www.reddit.com,https://www.reddit.com,['https://www.redditstatic.com/'],https://www.redditstatic.com/js/concat,https://www.redditstatic.com/shreddit/,https://events.redditmedia.com/v2j,ShredditFrontend-v1,eW9vM3lhZW00VW9naDVleGFlZm9lcGhlZTZQaG9o,False,https://w3-reporting.reddit.com/reports,,,,,,,,,,,,,
,,,,,,,,,,,,,,,,,,,,https://9f057df6115a4bb488c08ea12a835e6e@error-tracking.reddit.com/o418887/5810803,True,production,,,,,,,,
,,,,,,,,,,,,,,,,,,enabled,,,,,enabled,enabled,enabled,enabled,enabled,enabled,enabled,enabled
,,,,,,,,,,,,,,,,,,,"['https://www.reddit.com/r/webscraping/t support constructed stylesheets. See https:/lit.dev/docs/api/LitElement/#LitElement.styles        window.litNonce = ', 'https://www.redditstatic.com/avatars/defaults/v2/avatar_default_7.png', 'https://www.redditstatic.com/avatars/defaults/v2/avatar_default_5.png', 'https://www.redditstatic.com/avatars/defaults/v2/avatar_default_0.png', 'https://www.redditstatic.com/avatars/defaults/v2/avatar_default_4.png', 'https://www.redditstatic.com/avatars/defaults/v2/avatar_default_3.png', 'https://www.redditstatic.com/avatars/defaults/v2/avatar_default_6.png']",,,,,,,,,,,
https://www.reddit.com,com.reddit.RedditAppleSSO,https://devvit-gateway.reddit.com,705819728788-b2c1kcs7tst3b7ghv7at0hkqmtc68ckl.apps.googleusercontent.com,https://www.redditstatic.com/shreddit/,False,client-manifest.json,https://www.redditstatic.com/,https://www.reddit.com,https://www.reddit.com,['https://www.redditstatic.com/'],https://www.redditstatic.com/js/concat,https://www.redditstatic.com/shreddit/,https://events.redditmedia.com/v2j,ShredditFrontend-v1,eW9vM3lhZW00VW9naDVleGFlZm9lcGhlZTZQaG9o,False,https://w3-reporting.reddit.com/reports,,,,,,,,,,,,,
,,,,,,,,,,,,,,,,,,,,https://9f057df6115a4bb488c08ea12a835e6e@error-tracking.reddit.com/o418887/5810803,True,production,,,,,,,,
,,,,,,,,,,,,,,,,,,enabled,,,,,enabled,enabled,enabled,enabled,enabled,enabled,enabled,enabled
,,,,,,,,,,,,,,,,,,,"['https://www.reddit.com/r/webscraping/t support constructed stylesheets. See https:/lit.dev/docs/api/LitElement/#LitElement.styles        window.litNonce = ', 'https://www.redditstatic.com/avatars/defaults/v2/avatar_default_7.png', 'https://www.redditstatic.com/avatars/defaults/v2/avatar_default_5.png', 'https://www.redditstatic.com/avatars/defaults/v2/avatar_default_0.png', 'https://www.redditstatic.com/avatars/defaults/v2/avatar_default_4.png', 'https://www.redditstatic.com/avatars/defaults/v2/avatar_default_3.png', 'https://www.redditstatic.com/avatars/defaults/v2/avatar_default_6.png']",,,,,,,,,,,
https://www.reddit.com,com.reddit.RedditAppleSSO,https://devvit-gateway.reddit.com,705819728788-b2c1kcs7tst3b7ghv7at0hkqmtc68ckl.apps.googleusercontent.com,https://www.redditstatic.com/shreddit/,False,client-manifest.json,https://www.redditstatic.com/,https://www.reddit.com,https://www.reddit.com,['https://www.redditstatic.com/'],https://www.redditstatic.com/js/concat,https://www.redditstatic.com/shreddit/,https://events.redditmedia.com/v2j,ShredditFrontend-v1,eW9vM3lhZW00VW9naDVleGFlZm9lcGhlZTZQaG9o,False,https://w3-reporting.reddit.com/reports,,,,,,,,,,,,,
,,,,,,,,,,,,,,,,,,,,https://9f057df6115a4bb488c08ea12a835e6e@error-tracking.reddit.com/o418887/5810803,True,production,,,,,,,,
,,,,,,,,,,,,,,,,,,enabled,,,,,enabled,enabled,enabled,enabled,enabled,enabled,enabled,enabled
,,,,,,,,,,,,,,,,,,,"['https://www.reddit.com/r/webscraping/t support constructed stylesheets. See https:/lit.dev/docs/api/LitElement/#LitElement.styles        window.litNonce = ', 'https://www.redditstatic.com/avatars/defaults/v2/avatar_default_7.png', 'https://www.redditstatic.com/avatars/defaults/v2/avatar_default_5.png', 'https://www.redditstatic.com/avatars/defaults/v2/avatar_default_0.png', 'https://www.redditstatic.com/avatars/defaults/v2/avatar_default_4.png', 'https://www.redditstatic.com/avatars/defaults/v2/avatar_default_3.png', 'https://www.redditstatic.com/avatars/defaults/v2/avatar_default_6.png']",,,,,,,,,,,
https://www.reddit.com,com.reddit.RedditAppleSSO,https://devvit-gateway.reddit.com,705819728788-b2c1kcs7tst3b7ghv7at0hkqmtc68ckl.apps.googleusercontent.com,https://www.redditstatic.com/shreddit/,False,client-manifest.json,https://www.redditstatic.com/,https://www.reddit.com,https://www.reddit.com,['https://www.redditstatic.com/'],https://www.redditstatic.com/js/concat,https://www.redditstatic.com/shreddit/,https://events.redditmedia.com/v2j,ShredditFrontend-v1,eW9vM3lhZW00VW9naDVleGFlZm9lcGhlZTZQaG9o,False,https://w3-reporting.reddit.com/reports,,,,,,,,,,,,,
,,,,,,,,,,,,,,,,,,,,https://9f057df6115a4bb488c08ea12a835e6e@error-tracking.reddit.com/o418887/5810803,True,production,,,,,,,,
,,,,,,,,,,,,,,,,,,enabled,,,,,enabled,enabled,enabled,enabled,enabled,enabled,enabled,enabled
,,,,,,,,,,,,,,,,,,,"['https://www.reddit.com/r/webscraping/t support constructed stylesheets. See https:/lit.dev/docs/api/LitElement/#LitElement.styles        window.litNonce = ', 'https://www.redditstatic.com/avatars/defaults/v2/avatar_default_7.png', 'https://www.redditstatic.com/avatars/defaults/v2/avatar_default_5.png', 'https://www.redditstatic.com/avatars/defaults/v2/avatar_default_0.png', 'https://www.redditstatic.com/avatars/defaults/v2/avatar_default_4.png', 'https://www.redditstatic.com/avatars/defaults/v2/avatar_default_3.png', 'https://www.redditstatic.com/avatars/defaults/v2/avatar_default_6.png']",,,,,,,,,,,
https://www.reddit.com,com.reddit.RedditAppleSSO,https://devvit-gateway.reddit.com,705819728788-b2c1kcs7tst3b7ghv7at0hkqmtc68ckl.apps.googleusercontent.com,https://www.redditstatic.com/shreddit/,False,client-manifest.json,https://www.redditstatic.com/,https://www.reddit.com,https://www.reddit.com,['https://www.redditstatic.com/'],https://www.redditstatic.com/js/concat,https://www.redditstatic.com/shreddit/,https://events.redditmedia.com/v2j,ShredditFrontend-v1,eW9vM3lhZW00VW9naDVleGFlZm9lcGhlZTZQaG9o,False,https://w3-reporting.reddit.com/reports,,,,,,,,,,,,,
,,,,,,,,,,,,,,,,,,,,https://9f057df6115a4bb488c08ea12a835e6e@error-tracking.reddit.com/o418887/5810803,True,production,,,,,,,,
,,,,,,,,,,,,,,,,,,enabled,,,,,enabled,enabled,enabled,enabled,enabled,enabled,enabled,enabled
,,,,,,,,,,,,,,,,,,,"['https://www.reddit.com/r/webscraping/t support constructed stylesheets. See https:/lit.dev/docs/api/LitElement/#LitElement.styles        window.litNonce = ', 'https://www.redditstatic.com/avatars/defaults/v2/avatar_default_7.png', 'https://www.redditstatic.com/avatars/defaults/v2/avatar_default_5.png', 'https://www.redditstatic.com/avatars/defaults/v2/avatar_default_0.png', 'https://www.redditstatic.com/avatars/defaults/v2/avatar_default_4.png', 'https://www.redditstatic.com/avatars/defaults/v2/avatar_default_3.png', 'https://www.redditstatic.com/avatars/defaults/v2/avatar_default_6.png']",,,,,,,,,,,
https://www.reddit.com,com.reddit.RedditAppleSSO,https://devvit-gateway.reddit.com,705819728788-b2c1kcs7tst3b7ghv7at0hkqmtc68ckl.apps.googleusercontent.com,https://www.redditstatic.com/shreddit/,False,client-manifest.json,https://www.redditstatic.com/,https://www.reddit.com,https://www.reddit.com,['https://www.redditstatic.com/'],https://www.redditstatic.com/js/concat,https://www.redditstatic.com/shreddit/,https://events.redditmedia.com/v2j,ShredditFrontend-v1,eW9vM3lhZW00VW9naDVleGFlZm9lcGhlZTZQaG9o,False,https://w3-reporting.reddit.com/reports,,,,,,,,,,,,,
,,,,,,,,,,,,,,,,,,,,https://9f057df6115a4bb488c08ea12a835e6e@error-tracking.reddit.com/o418887/5810803,True,production,,,,,,,,
,,,,,,,,,,,,,,,,,,enabled,,,,,enabled,enabled,enabled,enabled,enabled,enabled,enabled,enabled
,,,,,,,,,,,,,,,,,,,"['https://www.reddit.com/r/webscraping/t support constructed stylesheets. See https:/lit.dev/docs/api/LitElement/#LitElement.styles        window.litNonce = ', 'https://www.redditstatic.com/avatars/defaults/v2/avatar_default_7.png', 'https://www.redditstatic.com/avatars/defaults/v2/avatar_default_5.png', 'https://www.redditstatic.com/avatars/defaults/v2/avatar_default_0.png', 'https://www.redditstatic.com/avatars/defaults/v2/avatar_default_4.png', 'https://www.redditstatic.com/avatars/defaults/v2/avatar_default_3.png', 'https://www.redditstatic.com/avatars/defaults/v2/avatar_default_6.png']",,,,,,,,,,,
https://www.reddit.com,com.reddit.RedditAppleSSO,https://devvit-gateway.reddit.com,705819728788-b2c1kcs7tst3b7ghv7at0hkqmtc68ckl.apps.googleusercontent.com,https://www.redditstatic.com/shreddit/,False,client-manifest.json,https://www.redditstatic.com/,https://www.reddit.com,https://www.reddit.com,['https://www.redditstatic.com/'],https://www.redditstatic.com/js/concat,https://www.redditstatic.com/shreddit/,https://events.redditmedia.com/v2j,ShredditFrontend-v1,eW9vM3lhZW00VW9naDVleGFlZm9lcGhlZTZQaG9o,False,https://w3-reporting.reddit.com/reports,,,,,,,,,,,,,
,,,,,,,,,,,,,,,,,,,,https://9f057df6115a4bb488c08ea12a835e6e@error-tracking.reddit.com/o418887/5810803,True,production,,,,,,,,
,,,,,,,,,,,,,,,,,,enabled,,,,,enabled,enabled,enabled,enabled,enabled,enabled,enabled,enabled
,,,,,,,,,,,,,,,,,,,"['https://www.reddit.com/r/webscraping/t support constructed stylesheets. See https:/lit.dev/docs/api/LitElement/#LitElement.styles        window.litNonce = ', 'https://www.redditstatic.com/avatars/defaults/v2/avatar_default_7.png', 'https://www.redditstatic.com/avatars/defaults/v2/avatar_default_5.png', 'https://www.redditstatic.com/avatars/defaults/v2/avatar_default_0.png', 'https://www.redditstatic.com/avatars/defaults/v2/avatar_default_4.png', 'https://www.redditstatic.com/avatars/defaults/v2/avatar_default_3.png', 'https://www.redditstatic.com/avatars/defaults/v2/avatar_default_6.png']",,,,,,,,,,,
https://www.reddit.com,com.reddit.RedditAppleSSO,https://devvit-gateway.reddit.com,705819728788-b2c1kcs7tst3b7ghv7at0hkqmtc68ckl.apps.googleusercontent.com,https://www.redditstatic.com/shreddit/,False,client-manifest.json,https://www.redditstatic.com/,https://www.reddit.com,https://www.reddit.com,['https://www.redditstatic.com/'],https://www.redditstatic.com/js/concat,https://www.redditstatic.com/shreddit/,https://events.redditmedia.com/v2j,ShredditFrontend-v1,eW9vM3lhZW00VW9naDVleGFlZm9lcGhlZTZQaG9o,False,https://w3-reporting.reddit.com/reports,,,,,,,,,,,,,
,,,,,,,,,,,,,,,,,,,,https://9f057df6115a4bb488c08ea12a835e6e@error-tracking.reddit.com/o418887/5810803,True,production,,,,,,,,
,,,,,,,,,,,,,,,,,,enabled,,,,,enabled,enabled,enabled,enabled,enabled,enabled,enabled,enabled
,,,,,,,,,,,,,,,,,,,"['https://www.reddit.com/r/webscraping/t support constructed stylesheets. See https:/lit.dev/docs/api/LitElement/#LitElement.styles        window.litNonce = ', 'https://www.redditstatic.com/avatars/defaults/v2/avatar_default_7.png', 'https://www.redditstatic.com/avatars/defaults/v2/avatar_default_5.png', 'https://www.redditstatic.com/avatars/defaults/v2/avatar_default_3.png', 'https://www.redditstatic.com/avatars/defaults/v2/avatar_default_0.png', 'https://www.redditstatic.com/avatars/defaults/v2/avatar_default_4.png', 'https://www.redditstatic.com/avatars/defaults/v2/avatar_default_6.png']",,,,,,,,,,,
https://www.reddit.com,com.reddit.RedditAppleSSO,https://devvit-gateway.reddit.com,705819728788-b2c1kcs7tst3b7ghv7at0hkqmtc68ckl.apps.googleusercontent.com,https://www.redditstatic.com/shreddit/,False,client-manifest.json,https://www.redditstatic.com/,https://www.reddit.com,https://www.reddit.com,['https://www.redditstatic.com/'],https://www.redditstatic.com/js/concat,https://www.redditstatic.com/shreddit/,https://events.redditmedia.com/v2j,ShredditFrontend-v1,eW9vM3lhZW00VW9naDVleGFlZm9lcGhlZTZQaG9o,False,https://w3-reporting.reddit.com/reports,,,,,,,,,,,,,
,,,,,,,,,,,,,,,,,,,,https://9f057df6115a4bb488c08ea12a835e6e@error-tracking.reddit.com/o418887/5810803,True,production,,,,,,,,
,,,,,,,,,,,,,,,,,,enabled,,,,,enabled,enabled,enabled,enabled,enabled,enabled,enabled,enabled
,,,,,,,,,,,,,,,,,,,"['https://www.reddit.com/r/webscraping/t support constructed stylesheets. See https:/lit.dev/docs/api/LitElement/#LitElement.styles        window.litNonce = ', 'https://www.redditstatic.com/avatars/defaults/v2/avatar_default_7.png', 'https://www.redditstatic.com/avatars/defaults/v2/avatar_default_5.png', 'https://www.redditstatic.com/avatars/defaults/v2/avatar_default_0.png', 'https://www.redditstatic.com/avatars/defaults/v2/avatar_default_4.png', 'https://www.redditstatic.com/avatars/defaults/v2/avatar_default_3.png', 'https://www.redditstatic.com/avatars/defaults/v2/avatar_default_6.png']",,,,,,,,,,,
https://www.reddit.com,com.reddit.RedditAppleSSO,https://devvit-gateway.reddit.com,705819728788-b2c1kcs7tst3b7ghv7at0hkqmtc68ckl.apps.googleusercontent.com,https://www.redditstatic.com/shreddit/,False,client-manifest.json,https://www.redditstatic.com/,https://www.reddit.com,https://www.reddit.com,['https://www.redditstatic.com/'],https://www.redditstatic.com/js/concat,https://www.redditstatic.com/shreddit/,https://events.redditmedia.com/v2j,ShredditFrontend-v1,eW9vM3lhZW00VW9naDVleGFlZm9lcGhlZTZQaG9o,False,https://w3-reporting.reddit.com/reports,,,,,,,,,,,,,
,,,,,,,,,,,,,,,,,,,,https://9f057df6115a4bb488c08ea12a835e6e@error-tracking.reddit.com/o418887/5810803,True,production,,,,,,,,
,,,,,,,,,,,,,,,,,,enabled,,,,,enabled,enabled,enabled,enabled,enabled,enabled,enabled,enabled
,,,,,,,,,,,,,,,,,,,"['https://www.reddit.com/r/webscraping/t support constructed stylesheets. See https:/lit.dev/docs/api/LitElement/#LitElement.styles        window.litNonce = ', 'https://www.redditstatic.com/avatars/defaults/v2/avatar_default_7.png', 'https://www.redditstatic.com/avatars/defaults/v2/avatar_default_5.png', 'https://www.redditstatic.com/avatars/defaults/v2/avatar_default_0.png', 'https://www.redditstatic.com/avatars/defaults/v2/avatar_default_4.png', 'https://www.redditstatic.com/avatars/defaults/v2/avatar_default_3.png', 'https://www.redditstatic.com/avatars/defaults/v2/avatar_default_2.png', 'https://www.redditstatic.com/avatars/defaults/v2/avatar_default_6.png']",,,,,,,,,,,
https://www.reddit.com,com.reddit.RedditAppleSSO,https://devvit-gateway.reddit.com,705819728788-b2c1kcs7tst3b7ghv7at0hkqmtc68ckl.apps.googleusercontent.com,https://www.redditstatic.com/shreddit/,False,client-manifest.json,https://www.redditstatic.com/,https://www.reddit.com,https://www.reddit.com,['https://www.redditstatic.com/'],https://www.redditstatic.com/js/concat,https://www.redditstatic.com/shreddit/,https://events.redditmedia.com/v2j,ShredditFrontend-v1,eW9vM3lhZW00VW9naDVleGFlZm9lcGhlZTZQaG9o,False,https://w3-reporting.reddit.com/reports,,,,,,,,,,,,,
,,,,,,,,,,,,,,,,,,,,https://9f057df6115a4bb488c08ea12a835e6e@error-tracking.reddit.com/o418887/5810803,True,production,,,,,,,,
,,,,,,,,,,,,,,,,,,enabled,,,,,enabled,enabled,enabled,enabled,enabled,enabled,enabled,enabled
,,,,,,,,,,,,,,,,,,,"['https://www.reddit.com/r/webscraping/t support constructed stylesheets. See https:/lit.dev/docs/api/LitElement/#LitElement.styles        window.litNonce = ', 'https://www.redditstatic.com/avatars/defaults/v2/avatar_default_7.png', 'https://www.redditstatic.com/avatars/defaults/v2/avatar_default_5.png', 'https://www.redditstatic.com/avatars/defaults/v2/avatar_default_0.png', 'https://www.redditstatic.com/avatars/defaults/v2/avatar_default_4.png', 'https://www.redditstatic.com/avatars/defaults/v2/avatar_default_3.png', 'https://www.redditstatic.com/avatars/defaults/v2/avatar_default_6.png']",,,,,,,,,,,
https://www.reddit.com,com.reddit.RedditAppleSSO,https://devvit-gateway.reddit.com,705819728788-b2c1kcs7tst3b7ghv7at0hkqmtc68ckl.apps.googleusercontent.com,https://www.redditstatic.com/shreddit/,False,client-manifest.json,https://www.redditstatic.com/,https://www.reddit.com,https://www.reddit.com,['https://www.redditstatic.com/'],https://www.redditstatic.com/js/concat,https://www.redditstatic.com/shreddit/,https://events.redditmedia.com/v2j,ShredditFrontend-v1,eW9vM3lhZW00VW9naDVleGFlZm9lcGhlZTZQaG9o,False,https://w3-reporting.reddit.com/reports,,,,,,,,,,,,,
,,,,,,,,,,,,,,,,,,,,https://9f057df6115a4bb488c08ea12a835e6e@error-tracking.reddit.com/o418887/5810803,True,production,,,,,,,,
,,,,,,,,,,,,,,,,,,enabled,,,,,enabled,enabled,enabled,enabled,enabled,enabled,enabled,enabled
,,,,,,,,,,,,,,,,,,,"['https://www.reddit.com/r/webscraping/t support constructed stylesheets. See https:/lit.dev/docs/api/LitElement/#LitElement.styles        window.litNonce = ', 'https://www.redditstatic.com/avatars/defaults/v2/avatar_default_7.png', 'https://www.redditstatic.com/avatars/defaults/v2/avatar_default_5.png', 'https://www.redditstatic.com/avatars/defaults/v2/avatar_default_0.png', 'https://www.redditstatic.com/avatars/defaults/v2/avatar_default_4.png', 'https://www.redditstatic.com/avatars/defaults/v2/avatar_default_3.png', 'https://www.redditstatic.com/avatars/defaults/v2/avatar_default_6.png']",,,,,,,,,,,
https://www.reddit.com,com.reddit.RedditAppleSSO,https://devvit-gateway.reddit.com,705819728788-b2c1kcs7tst3b7ghv7at0hkqmtc68ckl.apps.googleusercontent.com,https://www.redditstatic.com/shreddit/,False,client-manifest.json,https://www.redditstatic.com/,https://www.reddit.com,https://www.reddit.com,['https://www.redditstatic.com/'],https://www.redditstatic.com/js/concat,https://www.redditstatic.com/shreddit/,https://events.redditmedia.com/v2j,ShredditFrontend-v1,eW9vM3lhZW00VW9naDVleGFlZm9lcGhlZTZQaG9o,False,https://w3-reporting.reddit.com/reports,,,,,,,,,,,,,
,,,,,,,,,,,,,,,,,,,,https://9f057df6115a4bb488c08ea12a835e6e@error-tracking.reddit.com/o418887/5810803,True,production,,,,,,,,
,,,,,,,,,,,,,,,,,,enabled,,,,,enabled,enabled,enabled,enabled,enabled,enabled,enabled,enabled
,,,,,,,,,,,,,,,,,,,"['https://www.reddit.com/r/webscraping/t support constructed stylesheets. See https:/lit.dev/docs/api/LitElement/#LitElement.styles        window.litNonce = ', 'https://www.redditstatic.com/avatars/defaults/v2/avatar_default_7.png', 'https://www.redditstatic.com/avatars/defaults/v2/avatar_default_5.png', 'https://www.redditstatic.com/avatars/defaults/v2/avatar_default_0.png', 'https://www.redditstatic.com/avatars/defaults/v2/avatar_default_4.png', 'https://www.redditstatic.com/avatars/defaults/v2/avatar_default_3.png', 'https://www.redditstatic.com/avatars/defaults/v2/avatar_default_6.png']",,,,,,,,,,,
https://www.reddit.com,com.reddit.RedditAppleSSO,https://devvit-gateway.reddit.com,705819728788-b2c1kcs7tst3b7ghv7at0hkqmtc68ckl.apps.googleusercontent.com,https://www.redditstatic.com/shreddit/,False,client-manifest.json,https://www.redditstatic.com/,https://www.reddit.com,https://www.reddit.com,['https://www.redditstatic.com/'],https://www.redditstatic.com/js/concat,https://www.redditstatic.com/shreddit/,https://events.redditmedia.com/v2j,ShredditFrontend-v1,eW9vM3lhZW00VW9naDVleGFlZm9lcGhlZTZQaG9o,False,https://w3-reporting.reddit.com/reports,,,,,,,,,,,,,
,,,,,,,,,,,,,,,,,,,,https://9f057df6115a4bb488c08ea12a835e6e@error-tracking.reddit.com/o418887/5810803,True,production,,,,,,,,
,,,,,,,,,,,,,,,,,,enabled,,,,,enabled,enabled,enabled,enabled,enabled,enabled,enabled,enabled
,,,,,,,,,,,,,,,,,,,"['https://www.reddit.com/r/webscraping/t support constructed stylesheets. See https:/lit.dev/docs/api/LitElement/#LitElement.styles        window.litNonce = ', 'https://www.redditstatic.com/avatars/defaults/v2/avatar_default_7.png', 'https://www.redditstatic.com/avatars/defaults/v2/avatar_default_5.png', 'https://www.redditstatic.com/avatars/defaults/v2/avatar_default_0.png', 'https://www.redditstatic.com/avatars/defaults/v2/avatar_default_4.png', 'https://www.redditstatic.com/avatars/defaults/v2/avatar_default_3.png', 'https://www.redditstatic.com/avatars/defaults/v2/avatar_default_6.png']",,,,,,,,,,,
https://www.reddit.com,com.reddit.RedditAppleSSO,https://devvit-gateway.reddit.com,705819728788-b2c1kcs7tst3b7ghv7at0hkqmtc68ckl.apps.googleusercontent.com,https://www.redditstatic.com/shreddit/,False,client-manifest.json,https://www.redditstatic.com/,https://www.reddit.com,https://www.reddit.com,['https://www.redditstatic.com/'],https://www.redditstatic.com/js/concat,https://www.redditstatic.com/shreddit/,https://events.redditmedia.com/v2j,ShredditFrontend-v1,eW9vM3lhZW00VW9naDVleGFlZm9lcGhlZTZQaG9o,False,https://w3-reporting.reddit.com/reports,,,,,,,,,,,,,
,,,,,,,,,,,,,,,,,,,,https://9f057df6115a4bb488c08ea12a835e6e@error-tracking.reddit.com/o418887/5810803,True,production,,,,,,,,
,,,,,,,,,,,,,,,,,,enabled,,,,,enabled,enabled,enabled,enabled,enabled,enabled,enabled,enabled
,,,,,,,,,,,,,,,,,,,"['https://www.reddit.com/r/webscraping/t support constructed stylesheets. See https:/lit.dev/docs/api/LitElement/#LitElement.styles        window.litNonce = ', 'https://www.redditstatic.com/avatars/defaults/v2/avatar_default_7.png', 'https://www.redditstatic.com/avatars/defaults/v2/avatar_default_5.png', 'https://www.redditstatic.com/avatars/defaults/v2/avatar_default_0.png', 'https://www.redditstatic.com/avatars/defaults/v2/avatar_default_4.png', 'https://www.redditstatic.com/avatars/defaults/v2/avatar_default_3.png', 'https://www.redditstatic.com/avatars/defaults/v2/avatar_default_6.png']",,,,,,,,,,,
https://www.reddit.com,com.reddit.RedditAppleSSO,https://devvit-gateway.reddit.com,705819728788-b2c1kcs7tst3b7ghv7at0hkqmtc68ckl.apps.googleusercontent.com,https://www.redditstatic.com/shreddit/,False,client-manifest.json,https://www.redditstatic.com/,https://www.reddit.com,https://www.reddit.com,['https://www.redditstatic.com/'],https://www.redditstatic.com/js/concat,https://www.redditstatic.com/shreddit/,https://events.redditmedia.com/v2j,ShredditFrontend-v1,eW9vM3lhZW00VW9naDVleGFlZm9lcGhlZTZQaG9o,False,https://w3-reporting.reddit.com/reports,,,,,,,,,,,,,
,,,,,,,,,,,,,,,,,,,,https://9f057df6115a4bb488c08ea12a835e6e@error-tracking.reddit.com/o418887/5810803,True,production,,,,,,,,
,,,,,,,,,,,,,,,,,,enabled,,,,,enabled,enabled,enabled,enabled,enabled,enabled,enabled,enabled
,,,,,,,,,,,,,,,,,,,"['https://www.reddit.com/r/webscraping/t support constructed stylesheets. See https:/lit.dev/docs/api/LitElement/#LitElement.styles        window.litNonce = ', 'https://www.redditstatic.com/avatars/defaults/v2/avatar_default_7.png', 'https://www.redditstatic.com/avatars/defaults/v2/avatar_default_5.png', 'https://www.redditstatic.com/avatars/defaults/v2/avatar_default_0.png', 'https://www.redditstatic.com/avatars/defaults/v2/avatar_default_4.png', 'https://www.redditstatic.com/avatars/defaults/v2/avatar_default_3.png', 'https://www.redditstatic.com/avatars/defaults/v2/avatar_default_6.png']",,,,,,,,,,,
https://www.reddit.com,com.reddit.RedditAppleSSO,https://devvit-gateway.reddit.com,705819728788-b2c1kcs7tst3b7ghv7at0hkqmtc68ckl.apps.googleusercontent.com,https://www.redditstatic.com/shreddit/,False,client-manifest.json,https://www.redditstatic.com/,https://www.reddit.com,https://www.reddit.com,['https://www.redditstatic.com/'],https://www.redditstatic.com/js/concat,https://www.redditstatic.com/shreddit/,https://events.redditmedia.com/v2j,ShredditFrontend-v1,eW9vM3lhZW00VW9naDVleGFlZm9lcGhlZTZQaG9o,False,https://w3-reporting.reddit.com/reports,,,,,,,,,,,,,
,,,,,,,,,,,,,,,,,,,,https://9f057df6115a4bb488c08ea12a835e6e@error-tracking.reddit.com/o418887/5810803,True,production,,,,,,,,
,,,,,,,,,,,,,,,,,,enabled,,,,,enabled,enabled,enabled,enabled,enabled,enabled,enabled,enabled
,,,,,,,,,,,,,,,,,,,"['https://www.reddit.com/r/webscraping/t support constructed stylesheets. See https:/lit.dev/docs/api/LitElement/#LitElement.styles        window.litNonce = ', 'https://www.redditstatic.com/avatars/defaults/v2/avatar_default_7.png', 'https://www.redditstatic.com/avatars/defaults/v2/avatar_default_5.png', 'https://www.redditstatic.com/avatars/defaults/v2/avatar_default_0.png', 'https://www.redditstatic.com/avatars/defaults/v2/avatar_default_4.png', 'https://www.redditstatic.com/avatars/defaults/v2/avatar_default_3.png', 'https://www.redditstatic.com/avatars/defaults/v2/avatar_default_6.png']",,,,,,,,,,,
https://www.reddit.com,com.reddit.RedditAppleSSO,https://devvit-gateway.reddit.com,705819728788-b2c1kcs7tst3b7ghv7at0hkqmtc68ckl.apps.googleusercontent.com,https://www.redditstatic.com/shreddit/,False,client-manifest.json,https://www.redditstatic.com/,https://www.reddit.com,https://www.reddit.com,['https://www.redditstatic.com/'],https://www.redditstatic.com/js/concat,https://www.redditstatic.com/shreddit/,https://events.redditmedia.com/v2j,ShredditFrontend-v1,eW9vM3lhZW00VW9naDVleGFlZm9lcGhlZTZQaG9o,False,https://w3-reporting.reddit.com/reports,,,,,,,,,,,,,
,,,,,,,,,,,,,,,,,,,,https://9f057df6115a4bb488c08ea12a835e6e@error-tracking.reddit.com/o418887/5810803,True,production,,,,,,,,
,,,,,,,,,,,,,,,,,,enabled,,,,,enabled,enabled,enabled,enabled,enabled,enabled,enabled,enabled
,,,,,,,,,,,,,,,,,,,"['https://www.reddit.com/r/webscraping/t support constructed stylesheets. See https:/lit.dev/docs/api/LitElement/#LitElement.styles        window.litNonce = ', 'https://www.redditstatic.com/avatars/defaults/v2/avatar_default_7.png', 'https://www.redditstatic.com/avatars/defaults/v2/avatar_default_5.png', 'https://www.redditstatic.com/avatars/defaults/v2/avatar_default_0.png', 'https://www.redditstatic.com/avatars/defaults/v2/avatar_default_4.png', 'https://www.redditstatic.com/avatars/defaults/v2/avatar_default_3.png', 'https://www.redditstatic.com/avatars/defaults/v2/avatar_default_6.png']",,,,,,,,,,,
https://www.reddit.com,com.reddit.RedditAppleSSO,https://devvit-gateway.reddit.com,705819728788-b2c1kcs7tst3b7ghv7at0hkqmtc68ckl.apps.googleusercontent.com,https://www.redditstatic.com/shreddit/,False,client-manifest.json,https://www.redditstatic.com/,https://www.reddit.com,https://www.reddit.com,['https://www.redditstatic.com/'],https://www.redditstatic.com/js/concat,https://www.redditstatic.com/shreddit/,https://events.redditmedia.com/v2j,ShredditFrontend-v1,eW9vM3lhZW00VW9naDVleGFlZm9lcGhlZTZQaG9o,False,https://w3-reporting.reddit.com/reports,,,,,,,,,,,,,
,,,,,,,,,,,,,,,,,,,,https://9f057df6115a4bb488c08ea12a835e6e@error-tracking.reddit.com/o418887/5810803,True,production,,,,,,,,
,,,,,,,,,,,,,,,,,,enabled,,,,,enabled,enabled,enabled,enabled,enabled,enabled,enabled,enabled
,,,,,,,,,,,,,,,,,,,"['https://www.reddit.com/r/webscraping/t support constructed stylesheets. See https:/lit.dev/docs/api/LitElement/#LitElement.styles        window.litNonce = ', 'https://www.redditstatic.com/avatars/defaults/v2/avatar_default_7.png', 'https://www.redditstatic.com/avatars/defaults/v2/avatar_default_5.png', 'https://www.redditstatic.com/avatars/defaults/v2/avatar_default_0.png', 'https://www.redditstatic.com/avatars/defaults/v2/avatar_default_4.png', 'https://www.redditstatic.com/avatars/defaults/v2/avatar_default_3.png', 'https://www.redditstatic.com/avatars/defaults/v2/avatar_default_6.png']",,,,,,,,,,,
https://www.reddit.com,com.reddit.RedditAppleSSO,https://devvit-gateway.reddit.com,705819728788-b2c1kcs7tst3b7ghv7at0hkqmtc68ckl.apps.googleusercontent.com,https://www.redditstatic.com/shreddit/,False,client-manifest.json,https://www.redditstatic.com/,https://www.reddit.com,https://www.reddit.com,['https://www.redditstatic.com/'],https://www.redditstatic.com/js/concat,https://www.redditstatic.com/shreddit/,https://events.redditmedia.com/v2j,ShredditFrontend-v1,eW9vM3lhZW00VW9naDVleGFlZm9lcGhlZTZQaG9o,False,https://w3-reporting.reddit.com/reports,,,,,,,,,,,,,
,,,,,,,,,,,,,,,,,,,,https://9f057df6115a4bb488c08ea12a835e6e@error-tracking.reddit.com/o418887/5810803,True,production,,,,,,,,
,,,,,,,,,,,,,,,,,,enabled,,,,,enabled,enabled,enabled,enabled,enabled,enabled,enabled,enabled
,,,,,,,,,,,,,,,,,,,"['https://www.reddit.com/r/webscraping/t support constructed stylesheets. See https:/lit.dev/docs/api/LitElement/#LitElement.styles        window.litNonce = ', 'https://www.redditstatic.com/avatars/defaults/v2/avatar_default_7.png', 'https://www.redditstatic.com/avatars/defaults/v2/avatar_default_5.png', 'https://www.redditstatic.com/avatars/defaults/v2/avatar_default_0.png', 'https://www.redditstatic.com/avatars/defaults/v2/avatar_default_4.png', 'https://www.redditstatic.com/avatars/defaults/v2/avatar_default_3.png', 'https://www.redditstatic.com/avatars/defaults/v2/avatar_default_6.png']",,,,,,,,,,,
https://www.reddit.com,com.reddit.RedditAppleSSO,https://devvit-gateway.reddit.com,705819728788-b2c1kcs7tst3b7ghv7at0hkqmtc68ckl.apps.googleusercontent.com,https://www.redditstatic.com/shreddit/,False,client-manifest.json,https://www.redditstatic.com/,https://www.reddit.com,https://www.reddit.com,['https://www.redditstatic.com/'],https://www.redditstatic.com/js/concat,https://www.redditstatic.com/shreddit/,https://events.redditmedia.com/v2j,ShredditFrontend-v1,eW9vM3lhZW00VW9naDVleGFlZm9lcGhlZTZQaG9o,False,https://w3-reporting.reddit.com/reports,,,,,,,,,,,,,
,,,,,,,,,,,,,,,,,,,,https://9f057df6115a4bb488c08ea12a835e6e@error-tracking.reddit.com/o418887/5810803,True,production,,,,,,,,
,,,,,,,,,,,,,,,,,,enabled,,,,,enabled,enabled,enabled,enabled,enabled,enabled,enabled,enabled
,,,,,,,,,,,,,,,,,,,"['https://www.reddit.com/r/webscraping/t support constructed stylesheets. See https:/lit.dev/docs/api/LitElement/#LitElement.styles        window.litNonce = ', 'https://www.redditstatic.com/avatars/defaults/v2/avatar_default_7.png', 'https://www.redditstatic.com/avatars/defaults/v2/avatar_default_5.png', 'https://www.redditstatic.com/avatars/defaults/v2/avatar_default_0.png', 'https://www.redditstatic.com/avatars/defaults/v2/avatar_default_4.png', 'https://www.redditstatic.com/avatars/defaults/v2/avatar_default_3.png', 'https://www.redditstatic.com/avatars/defaults/v2/avatar_default_6.png']",,,,,,,,,,,
https://www.reddit.com,com.reddit.RedditAppleSSO,https://devvit-gateway.reddit.com,705819728788-b2c1kcs7tst3b7ghv7at0hkqmtc68ckl.apps.googleusercontent.com,https://www.redditstatic.com/shreddit/,False,client-manifest.json,https://www.redditstatic.com/,https://www.reddit.com,https://www.reddit.com,['https://www.redditstatic.com/'],https://www.redditstatic.com/js/concat,https://www.redditstatic.com/shreddit/,https://events.redditmedia.com/v2j,ShredditFrontend-v1,eW9vM3lhZW00VW9naDVleGFlZm9lcGhlZTZQaG9o,False,https://w3-reporting.reddit.com/reports,,,,,,,,,,,,,
,,,,,,,,,,,,,,,,,,,,https://9f057df6115a4bb488c08ea12a835e6e@error-tracking.reddit.com/o418887/5810803,True,production,,,,,,,,
,,,,,,,,,,,,,,,,,,enabled,,,,,enabled,enabled,enabled,enabled,enabled,enabled,enabled,enabled
,,,,,,,,,,,,,,,,,,,"['https://www.reddit.com/r/webscraping/t support constructed stylesheets. See https:/lit.dev/docs/api/LitElement/#LitElement.styles        window.litNonce = ', 'https://www.redditstatic.com/avatars/defaults/v2/avatar_default_7.png', 'https://www.redditstatic.com/avatars/defaults/v2/avatar_default_5.png', 'https://www.redditstatic.com/avatars/defaults/v2/avatar_default_0.png', 'https://www.redditstatic.com/avatars/defaults/v2/avatar_default_4.png', 'https://www.redditstatic.com/avatars/defaults/v2/avatar_default_3.png', 'https://www.redditstatic.com/avatars/defaults/v2/avatar_default_6.png']",,,,,,,,,,,
https://www.reddit.com,com.reddit.RedditAppleSSO,https://devvit-gateway.reddit.com,705819728788-b2c1kcs7tst3b7ghv7at0hkqmtc68ckl.apps.googleusercontent.com,https://www.redditstatic.com/shreddit/,False,client-manifest.json,https://www.redditstatic.com/,https://www.reddit.com,https://www.reddit.com,['https://www.redditstatic.com/'],https://www.redditstatic.com/js/concat,https://www.redditstatic.com/shreddit/,https://events.redditmedia.com/v2j,ShredditFrontend-v1,eW9vM3lhZW00VW9naDVleGFlZm9lcGhlZTZQaG9o,False,https://w3-reporting.reddit.com/reports,,,,,,,,,,,,,
,,,,,,,,,,,,,,,,,,,,https://9f057df6115a4bb488c08ea12a835e6e@error-tracking.reddit.com/o418887/5810803,True,production,,,,,,,,
,,,,,,,,,,,,,,,,,,enabled,,,,,enabled,enabled,enabled,enabled,enabled,enabled,enabled,enabled
,,,,,,,,,,,,,,,,,,,"['https://www.reddit.com/r/webscraping/t support constructed stylesheets. See https:/lit.dev/docs/api/LitElement/#LitElement.styles        window.litNonce = ', 'https://www.redditstatic.com/avatars/defaults/v2/avatar_default_7.png', 'https://www.redditstatic.com/avatars/defaults/v2/avatar_default_5.png', 'https://www.redditstatic.com/avatars/defaults/v2/avatar_default_0.png', 'https://www.redditstatic.com/avatars/defaults/v2/avatar_default_4.png', 'https://www.redditstatic.com/avatars/defaults/v2/avatar_default_3.png', 'https://www.redditstatic.com/avatars/defaults/v2/avatar_default_6.png']",,,,,,,,,,,
https://www.reddit.com,com.reddit.RedditAppleSSO,https://devvit-gateway.reddit.com,705819728788-b2c1kcs7tst3b7ghv7at0hkqmtc68ckl.apps.googleusercontent.com,https://www.redditstatic.com/shreddit/,False,client-manifest.json,https://www.redditstatic.com/,https://www.reddit.com,https://www.reddit.com,['https://www.redditstatic.com/'],https://www.redditstatic.com/js/concat,https://www.redditstatic.com/shreddit/,https://events.redditmedia.com/v2j,ShredditFrontend-v1,eW9vM3lhZW00VW9naDVleGFlZm9lcGhlZTZQaG9o,False,https://w3-reporting.reddit.com/reports,,,,,,,,,,,,,
,,,,,,,,,,,,,,,,,,,,https://9f057df6115a4bb488c08ea12a835e6e@error-tracking.reddit.com/o418887/5810803,True,production,,,,,,,,
,,,,,,,,,,,,,,,,,,enabled,,,,,enabled,enabled,enabled,enabled,enabled,enabled,enabled,enabled
,,,,,,,,,,,,,,,,,,,"['https://www.reddit.com/r/webscraping/t support constructed stylesheets. See https:/lit.dev/docs/api/LitElement/#LitElement.styles        window.litNonce = ', 'https://www.redditstatic.com/avatars/defaults/v2/avatar_default_7.png', 'https://www.redditstatic.com/avatars/defaults/v2/avatar_default_5.png', 'https://www.redditstatic.com/avatars/defaults/v2/avatar_default_1.png', 'https://www.redditstatic.com/avatars/defaults/v2/avatar_default_0.png', 'https://www.redditstatic.com/avatars/defaults/v2/avatar_default_4.png', 'https://www.redditstatic.com/avatars/defaults/v2/avatar_default_3.png', 'https://www.redditstatic.com/avatars/defaults/v2/avatar_default_6.png']",,,,,,,,,,,
https://www.reddit.com,com.reddit.RedditAppleSSO,https://devvit-gateway.reddit.com,705819728788-b2c1kcs7tst3b7ghv7at0hkqmtc68ckl.apps.googleusercontent.com,https://www.redditstatic.com/shreddit/,False,client-manifest.json,https://www.redditstatic.com/,https://www.reddit.com,https://www.reddit.com,['https://www.redditstatic.com/'],https://www.redditstatic.com/js/concat,https://www.redditstatic.com/shreddit/,https://events.redditmedia.com/v2j,ShredditFrontend-v1,eW9vM3lhZW00VW9naDVleGFlZm9lcGhlZTZQaG9o,False,https://w3-reporting.reddit.com/reports,,,,,,,,,,,,,
,,,,,,,,,,,,,,,,,,,,https://9f057df6115a4bb488c08ea12a835e6e@error-tracking.reddit.com/o418887/5810803,True,production,,,,,,,,
,,,,,,,,,,,,,,,,,,enabled,,,,,enabled,enabled,enabled,enabled,enabled,enabled,enabled,enabled
,,,,,,,,,,,,,,,,,,,"['https://www.reddit.com/r/webscraping/t support constructed stylesheets. See https:/lit.dev/docs/api/LitElement/#LitElement.styles        window.litNonce = ', 'https://www.redditstatic.com/avatars/defaults/v2/avatar_default_7.png', 'https://www.redditstatic.com/avatars/defaults/v2/avatar_default_5.png', 'https://www.redditstatic.com/avatars/defaults/v2/avatar_default_0.png', 'https://www.redditstatic.com/avatars/defaults/v2/avatar_default_4.png', 'https://www.redditstatic.com/avatars/defaults/v2/avatar_default_3.png', 'https://www.redditstatic.com/avatars/defaults/v2/avatar_default_6.png']",,,,,,,,,,,
https://www.reddit.com,com.reddit.RedditAppleSSO,https://devvit-gateway.reddit.com,705819728788-b2c1kcs7tst3b7ghv7at0hkqmtc68ckl.apps.googleusercontent.com,https://www.redditstatic.com/shreddit/,False,client-manifest.json,https://www.redditstatic.com/,https://www.reddit.com,https://www.reddit.com,['https://www.redditstatic.com/'],https://www.redditstatic.com/js/concat,https://www.redditstatic.com/shreddit/,https://events.redditmedia.com/v2j,ShredditFrontend-v1,eW9vM3lhZW00VW9naDVleGFlZm9lcGhlZTZQaG9o,False,https://w3-reporting.reddit.com/reports,,,,,,,,,,,,,
,,,,,,,,,,,,,,,,,,,,https://9f057df6115a4bb488c08ea12a835e6e@error-tracking.reddit.com/o418887/5810803,True,production,,,,,,,,
,,,,,,,,,,,,,,,,,,enabled,,,,,enabled,enabled,enabled,enabled,enabled,enabled,enabled,enabled
,,,,,,,,,,,,,,,,,,,"['https://www.reddit.com/r/webscraping/t support constructed stylesheets. See https:/lit.dev/docs/api/LitElement/#LitElement.styles        window.litNonce = ', 'https://www.redditstatic.com/avatars/defaults/v2/avatar_default_7.png', 'https://www.redditstatic.com/avatars/defaults/v2/avatar_default_5.png', 'https://www.redditstatic.com/avatars/defaults/v2/avatar_default_0.png', 'https://www.redditstatic.com/avatars/defaults/v2/avatar_default_6.png', 'https://www.redditstatic.com/avatars/defaults/v2/avatar_default_4.png', 'https://www.redditstatic.com/avatars/defaults/v2/avatar_default_3.png']",,,,,,,,,,,
https://www.reddit.com,com.reddit.RedditAppleSSO,https://devvit-gateway.reddit.com,705819728788-b2c1kcs7tst3b7ghv7at0hkqmtc68ckl.apps.googleusercontent.com,https://www.redditstatic.com/shreddit/,False,client-manifest.json,https://www.redditstatic.com/,https://www.reddit.com,https://www.reddit.com,['https://www.redditstatic.com/'],https://www.redditstatic.com/js/concat,https://www.redditstatic.com/shreddit/,https://events.redditmedia.com/v2j,ShredditFrontend-v1,eW9vM3lhZW00VW9naDVleGFlZm9lcGhlZTZQaG9o,False,https://w3-reporting.reddit.com/reports,,,,,,,,,,,,,
,,,,,,,,,,,,,,,,,,,,https://9f057df6115a4bb488c08ea12a835e6e@error-tracking.reddit.com/o418887/5810803,True,production,,,,,,,,
,,,,,,,,,,,,,,,,,,enabled,,,,,enabled,enabled,enabled,enabled,enabled,enabled,enabled,enabled
,,,,,,,,,,,,,,,,,,,"['https://www.reddit.com/r/webscraping/t support constructed stylesheets. See https:/lit.dev/docs/api/LitElement/#LitElement.styles        window.litNonce = ', 'https://www.redditstatic.com/avatars/defaults/v2/avatar_default_4.png', 'https://www.redditstatic.com/avatars/defaults/v2/avatar_default_7.png', 'https://www.redditstatic.com/avatars/defaults/v2/avatar_default_5.png', 'https://www.redditstatic.com/avatars/defaults/v2/avatar_default_0.png', 'https://www.redditstatic.com/avatars/defaults/v2/avatar_default_3.png', 'https://www.redditstatic.com/avatars/defaults/v2/avatar_default_6.png']",,,,,,,,,,,
https://www.reddit.com,com.reddit.RedditAppleSSO,https://devvit-gateway.reddit.com,705819728788-b2c1kcs7tst3b7ghv7at0hkqmtc68ckl.apps.googleusercontent.com,https://www.redditstatic.com/shreddit/,False,client-manifest.json,https://www.redditstatic.com/,https://www.reddit.com,https://www.reddit.com,['https://www.redditstatic.com/'],https://www.redditstatic.com/js/concat,https://www.redditstatic.com/shreddit/,https://events.redditmedia.com/v2j,ShredditFrontend-v1,eW9vM3lhZW00VW9naDVleGFlZm9lcGhlZTZQaG9o,False,https://w3-reporting.reddit.com/reports,,,,,,,,,,,,,
,,,,,,,,,,,,,,,,,,,,https://9f057df6115a4bb488c08ea12a835e6e@error-tracking.reddit.com/o418887/5810803,True,production,,,,,,,,
,,,,,,,,,,,,,,,,,,enabled,,,,,enabled,enabled,enabled,enabled,enabled,enabled,enabled,enabled
,,,,,,,,,,,,,,,,,,,"['https://www.reddit.com/r/webscraping/t support constructed stylesheets. See https:/lit.dev/docs/api/LitElement/#LitElement.styles        window.litNonce = ', 'https://www.redditstatic.com/avatars/defaults/v2/avatar_default_7.png', 'https://www.redditstatic.com/avatars/defaults/v2/avatar_default_5.png', 'https://www.redditstatic.com/avatars/defaults/v2/avatar_default_0.png', 'https://www.redditstatic.com/avatars/defaults/v2/avatar_default_4.png', 'https://www.redditstatic.com/avatars/defaults/v2/avatar_default_3.png', 'https://www.redditstatic.com/avatars/defaults/v2/avatar_default_6.png']",,,,,,,,,,,
https://www.reddit.com,com.reddit.RedditAppleSSO,https://devvit-gateway.reddit.com,705819728788-b2c1kcs7tst3b7ghv7at0hkqmtc68ckl.apps.googleusercontent.com,https://www.redditstatic.com/shreddit/,False,client-manifest.json,https://www.redditstatic.com/,https://www.reddit.com,https://www.reddit.com,['https://www.redditstatic.com/'],https://www.redditstatic.com/js/concat,https://www.redditstatic.com/shreddit/,https://events.redditmedia.com/v2j,ShredditFrontend-v1,eW9vM3lhZW00VW9naDVleGFlZm9lcGhlZTZQaG9o,False,https://w3-reporting.reddit.com/reports,,,,,,,,,,,,,
,,,,,,,,,,,,,,,,,,,,https://9f057df6115a4bb488c08ea12a835e6e@error-tracking.reddit.com/o418887/5810803,True,production,,,,,,,,
,,,,,,,,,,,,,,,,,,enabled,,,,,enabled,enabled,enabled,enabled,enabled,enabled,enabled,enabled
,,,,,,,,,,,,,,,,,,,"['https://www.reddit.com/r/webscraping/t support constructed stylesheets. See https:/lit.dev/docs/api/LitElement/#LitElement.styles        window.litNonce = ', 'https://www.redditstatic.com/avatars/defaults/v2/avatar_default_7.png', 'https://www.redditstatic.com/avatars/defaults/v2/avatar_default_5.png', 'https://www.redditstatic.com/avatars/defaults/v2/avatar_default_0.png', 'https://www.redditstatic.com/avatars/defaults/v2/avatar_default_4.png', 'https://www.redditstatic.com/avatars/defaults/v2/avatar_default_3.png', 'https://www.redditstatic.com/avatars/defaults/v2/avatar_default_6.png']",,,,,,,,,,,
https://www.reddit.com,com.reddit.RedditAppleSSO,https://devvit-gateway.reddit.com,705819728788-b2c1kcs7tst3b7ghv7at0hkqmtc68ckl.apps.googleusercontent.com,https://www.redditstatic.com/shreddit/,False,client-manifest.json,https://www.redditstatic.com/,https://www.reddit.com,https://www.reddit.com,['https://www.redditstatic.com/'],https://www.redditstatic.com/js/concat,https://www.redditstatic.com/shreddit/,https://events.redditmedia.com/v2j,ShredditFrontend-v1,eW9vM3lhZW00VW9naDVleGFlZm9lcGhlZTZQaG9o,False,https://w3-reporting.reddit.com/reports,,,,,,,,,,,,,
,,,,,,,,,,,,,,,,,,,,https://9f057df6115a4bb488c08ea12a835e6e@error-tracking.reddit.com/o418887/5810803,True,production,,,,,,,,
,,,,,,,,,,,,,,,,,,enabled,,,,,enabled,enabled,enabled,enabled,enabled,enabled,enabled,enabled
,,,,,,,,,,,,,,,,,,,"['https://www.reddit.com/r/webscraping/t support constructed stylesheets. See https:/lit.dev/docs/api/LitElement/#LitElement.styles        window.litNonce = ', 'https://www.redditstatic.com/avatars/defaults/v2/avatar_default_7.png', 'https://www.redditstatic.com/avatars/defaults/v2/avatar_default_5.png', 'https://www.redditstatic.com/avatars/defaults/v2/avatar_default_0.png', 'https://www.redditstatic.com/avatars/defaults/v2/avatar_default_4.png', 'https://www.redditstatic.com/avatars/defaults/v2/avatar_default_3.png', 'https://www.redditstatic.com/avatars/defaults/v2/avatar_default_6.png']",,,,,,,,,,,
https://www.reddit.com,com.reddit.RedditAppleSSO,https://devvit-gateway.reddit.com,705819728788-b2c1kcs7tst3b7ghv7at0hkqmtc68ckl.apps.googleusercontent.com,https://www.redditstatic.com/shreddit/,False,client-manifest.json,https://www.redditstatic.com/,https://www.reddit.com,https://www.reddit.com,['https://www.redditstatic.com/'],https://www.redditstatic.com/js/concat,https://www.redditstatic.com/shreddit/,https://events.redditmedia.com/v2j,ShredditFrontend-v1,eW9vM3lhZW00VW9naDVleGFlZm9lcGhlZTZQaG9o,False,https://w3-reporting.reddit.com/reports,,,,,,,,,,,,,
,,,,,,,,,,,,,,,,,,,,https://9f057df6115a4bb488c08ea12a835e6e@error-tracking.reddit.com/o418887/5810803,True,production,,,,,,,,
,,,,,,,,,,,,,,,,,,enabled,,,,,enabled,enabled,enabled,enabled,enabled,enabled,enabled,enabled
,,,,,,,,,,,,,,,,,,,"['https://www.reddit.com/r/webscraping/t support constructed stylesheets. See https:/lit.dev/docs/api/LitElement/#LitElement.styles        window.litNonce = ', 'https://www.redditstatic.com/avatars/defaults/v2/avatar_default_4.png', 'https://www.redditstatic.com/avatars/defaults/v2/avatar_default_7.png', 'https://www.redditstatic.com/avatars/defaults/v2/avatar_default_5.png', 'https://www.redditstatic.com/avatars/defaults/v2/avatar_default_0.png', 'https://www.redditstatic.com/avatars/defaults/v2/avatar_default_3.png', 'https://www.redditstatic.com/avatars/defaults/v2/avatar_default_6.png']",,,,,,,,,,,
https://www.reddit.com,com.reddit.RedditAppleSSO,https://devvit-gateway.reddit.com,705819728788-b2c1kcs7tst3b7ghv7at0hkqmtc68ckl.apps.googleusercontent.com,https://www.redditstatic.com/shreddit/,False,client-manifest.json,https://www.redditstatic.com/,https://www.reddit.com,https://www.reddit.com,['https://www.redditstatic.com/'],https://www.redditstatic.com/js/concat,https://www.redditstatic.com/shreddit/,https://events.redditmedia.com/v2j,ShredditFrontend-v1,eW9vM3lhZW00VW9naDVleGFlZm9lcGhlZTZQaG9o,False,https://w3-reporting.reddit.com/reports,,,,,,,,,,,,,
,,,,,,,,,,,,,,,,,,,,https://9f057df6115a4bb488c08ea12a835e6e@error-tracking.reddit.com/o418887/5810803,True,production,,,,,,,,
,,,,,,,,,,,,,,,,,,enabled,,,,,enabled,enabled,enabled,enabled,enabled,enabled,enabled,enabled
,,,,,,,,,,,,,,,,,,,"['https://www.reddit.com/r/webscraping/t support constructed stylesheets. See https:/lit.dev/docs/api/LitElement/#LitElement.styles        window.litNonce = ', 'https://www.redditstatic.com/avatars/defaults/v2/avatar_default_7.png', 'https://www.redditstatic.com/avatars/defaults/v2/avatar_default_5.png', 'https://www.redditstatic.com/avatars/defaults/v2/avatar_default_0.png', 'https://www.redditstatic.com/avatars/defaults/v2/avatar_default_4.png', 'https://www.redditstatic.com/avatars/defaults/v2/avatar_default_3.png', 'https://www.redditstatic.com/avatars/defaults/v2/avatar_default_6.png']",,,,,,,,,,,
https://www.reddit.com,com.reddit.RedditAppleSSO,https://devvit-gateway.reddit.com,705819728788-b2c1kcs7tst3b7ghv7at0hkqmtc68ckl.apps.googleusercontent.com,https://www.redditstatic.com/shreddit/,False,client-manifest.json,https://www.redditstatic.com/,https://www.reddit.com,https://www.reddit.com,['https://www.redditstatic.com/'],https://www.redditstatic.com/js/concat,https://www.redditstatic.com/shreddit/,https://events.redditmedia.com/v2j,ShredditFrontend-v1,eW9vM3lhZW00VW9naDVleGFlZm9lcGhlZTZQaG9o,False,https://w3-reporting.reddit.com/reports,,,,,,,,,,,,,
,,,,,,,,,,,,,,,,,,,,https://9f057df6115a4bb488c08ea12a835e6e@error-tracking.reddit.com/o418887/5810803,True,production,,,,,,,,
,,,,,,,,,,,,,,,,,,enabled,,,,,enabled,enabled,enabled,enabled,enabled,enabled,enabled,enabled
,,,,,,,,,,,,,,,,,,,"['https://www.reddit.com/r/webscraping/t support constructed stylesheets. See https:/lit.dev/docs/api/LitElement/#LitElement.styles        window.litNonce = ', 'https://www.redditstatic.com/avatars/defaults/v2/avatar_default_7.png', 'https://www.redditstatic.com/avatars/defaults/v2/avatar_default_5.png', 'https://www.redditstatic.com/avatars/defaults/v2/avatar_default_0.png', 'https://www.redditstatic.com/avatars/defaults/v2/avatar_default_4.png', 'https://www.redditstatic.com/avatars/defaults/v2/avatar_default_3.png', 'https://www.redditstatic.com/avatars/defaults/v2/avatar_default_6.png']",,,,,,,,,,,
https://www.reddit.com,com.reddit.RedditAppleSSO,https://devvit-gateway.reddit.com,705819728788-b2c1kcs7tst3b7ghv7at0hkqmtc68ckl.apps.googleusercontent.com,https://www.redditstatic.com/shreddit/,False,client-manifest.json,https://www.redditstatic.com/,https://www.reddit.com,https://www.reddit.com,['https://www.redditstatic.com/'],https://www.redditstatic.com/js/concat,https://www.redditstatic.com/shreddit/,https://events.redditmedia.com/v2j,ShredditFrontend-v1,eW9vM3lhZW00VW9naDVleGFlZm9lcGhlZTZQaG9o,False,https://w3-reporting.reddit.com/reports,,,,,,,,,,,,,
,,,,,,,,,,,,,,,,,,,,https://9f057df6115a4bb488c08ea12a835e6e@error-tracking.reddit.com/o418887/5810803,True,production,,,,,,,,
,,,,,,,,,,,,,,,,,,enabled,,,,,enabled,enabled,enabled,enabled,enabled,enabled,enabled,enabled
,,,,,,,,,,,,,,,,,,,"['https://www.reddit.com/r/webscraping/t support constructed stylesheets. See https:/lit.dev/docs/api/LitElement/#LitElement.styles        window.litNonce = ', 'https://www.redditstatic.com/avatars/defaults/v2/avatar_default_7.png', 'https://www.redditstatic.com/avatars/defaults/v2/avatar_default_5.png', 'https://www.redditstatic.com/avatars/defaults/v2/avatar_default_0.png', 'https://www.redditstatic.com/avatars/defaults/v2/avatar_default_4.png', 'https://www.redditstatic.com/avatars/defaults/v2/avatar_default_3.png', 'https://www.redditstatic.com/avatars/defaults/v2/avatar_default_6.png']",,,,,,,,,,,
https://www.reddit.com,com.reddit.RedditAppleSSO,https://devvit-gateway.reddit.com,705819728788-b2c1kcs7tst3b7ghv7at0hkqmtc68ckl.apps.googleusercontent.com,https://www.redditstatic.com/shreddit/,False,client-manifest.json,https://www.redditstatic.com/,https://www.reddit.com,https://www.reddit.com,['https://www.redditstatic.com/'],https://www.redditstatic.com/js/concat,https://www.redditstatic.com/shreddit/,https://events.redditmedia.com/v2j,ShredditFrontend-v1,eW9vM3lhZW00VW9naDVleGFlZm9lcGhlZTZQaG9o,False,https://w3-reporting.reddit.com/reports,,,,,,,,,,,,,
,,,,,,,,,,,,,,,,,,,,https://9f057df6115a4bb488c08ea12a835e6e@error-tracking.reddit.com/o418887/5810803,True,production,,,,,,,,
,,,,,,,,,,,,,,,,,,enabled,,,,,enabled,enabled,enabled,enabled,enabled,enabled,enabled,enabled
,,,,,,,,,,,,,,,,,,,"['https://www.reddit.com/r/webscraping/t support constructed stylesheets. See https:/lit.dev/docs/api/LitElement/#LitElement.styles        window.litNonce = ', 'https://www.redditstatic.com/avatars/defaults/v2/avatar_default_7.png', 'https://www.redditstatic.com/avatars/defaults/v2/avatar_default_5.png', 'https://www.redditstatic.com/avatars/defaults/v2/avatar_default_0.png', 'https://www.redditstatic.com/avatars/defaults/v2/avatar_default_4.png', 'https://www.redditstatic.com/avatars/defaults/v2/avatar_default_3.png', 'https://www.redditstatic.com/avatars/defaults/v2/avatar_default_6.png']",,,,,,,,,,,
https://www.reddit.com,com.reddit.RedditAppleSSO,https://devvit-gateway.reddit.com,705819728788-b2c1kcs7tst3b7ghv7at0hkqmtc68ckl.apps.googleusercontent.com,https://www.redditstatic.com/shreddit/,False,client-manifest.json,https://www.redditstatic.com/,https://www.reddit.com,https://www.reddit.com,['https://www.redditstatic.com/'],https://www.redditstatic.com/js/concat,https://www.redditstatic.com/shreddit/,https://events.redditmedia.com/v2j,ShredditFrontend-v1,eW9vM3lhZW00VW9naDVleGFlZm9lcGhlZTZQaG9o,False,https://w3-reporting.reddit.com/reports,,,,,,,,,,,,,
,,,,,,,,,,,,,,,,,,,,https://9f057df6115a4bb488c08ea12a835e6e@error-tracking.reddit.com/o418887/5810803,True,production,,,,,,,,
,,,,,,,,,,,,,,,,,,enabled,,,,,enabled,enabled,enabled,enabled,enabled,enabled,enabled,enabled
,,,,,,,,,,,,,,,,,,,"['https://www.reddit.com/r/webscraping/t support constructed stylesheets. See https:/lit.dev/docs/api/LitElement/#LitElement.styles        window.litNonce = ', 'https://www.redditstatic.com/avatars/defaults/v2/avatar_default_7.png', 'https://www.redditstatic.com/avatars/defaults/v2/avatar_default_5.png', 'https://www.redditstatic.com/avatars/defaults/v2/avatar_default_0.png', 'https://www.redditstatic.com/avatars/defaults/v2/avatar_default_4.png', 'https://www.redditstatic.com/avatars/defaults/v2/avatar_default_3.png', 'https://www.redditstatic.com/avatars/defaults/v2/avatar_default_6.png']",,,,,,,,,,,
https://www.reddit.com,com.reddit.RedditAppleSSO,https://devvit-gateway.reddit.com,705819728788-b2c1kcs7tst3b7ghv7at0hkqmtc68ckl.apps.googleusercontent.com,https://www.redditstatic.com/shreddit/,False,client-manifest.json,https://www.redditstatic.com/,https://www.reddit.com,https://www.reddit.com,['https://www.redditstatic.com/'],https://www.redditstatic.com/js/concat,https://www.redditstatic.com/shreddit/,https://events.redditmedia.com/v2j,ShredditFrontend-v1,eW9vM3lhZW00VW9naDVleGFlZm9lcGhlZTZQaG9o,False,https://w3-reporting.reddit.com/reports,,,,,,,,,,,,,
,,,,,,,,,,,,,,,,,,,,https://9f057df6115a4bb488c08ea12a835e6e@error-tracking.reddit.com/o418887/5810803,True,production,,,,,,,,
,,,,,,,,,,,,,,,,,,enabled,,,,,enabled,enabled,enabled,enabled,enabled,enabled,enabled,enabled
,,,,,,,,,,,,,,,,,,,"['https://www.reddit.com/r/webscraping/t support constructed stylesheets. See https:/lit.dev/docs/api/LitElement/#LitElement.styles        window.litNonce = ', 'https://www.redditstatic.com/avatars/defaults/v2/avatar_default_7.png', 'https://www.redditstatic.com/avatars/defaults/v2/avatar_default_5.png', 'https://www.redditstatic.com/avatars/defaults/v2/avatar_default_0.png', 'https://www.redditstatic.com/avatars/defaults/v2/avatar_default_4.png', 'https://www.redditstatic.com/avatars/defaults/v2/avatar_default_3.png', 'https://www.redditstatic.com/avatars/defaults/v2/avatar_default_6.png']",,,,,,,,,,,
https://www.reddit.com,com.reddit.RedditAppleSSO,https://devvit-gateway.reddit.com,705819728788-b2c1kcs7tst3b7ghv7at0hkqmtc68ckl.apps.googleusercontent.com,https://www.redditstatic.com/shreddit/,False,client-manifest.json,https://www.redditstatic.com/,https://www.reddit.com,https://www.reddit.com,['https://www.redditstatic.com/'],https://www.redditstatic.com/js/concat,https://www.redditstatic.com/shreddit/,https://events.redditmedia.com/v2j,ShredditFrontend-v1,eW9vM3lhZW00VW9naDVleGFlZm9lcGhlZTZQaG9o,False,https://w3-reporting.reddit.com/reports,,,,,,,,,,,,,
,,,,,,,,,,,,,,,,,,,,https://9f057df6115a4bb488c08ea12a835e6e@error-tracking.reddit.com/o418887/5810803,True,production,,,,,,,,
,,,,,,,,,,,,,,,,,,enabled,,,,,enabled,enabled,enabled,enabled,enabled,enabled,enabled,enabled
,,,,,,,,,,,,,,,,,,,"['https://www.reddit.com/r/webscraping/t support constructed stylesheets. See https:/lit.dev/docs/api/LitElement/#LitElement.styles        window.litNonce = ', 'https://www.redditstatic.com/avatars/defaults/v2/avatar_default_7.png', 'https://www.redditstatic.com/avatars/defaults/v2/avatar_default_5.png', 'https://www.redditstatic.com/avatars/defaults/v2/avatar_default_0.png', 'https://www.redditstatic.com/avatars/defaults/v2/avatar_default_4.png', 'https://www.redditstatic.com/avatars/defaults/v2/avatar_default_3.png', 'https://www.redditstatic.com/avatars/defaults/v2/avatar_default_6.png']",,,,,,,,,,,
https://www.reddit.com,com.reddit.RedditAppleSSO,https://devvit-gateway.reddit.com,705819728788-b2c1kcs7tst3b7ghv7at0hkqmtc68ckl.apps.googleusercontent.com,https://www.redditstatic.com/shreddit/,False,client-manifest.json,https://www.redditstatic.com/,https://www.reddit.com,https://www.reddit.com,['https://www.redditstatic.com/'],https://www.redditstatic.com/js/concat,https://www.redditstatic.com/shreddit/,https://events.redditmedia.com/v2j,ShredditFrontend-v1,eW9vM3lhZW00VW9naDVleGFlZm9lcGhlZTZQaG9o,False,https://w3-reporting.reddit.com/reports,,,,,,,,,,,,,
,,,,,,,,,,,,,,,,,,,,https://9f057df6115a4bb488c08ea12a835e6e@error-tracking.reddit.com/o418887/5810803,True,production,,,,,,,,
,,,,,,,,,,,,,,,,,,enabled,,,,,enabled,enabled,enabled,enabled,enabled,enabled,enabled,enabled
,,,,,,,,,,,,,,,,,,,"['https://www.reddit.com/r/webscraping/t support constructed stylesheets. See https:/lit.dev/docs/api/LitElement/#LitElement.styles        window.litNonce = ', 'https://www.redditstatic.com/avatars/defaults/v2/avatar_default_7.png', 'https://www.redditstatic.com/avatars/defaults/v2/avatar_default_5.png', 'https://www.redditstatic.com/avatars/defaults/v2/avatar_default_0.png', 'https://www.redditstatic.com/avatars/defaults/v2/avatar_default_4.png', 'https://www.redditstatic.com/avatars/defaults/v2/avatar_default_3.png', 'https://www.redditstatic.com/avatars/defaults/v2/avatar_default_6.png']",,,,,,,,,,,
https://www.reddit.com,com.reddit.RedditAppleSSO,https://devvit-gateway.reddit.com,705819728788-b2c1kcs7tst3b7ghv7at0hkqmtc68ckl.apps.googleusercontent.com,https://www.redditstatic.com/shreddit/,False,client-manifest.json,https://www.redditstatic.com/,https://www.reddit.com,https://www.reddit.com,['https://www.redditstatic.com/'],https://www.redditstatic.com/js/concat,https://www.redditstatic.com/shreddit/,https://events.redditmedia.com/v2j,ShredditFrontend-v1,eW9vM3lhZW00VW9naDVleGFlZm9lcGhlZTZQaG9o,False,https://w3-reporting.reddit.com/reports,,,,,,,,,,,,,
,,,,,,,,,,,,,,,,,,,,https://9f057df6115a4bb488c08ea12a835e6e@error-tracking.reddit.com/o418887/5810803,True,production,,,,,,,,
,,,,,,,,,,,,,,,,,,enabled,,,,,enabled,enabled,enabled,enabled,enabled,enabled,enabled,enabled
,,,,,,,,,,,,,,,,,,,"['https://www.reddit.com/r/webscraping/t support constructed stylesheets. See https:/lit.dev/docs/api/LitElement/#LitElement.styles        window.litNonce = ', 'https://www.redditstatic.com/avatars/defaults/v2/avatar_default_7.png', 'https://www.redditstatic.com/avatars/defaults/v2/avatar_default_5.png', 'https://www.redditstatic.com/avatars/defaults/v2/avatar_default_0.png', 'https://www.redditstatic.com/avatars/defaults/v2/avatar_default_4.png', 'https://www.redditstatic.com/avatars/defaults/v2/avatar_default_3.png', 'https://www.redditstatic.com/avatars/defaults/v2/avatar_default_6.png']",,,,,,,,,,,
https://www.reddit.com,com.reddit.RedditAppleSSO,https://devvit-gateway.reddit.com,705819728788-b2c1kcs7tst3b7ghv7at0hkqmtc68ckl.apps.googleusercontent.com,https://www.redditstatic.com/shreddit/,False,client-manifest.json,https://www.redditstatic.com/,https://www.reddit.com,https://www.reddit.com,['https://www.redditstatic.com/'],https://www.redditstatic.com/js/concat,https://www.redditstatic.com/shreddit/,https://events.redditmedia.com/v2j,ShredditFrontend-v1,eW9vM3lhZW00VW9naDVleGFlZm9lcGhlZTZQaG9o,False,https://w3-reporting.reddit.com/reports,,,,,,,,,,,,,
,,,,,,,,,,,,,,,,,,,,https://9f057df6115a4bb488c08ea12a835e6e@error-tracking.reddit.com/o418887/5810803,True,production,,,,,,,,
,,,,,,,,,,,,,,,,,,enabled,,,,,enabled,enabled,enabled,enabled,enabled,enabled,enabled,enabled
,,,,,,,,,,,,,,,,,,,"['https://www.reddit.com/r/webscraping/t support constructed stylesheets. See https:/lit.dev/docs/api/LitElement/#LitElement.styles        window.litNonce = ', 'https://www.redditstatic.com/avatars/defaults/v2/avatar_default_7.png', 'https://www.redditstatic.com/avatars/defaults/v2/avatar_default_5.png', 'https://www.redditstatic.com/avatars/defaults/v2/avatar_default_0.png', 'https://www.redditstatic.com/avatars/defaults/v2/avatar_default_6.png', 'https://www.redditstatic.com/avatars/defaults/v2/avatar_default_4.png', 'https://www.redditstatic.com/avatars/defaults/v2/avatar_default_3.png']",,,,,,,,,,,
https://www.reddit.com,com.reddit.RedditAppleSSO,https://devvit-gateway.reddit.com,705819728788-b2c1kcs7tst3b7ghv7at0hkqmtc68ckl.apps.googleusercontent.com,https://www.redditstatic.com/shreddit/,False,client-manifest.json,https://www.redditstatic.com/,https://www.reddit.com,https://www.reddit.com,['https://www.redditstatic.com/'],https://www.redditstatic.com/js/concat,https://www.redditstatic.com/shreddit/,https://events.redditmedia.com/v2j,ShredditFrontend-v1,eW9vM3lhZW00VW9naDVleGFlZm9lcGhlZTZQaG9o,False,https://w3-reporting.reddit.com/reports,,,,,,,,,,,,,
,,,,,,,,,,,,,,,,,,,,https://9f057df6115a4bb488c08ea12a835e6e@error-tracking.reddit.com/o418887/5810803,True,production,,,,,,,,
,,,,,,,,,,,,,,,,,,enabled,,,,,enabled,enabled,enabled,enabled,enabled,enabled,enabled,enabled
,,,,,,,,,,,,,,,,,,,"['https://www.reddit.com/r/webscraping/t support constructed stylesheets. See https:/lit.dev/docs/api/LitElement/#LitElement.styles        window.litNonce = ', 'https://www.redditstatic.com/avatars/defaults/v2/avatar_default_7.png', 'https://www.redditstatic.com/avatars/defaults/v2/avatar_default_5.png', 'https://www.redditstatic.com/avatars/defaults/v2/avatar_default_0.png', 'https://www.redditstatic.com/avatars/defaults/v2/avatar_default_2.png', 'https://www.redditstatic.com/avatars/defaults/v2/avatar_default_4.png', 'https://www.redditstatic.com/avatars/defaults/v2/avatar_default_3.png', 'https://www.redditstatic.com/avatars/defaults/v2/avatar_default_6.png']",,,,,,,,,,,
https://www.reddit.com,com.reddit.RedditAppleSSO,https://devvit-gateway.reddit.com,705819728788-b2c1kcs7tst3b7ghv7at0hkqmtc68ckl.apps.googleusercontent.com,https://www.redditstatic.com/shreddit/,False,client-manifest.json,https://www.redditstatic.com/,https://www.reddit.com,https://www.reddit.com,['https://www.redditstatic.com/'],https://www.redditstatic.com/js/concat,https://www.redditstatic.com/shreddit/,https://events.redditmedia.com/v2j,ShredditFrontend-v1,eW9vM3lhZW00VW9naDVleGFlZm9lcGhlZTZQaG9o,False,https://w3-reporting.reddit.com/reports,,,,,,,,,,,,,
,,,,,,,,,,,,,,,,,,,,https://9f057df6115a4bb488c08ea12a835e6e@error-tracking.reddit.com/o418887/5810803,True,production,,,,,,,,
,,,,,,,,,,,,,,,,,,enabled,,,,,enabled,enabled,enabled,enabled,enabled,enabled,enabled,enabled
,,,,,,,,,,,,,,,,,,,"['https://www.reddit.com/r/webscraping/t support constructed stylesheets. See https:/lit.dev/docs/api/LitElement/#LitElement.styles        window.litNonce = ', 'https://www.redditstatic.com/avatars/defaults/v2/avatar_default_7.png', 'https://www.redditstatic.com/avatars/defaults/v2/avatar_default_5.png', 'https://www.redditstatic.com/avatars/defaults/v2/avatar_default_0.png', 'https://www.redditstatic.com/avatars/defaults/v2/avatar_default_4.png', 'https://www.redditstatic.com/avatars/defaults/v2/avatar_default_3.png', 'https://www.redditstatic.com/avatars/defaults/v2/avatar_default_6.png']",,,,,,,,,,,
https://www.reddit.com,com.reddit.RedditAppleSSO,https://devvit-gateway.reddit.com,705819728788-b2c1kcs7tst3b7ghv7at0hkqmtc68ckl.apps.googleusercontent.com,https://www.redditstatic.com/shreddit/,False,client-manifest.json,https://www.redditstatic.com/,https://www.reddit.com,https://www.reddit.com,['https://www.redditstatic.com/'],https://www.redditstatic.com/js/concat,https://www.redditstatic.com/shreddit/,https://events.redditmedia.com/v2j,ShredditFrontend-v1,eW9vM3lhZW00VW9naDVleGFlZm9lcGhlZTZQaG9o,False,https://w3-reporting.reddit.com/reports,,,,,,,,,,,,,
,,,,,,,,,,,,,,,,,,,,https://9f057df6115a4bb488c08ea12a835e6e@error-tracking.reddit.com/o418887/5810803,True,production,,,,,,,,
,,,,,,,,,,,,,,,,,,enabled,,,,,enabled,enabled,enabled,enabled,enabled,enabled,enabled,enabled
,,,,,,,,,,,,,,,,,,,"['https://www.reddit.com/r/webscraping/t support constructed stylesheets. See https:/lit.dev/docs/api/LitElement/#LitElement.styles        window.litNonce = ', 'https://www.redditstatic.com/avatars/defaults/v2/avatar_default_7.png', 'https://www.redditstatic.com/avatars/defaults/v2/avatar_default_5.png', 'https://www.redditstatic.com/avatars/defaults/v2/avatar_default_0.png', 'https://www.redditstatic.com/avatars/defaults/v2/avatar_default_4.png', 'https://www.redditstatic.com/avatars/defaults/v2/avatar_default_3.png', 'https://www.redditstatic.com/avatars/defaults/v2/avatar_default_6.png']",,,,,,,,,,,
https://www.reddit.com,com.reddit.RedditAppleSSO,https://devvit-gateway.reddit.com,705819728788-b2c1kcs7tst3b7ghv7at0hkqmtc68ckl.apps.googleusercontent.com,https://www.redditstatic.com/shreddit/,False,client-manifest.json,https://www.redditstatic.com/,https://www.reddit.com,https://www.reddit.com,['https://www.redditstatic.com/'],https://www.redditstatic.com/js/concat,https://www.redditstatic.com/shreddit/,https://events.redditmedia.com/v2j,ShredditFrontend-v1,eW9vM3lhZW00VW9naDVleGFlZm9lcGhlZTZQaG9o,False,https://w3-reporting.reddit.com/reports,,,,,,,,,,,,,
,,,,,,,,,,,,,,,,,,,,https://9f057df6115a4bb488c08ea12a835e6e@error-tracking.reddit.com/o418887/5810803,True,production,,,,,,,,
,,,,,,,,,,,,,,,,,,enabled,,,,,enabled,enabled,enabled,enabled,enabled,enabled,enabled,enabled
,,,,,,,,,,,,,,,,,,,"['https://www.reddit.com/r/webscraping/t support constructed stylesheets. See https:/lit.dev/docs/api/LitElement/#LitElement.styles        window.litNonce = ', 'https://www.redditstatic.com/avatars/defaults/v2/avatar_default_7.png', 'https://www.redditstatic.com/avatars/defaults/v2/avatar_default_5.png', 'https://www.redditstatic.com/avatars/defaults/v2/avatar_default_0.png', 'https://www.redditstatic.com/avatars/defaults/v2/avatar_default_4.png', 'https://www.redditstatic.com/avatars/defaults/v2/avatar_default_3.png', 'https://www.redditstatic.com/avatars/defaults/v2/avatar_default_6.png']",,,,,,,,,,,
https://www.reddit.com,com.reddit.RedditAppleSSO,https://devvit-gateway.reddit.com,705819728788-b2c1kcs7tst3b7ghv7at0hkqmtc68ckl.apps.googleusercontent.com,https://www.redditstatic.com/shreddit/,False,client-manifest.json,https://www.redditstatic.com/,https://www.reddit.com,https://www.reddit.com,['https://www.redditstatic.com/'],https://www.redditstatic.com/js/concat,https://www.redditstatic.com/shreddit/,https://events.redditmedia.com/v2j,ShredditFrontend-v1,eW9vM3lhZW00VW9naDVleGFlZm9lcGhlZTZQaG9o,False,https://w3-reporting.reddit.com/reports,,,,,,,,,,,,,
,,,,,,,,,,,,,,,,,,,,https://9f057df6115a4bb488c08ea12a835e6e@error-tracking.reddit.com/o418887/5810803,True,production,,,,,,,,
,,,,,,,,,,,,,,,,,,enabled,,,,,enabled,enabled,enabled,enabled,enabled,enabled,enabled,enabled
,,,,,,,,,,,,,,,,,,,"['https://www.reddit.com/r/webscraping/t support constructed stylesheets. See https:/lit.dev/docs/api/LitElement/#LitElement.styles        window.litNonce = ', 'https://www.redditstatic.com/avatars/defaults/v2/avatar_default_7.png', 'https://www.redditstatic.com/avatars/defaults/v2/avatar_default_5.png', 'https://www.redditstatic.com/avatars/defaults/v2/avatar_default_0.png', 'https://www.redditstatic.com/avatars/defaults/v2/avatar_default_4.png', 'https://www.redditstatic.com/avatars/defaults/v2/avatar_default_3.png', 'https://www.redditstatic.com/avatars/defaults/v2/avatar_default_6.png']",,,,,,,,,,,
https://www.reddit.com,com.reddit.RedditAppleSSO,https://devvit-gateway.reddit.com,705819728788-b2c1kcs7tst3b7ghv7at0hkqmtc68ckl.apps.googleusercontent.com,https://www.redditstatic.com/shreddit/,False,client-manifest.json,https://www.redditstatic.com/,https://www.reddit.com,https://www.reddit.com,['https://www.redditstatic.com/'],https://www.redditstatic.com/js/concat,https://www.redditstatic.com/shreddit/,https://events.redditmedia.com/v2j,ShredditFrontend-v1,eW9vM3lhZW00VW9naDVleGFlZm9lcGhlZTZQaG9o,False,https://w3-reporting.reddit.com/reports,,,,,,,,,,,,,
,,,,,,,,,,,,,,,,,,,,https://9f057df6115a4bb488c08ea12a835e6e@error-tracking.reddit.com/o418887/5810803,True,production,,,,,,,,
,,,,,,,,,,,,,,,,,,enabled,,,,,enabled,enabled,enabled,enabled,enabled,enabled,enabled,enabled
,,,,,,,,,,,,,,,,,,,"['https://www.reddit.com/r/webscraping/t support constructed stylesheets. See https:/lit.dev/docs/api/LitElement/#LitElement.styles        window.litNonce = ', 'https://www.redditstatic.com/avatars/defaults/v2/avatar_default_7.png', 'https://www.redditstatic.com/avatars/defaults/v2/avatar_default_5.png', 'https://www.redditstatic.com/avatars/defaults/v2/avatar_default_2.png', 'https://www.redditstatic.com/avatars/defaults/v2/avatar_default_0.png', 'https://www.redditstatic.com/avatars/defaults/v2/avatar_default_4.png', 'https://www.redditstatic.com/avatars/defaults/v2/avatar_default_3.png', 'https://www.redditstatic.com/avatars/defaults/v2/avatar_default_6.png']",,,,,,,,,,,
https://www.reddit.com,com.reddit.RedditAppleSSO,https://devvit-gateway.reddit.com,705819728788-b2c1kcs7tst3b7ghv7at0hkqmtc68ckl.apps.googleusercontent.com,https://www.redditstatic.com/shreddit/,False,client-manifest.json,https://www.redditstatic.com/,https://www.reddit.com,https://www.reddit.com,['https://www.redditstatic.com/'],https://www.redditstatic.com/js/concat,https://www.redditstatic.com/shreddit/,https://events.redditmedia.com/v2j,ShredditFrontend-v1,eW9vM3lhZW00VW9naDVleGFlZm9lcGhlZTZQaG9o,False,https://w3-reporting.reddit.com/reports,,,,,,,,,,,,,
,,,,,,,,,,,,,,,,,,,,https://9f057df6115a4bb488c08ea12a835e6e@error-tracking.reddit.com/o418887/5810803,True,production,,,,,,,,
,,,,,,,,,,,,,,,,,,enabled,,,,,enabled,enabled,enabled,enabled,enabled,enabled,enabled,enabled
,,,,,,,,,,,,,,,,,,,"['https://www.reddit.com/r/webscraping/t support constructed stylesheets. See https:/lit.dev/docs/api/LitElement/#LitElement.styles        window.litNonce = ', 'https://www.redditstatic.com/avatars/defaults/v2/avatar_default_4.png', 'https://www.redditstatic.com/avatars/defaults/v2/avatar_default_7.png', 'https://www.redditstatic.com/avatars/defaults/v2/avatar_default_5.png', 'https://www.redditstatic.com/avatars/defaults/v2/avatar_default_0.png', 'https://www.redditstatic.com/avatars/defaults/v2/avatar_default_3.png', 'https://www.redditstatic.com/avatars/defaults/v2/avatar_default_6.png', 'https://www.reddit.com/r/webscraping/{&quot;campaignId&quot;:&quot;2354031155685222972&quot;,&quot;formId&quot;:&quot;0a72072f-9a55-4921-b122-50a966dc06d7&quot;,&quot;prompt&quot;:&quot;10x the insights w/ AI surveys and interviews&quot;,&quot;authorAvatarSrc&quot;:&quot;https:/www.redditstatic.com/avatars/defaults/v2/avatar_default_3.png&quot;,&quot;advertiserLegalName&quot;:&quot;TheySaid&quot;,&quot;privacyPolicyUrl&quot;:&quot;https:/www.theysaid.io/privacy&quot;,&quot;leadFormFields&quot;:[{&quot;fieldType&quot;:&quot;FIRST_NAME&quot;,&quot;isRequired&quot;:true},{&quot;fieldType&quot;:&quot;LAST_NAME&quot;,&quot;isRequired&quot;:true},{&quot;fieldType&quot;:&quot;EMAIL&quot;,&quot;isRequired&quot;:true}],&quot;publicEncryptionKey&quot;:&quot;-----BEGIN PUBLIC KEY-----\\nMIICIjANBgkqhkiG9w0BAQEFAAOCAg8AMIICCgKCAgEAwPqRixtyTQnx+U/LpMZj\\nf9WccgnlzDyw+M+nyoTp7dvDeotnJpcqwt3rDD0oRwbWlV8tZ4XebZCetiJ7Qb0Z\\ngeQTf62NFfrnMbVHipJpUzW6NqGqn256YYx8lUWtLIL9agPCJ+8GQZhkG+Tggv4x\\nzTI9Vjofcvzl120i7v4y2vuUqGb34Md+Xg3GH47DNcTJ8BqSKIEC5ATMrxrvKwqo\\nxnMgPrS7B9DnCejsfnBzV7oVhpzoU+oKQlH1MKsJyJBPG30uydh921bKp4sDXJK+\\ncnBLTQBGTCB/11DZIgcat35nji2rZiRXjpGQixtdDz+/4RHKtxo7i5ayqX16PC0D\\na4E94mZhcuIWF63DRqcvQihLRQRonHhetOAICQ/NA/EkgjK7yFSS5CJH2ptG+dZ7\\nfFjzjeLuW9U2CAs7YJ1JB1YUur0fqtc6V4REKrZJ78Er09GNPBdlxd7Bp+9Np4Fn\\nmFLMSqOsJ0DDxJ/CBI8MT1ziRdJL55LMTyOx+yMiLbSLh5kM4CNzgWm4cRRkn+IK\\nvOEL40g/gy3XZRvWGsbJv9ofU9GZTWjiIt1zfEzobYwJjh1381bvEb/UFuGwTipY\\n+WyfX2DelvXLYim175eelwLvzAG5K410Ih0j3CjeB/P3gj4w27GEDbRNChJcS96P\\nPbErH2sB8BOlJOZ5WU2bExkCAwEAAQ==\\n-----END PUBLIC KEY-----&quot;,&quot;collectableUserInformation&quot;:null}']",,,,,,,,,,,
https://www.reddit.com,com.reddit.RedditAppleSSO,https://devvit-gateway.reddit.com,705819728788-b2c1kcs7tst3b7ghv7at0hkqmtc68ckl.apps.googleusercontent.com,https://www.redditstatic.com/shreddit/,False,client-manifest.json,https://www.redditstatic.com/,https://www.reddit.com,https://www.reddit.com,['https://www.redditstatic.com/'],https://www.redditstatic.com/js/concat,https://www.redditstatic.com/shreddit/,https://events.redditmedia.com/v2j,ShredditFrontend-v1,eW9vM3lhZW00VW9naDVleGFlZm9lcGhlZTZQaG9o,False,https://w3-reporting.reddit.com/reports,,,,,,,,,,,,,
,,,,,,,,,,,,,,,,,,,,https://9f057df6115a4bb488c08ea12a835e6e@error-tracking.reddit.com/o418887/5810803,True,production,,,,,,,,
,,,,,,,,,,,,,,,,,,enabled,,,,,enabled,enabled,enabled,enabled,enabled,enabled,enabled,enabled
,,,,,,,,,,,,,,,,,,,"['https://www.reddit.com/r/webscraping/t support constructed stylesheets. See https:/lit.dev/docs/api/LitElement/#LitElement.styles        window.litNonce = ', 'https://www.redditstatic.com/avatars/defaults/v2/avatar_default_7.png', 'https://www.redditstatic.com/avatars/defaults/v2/avatar_default_5.png', 'https://www.redditstatic.com/avatars/defaults/v2/avatar_default_0.png', 'https://www.redditstatic.com/avatars/defaults/v2/avatar_default_4.png', 'https://www.redditstatic.com/avatars/defaults/v2/avatar_default_3.png', 'https://www.redditstatic.com/avatars/defaults/v2/avatar_default_6.png']",,,,,,,,,,,
https://www.reddit.com,com.reddit.RedditAppleSSO,https://devvit-gateway.reddit.com,705819728788-b2c1kcs7tst3b7ghv7at0hkqmtc68ckl.apps.googleusercontent.com,https://www.redditstatic.com/shreddit/,False,client-manifest.json,https://www.redditstatic.com/,https://www.reddit.com,https://www.reddit.com,['https://www.redditstatic.com/'],https://www.redditstatic.com/js/concat,https://www.redditstatic.com/shreddit/,https://events.redditmedia.com/v2j,ShredditFrontend-v1,eW9vM3lhZW00VW9naDVleGFlZm9lcGhlZTZQaG9o,False,https://w3-reporting.reddit.com/reports,,,,,,,,,,,,,
,,,,,,,,,,,,,,,,,,,,https://9f057df6115a4bb488c08ea12a835e6e@error-tracking.reddit.com/o418887/5810803,True,production,,,,,,,,
,,,,,,,,,,,,,,,,,,enabled,,,,,enabled,enabled,enabled,enabled,enabled,enabled,enabled,enabled
,,,,,,,,,,,,,,,,,,,"['https://www.reddit.com/r/webscraping/t support constructed stylesheets. See https:/lit.dev/docs/api/LitElement/#LitElement.styles        window.litNonce = ', 'https://www.redditstatic.com/avatars/defaults/v2/avatar_default_7.png', 'https://www.redditstatic.com/avatars/defaults/v2/avatar_default_5.png', 'https://www.redditstatic.com/avatars/defaults/v2/avatar_default_0.png', 'https://www.redditstatic.com/avatars/defaults/v2/avatar_default_4.png', 'https://www.redditstatic.com/avatars/defaults/v2/avatar_default_3.png', 'https://www.redditstatic.com/avatars/defaults/v2/avatar_default_6.png']",,,,,,,,,,,
https://www.reddit.com,com.reddit.RedditAppleSSO,https://devvit-gateway.reddit.com,705819728788-b2c1kcs7tst3b7ghv7at0hkqmtc68ckl.apps.googleusercontent.com,https://www.redditstatic.com/shreddit/,False,client-manifest.json,https://www.redditstatic.com/,https://www.reddit.com,https://www.reddit.com,['https://www.redditstatic.com/'],https://www.redditstatic.com/js/concat,https://www.redditstatic.com/shreddit/,https://events.redditmedia.com/v2j,ShredditFrontend-v1,eW9vM3lhZW00VW9naDVleGFlZm9lcGhlZTZQaG9o,False,https://w3-reporting.reddit.com/reports,,,,,,,,,,,,,
,,,,,,,,,,,,,,,,,,,,https://9f057df6115a4bb488c08ea12a835e6e@error-tracking.reddit.com/o418887/5810803,True,production,,,,,,,,
,,,,,,,,,,,,,,,,,,enabled,,,,,enabled,enabled,enabled,enabled,enabled,enabled,enabled,enabled
,,,,,,,,,,,,,,,,,,,"['https://www.reddit.com/r/webscraping/t support constructed stylesheets. See https:/lit.dev/docs/api/LitElement/#LitElement.styles        window.litNonce = ', 'https://www.redditstatic.com/avatars/defaults/v2/avatar_default_7.png', 'https://www.redditstatic.com/avatars/defaults/v2/avatar_default_5.png', 'https://www.redditstatic.com/avatars/defaults/v2/avatar_default_0.png', 'https://www.redditstatic.com/avatars/defaults/v2/avatar_default_4.png', 'https://www.redditstatic.com/avatars/defaults/v2/avatar_default_3.png', 'https://www.redditstatic.com/avatars/defaults/v2/avatar_default_6.png']",,,,,,,,,,,
https://www.reddit.com,com.reddit.RedditAppleSSO,https://devvit-gateway.reddit.com,705819728788-b2c1kcs7tst3b7ghv7at0hkqmtc68ckl.apps.googleusercontent.com,https://www.redditstatic.com/shreddit/,False,client-manifest.json,https://www.redditstatic.com/,https://www.reddit.com,https://www.reddit.com,['https://www.redditstatic.com/'],https://www.redditstatic.com/js/concat,https://www.redditstatic.com/shreddit/,https://events.redditmedia.com/v2j,ShredditFrontend-v1,eW9vM3lhZW00VW9naDVleGFlZm9lcGhlZTZQaG9o,False,https://w3-reporting.reddit.com/reports,,,,,,,,,,,,,
,,,,,,,,,,,,,,,,,,,,https://9f057df6115a4bb488c08ea12a835e6e@error-tracking.reddit.com/o418887/5810803,True,production,,,,,,,,
,,,,,,,,,,,,,,,,,,enabled,,,,,enabled,enabled,enabled,enabled,enabled,enabled,enabled,enabled
,,,,,,,,,,,,,,,,,,,"['https://www.reddit.com/r/webscraping/t support constructed stylesheets. See https:/lit.dev/docs/api/LitElement/#LitElement.styles        window.litNonce = ', 'https://www.redditstatic.com/avatars/defaults/v2/avatar_default_7.png', 'https://www.redditstatic.com/avatars/defaults/v2/avatar_default_5.png', 'https://www.redditstatic.com/avatars/defaults/v2/avatar_default_0.png', 'https://www.redditstatic.com/avatars/defaults/v2/avatar_default_4.png', 'https://www.redditstatic.com/avatars/defaults/v2/avatar_default_3.png', 'https://www.redditstatic.com/avatars/defaults/v2/avatar_default_6.png']",,,,,,,,,,,
https://www.reddit.com,com.reddit.RedditAppleSSO,https://devvit-gateway.reddit.com,705819728788-b2c1kcs7tst3b7ghv7at0hkqmtc68ckl.apps.googleusercontent.com,https://www.redditstatic.com/shreddit/,False,client-manifest.json,https://www.redditstatic.com/,https://www.reddit.com,https://www.reddit.com,['https://www.redditstatic.com/'],https://www.redditstatic.com/js/concat,https://www.redditstatic.com/shreddit/,https://events.redditmedia.com/v2j,ShredditFrontend-v1,eW9vM3lhZW00VW9naDVleGFlZm9lcGhlZTZQaG9o,False,https://w3-reporting.reddit.com/reports,,,,,,,,,,,,,
,,,,,,,,,,,,,,,,,,,,https://9f057df6115a4bb488c08ea12a835e6e@error-tracking.reddit.com/o418887/5810803,True,production,,,,,,,,
,,,,,,,,,,,,,,,,,,enabled,,,,,enabled,enabled,enabled,enabled,enabled,enabled,enabled,enabled
,,,,,,,,,,,,,,,,,,,"['https://www.reddit.com/r/webscraping/t support constructed stylesheets. See https:/lit.dev/docs/api/LitElement/#LitElement.styles        window.litNonce = ', 'https://www.redditstatic.com/avatars/defaults/v2/avatar_default_7.png', 'https://www.redditstatic.com/avatars/defaults/v2/avatar_default_5.png', 'https://www.redditstatic.com/avatars/defaults/v2/avatar_default_0.png', 'https://www.redditstatic.com/avatars/defaults/v2/avatar_default_4.png', 'https://www.redditstatic.com/avatars/defaults/v2/avatar_default_3.png', 'https://www.redditstatic.com/avatars/defaults/v2/avatar_default_6.png']",,,,,,,,,,,
https://www.reddit.com,com.reddit.RedditAppleSSO,https://devvit-gateway.reddit.com,705819728788-b2c1kcs7tst3b7ghv7at0hkqmtc68ckl.apps.googleusercontent.com,https://www.redditstatic.com/shreddit/,False,client-manifest.json,https://www.redditstatic.com/,https://www.reddit.com,https://www.reddit.com,['https://www.redditstatic.com/'],https://www.redditstatic.com/js/concat,https://www.redditstatic.com/shreddit/,https://events.redditmedia.com/v2j,ShredditFrontend-v1,eW9vM3lhZW00VW9naDVleGFlZm9lcGhlZTZQaG9o,False,https://w3-reporting.reddit.com/reports,,,,,,,,,,,,,
,,,,,,,,,,,,,,,,,,,,https://9f057df6115a4bb488c08ea12a835e6e@error-tracking.reddit.com/o418887/5810803,True,production,,,,,,,,
,,,,,,,,,,,,,,,,,,enabled,,,,,enabled,enabled,enabled,enabled,enabled,enabled,enabled,enabled
,,,,,,,,,,,,,,,,,,,"['https://www.reddit.com/r/webscraping/t support constructed stylesheets. See https:/lit.dev/docs/api/LitElement/#LitElement.styles        window.litNonce = ', 'https://www.redditstatic.com/avatars/defaults/v2/avatar_default_6.png', 'https://www.redditstatic.com/avatars/defaults/v2/avatar_default_7.png', 'https://www.redditstatic.com/avatars/defaults/v2/avatar_default_5.png', 'https://www.redditstatic.com/avatars/defaults/v2/avatar_default_0.png', 'https://www.redditstatic.com/avatars/defaults/v2/avatar_default_4.png', 'https://www.redditstatic.com/avatars/defaults/v2/avatar_default_3.png', 'https://www.redditstatic.com/avatars/defaults/v2/avatar_default_2.png']",,,,,,,,,,,
https://www.reddit.com,com.reddit.RedditAppleSSO,https://devvit-gateway.reddit.com,705819728788-b2c1kcs7tst3b7ghv7at0hkqmtc68ckl.apps.googleusercontent.com,https://www.redditstatic.com/shreddit/,False,client-manifest.json,https://www.redditstatic.com/,https://www.reddit.com,https://www.reddit.com,['https://www.redditstatic.com/'],https://www.redditstatic.com/js/concat,https://www.redditstatic.com/shreddit/,https://events.redditmedia.com/v2j,ShredditFrontend-v1,eW9vM3lhZW00VW9naDVleGFlZm9lcGhlZTZQaG9o,False,https://w3-reporting.reddit.com/reports,,,,,,,,,,,,,
,,,,,,,,,,,,,,,,,,,,https://9f057df6115a4bb488c08ea12a835e6e@error-tracking.reddit.com/o418887/5810803,True,production,,,,,,,,
,,,,,,,,,,,,,,,,,,enabled,,,,,enabled,enabled,enabled,enabled,enabled,enabled,enabled,enabled
,,,,,,,,,,,,,,,,,,,"['https://www.reddit.com/r/webscraping/t support constructed stylesheets. See https:/lit.dev/docs/api/LitElement/#LitElement.styles        window.litNonce = ', 'https://www.redditstatic.com/avatars/defaults/v2/avatar_default_7.png', 'https://www.redditstatic.com/avatars/defaults/v2/avatar_default_5.png', 'https://www.redditstatic.com/avatars/defaults/v2/avatar_default_0.png', 'https://www.redditstatic.com/avatars/defaults/v2/avatar_default_4.png', 'https://www.redditstatic.com/avatars/defaults/v2/avatar_default_3.png', 'https://www.redditstatic.com/avatars/defaults/v2/avatar_default_6.png']",,,,,,,,,,,
https://www.reddit.com,com.reddit.RedditAppleSSO,https://devvit-gateway.reddit.com,705819728788-b2c1kcs7tst3b7ghv7at0hkqmtc68ckl.apps.googleusercontent.com,https://www.redditstatic.com/shreddit/,False,client-manifest.json,https://www.redditstatic.com/,https://www.reddit.com,https://www.reddit.com,['https://www.redditstatic.com/'],https://www.redditstatic.com/js/concat,https://www.redditstatic.com/shreddit/,https://events.redditmedia.com/v2j,ShredditFrontend-v1,eW9vM3lhZW00VW9naDVleGFlZm9lcGhlZTZQaG9o,False,https://w3-reporting.reddit.com/reports,,,,,,,,,,,,,
,,,,,,,,,,,,,,,,,,,,https://9f057df6115a4bb488c08ea12a835e6e@error-tracking.reddit.com/o418887/5810803,True,production,,,,,,,,
,,,,,,,,,,,,,,,,,,enabled,,,,,enabled,enabled,enabled,enabled,enabled,enabled,enabled,enabled
,,,,,,,,,,,,,,,,,,,"['https://www.reddit.com/r/webscraping/t support constructed stylesheets. See https:/lit.dev/docs/api/LitElement/#LitElement.styles        window.litNonce = ', 'https://www.redditstatic.com/avatars/defaults/v2/avatar_default_7.png', 'https://www.redditstatic.com/avatars/defaults/v2/avatar_default_5.png', 'https://www.redditstatic.com/avatars/defaults/v2/avatar_default_0.png', 'https://www.redditstatic.com/avatars/defaults/v2/avatar_default_4.png', 'https://www.redditstatic.com/avatars/defaults/v2/avatar_default_3.png', 'https://www.redditstatic.com/avatars/defaults/v2/avatar_default_6.png', 'https://www.redditstatic.com/avatars/defaults/v2/avatar_default_1.png']",,,,,,,,,,,
https://www.reddit.com,com.reddit.RedditAppleSSO,https://devvit-gateway.reddit.com,705819728788-b2c1kcs7tst3b7ghv7at0hkqmtc68ckl.apps.googleusercontent.com,https://www.redditstatic.com/shreddit/,False,client-manifest.json,https://www.redditstatic.com/,https://www.reddit.com,https://www.reddit.com,['https://www.redditstatic.com/'],https://www.redditstatic.com/js/concat,https://www.redditstatic.com/shreddit/,https://events.redditmedia.com/v2j,ShredditFrontend-v1,eW9vM3lhZW00VW9naDVleGFlZm9lcGhlZTZQaG9o,False,https://w3-reporting.reddit.com/reports,,,,,,,,,,,,,
,,,,,,,,,,,,,,,,,,,,https://9f057df6115a4bb488c08ea12a835e6e@error-tracking.reddit.com/o418887/5810803,True,production,,,,,,,,
,,,,,,,,,,,,,,,,,,enabled,,,,,enabled,enabled,enabled,enabled,enabled,enabled,enabled,enabled
,,,,,,,,,,,,,,,,,,,"['https://www.reddit.com/r/webscraping/t support constructed stylesheets. See https:/lit.dev/docs/api/LitElement/#LitElement.styles        window.litNonce = ', 'https://www.redditstatic.com/avatars/defaults/v2/avatar_default_7.png', 'https://www.redditstatic.com/avatars/defaults/v2/avatar_default_5.png', 'https://www.redditstatic.com/avatars/defaults/v2/avatar_default_0.png', 'https://www.redditstatic.com/avatars/defaults/v2/avatar_default_4.png', 'https://www.redditstatic.com/avatars/defaults/v2/avatar_default_3.png', 'https://www.redditstatic.com/avatars/defaults/v2/avatar_default_6.png']",,,,,,,,,,,
https://www.reddit.com,com.reddit.RedditAppleSSO,https://devvit-gateway.reddit.com,705819728788-b2c1kcs7tst3b7ghv7at0hkqmtc68ckl.apps.googleusercontent.com,https://www.redditstatic.com/shreddit/,False,client-manifest.json,https://www.redditstatic.com/,https://www.reddit.com,https://www.reddit.com,['https://www.redditstatic.com/'],https://www.redditstatic.com/js/concat,https://www.redditstatic.com/shreddit/,https://events.redditmedia.com/v2j,ShredditFrontend-v1,eW9vM3lhZW00VW9naDVleGFlZm9lcGhlZTZQaG9o,False,https://w3-reporting.reddit.com/reports,,,,,,,,,,,,,
,,,,,,,,,,,,,,,,,,,,https://9f057df6115a4bb488c08ea12a835e6e@error-tracking.reddit.com/o418887/5810803,True,production,,,,,,,,
,,,,,,,,,,,,,,,,,,enabled,,,,,enabled,enabled,enabled,enabled,enabled,enabled,enabled,enabled
,,,,,,,,,,,,,,,,,,,"['https://www.reddit.com/r/webscraping/t support constructed stylesheets. See https:/lit.dev/docs/api/LitElement/#LitElement.styles        window.litNonce = ', 'https://www.redditstatic.com/avatars/defaults/v2/avatar_default_7.png', 'https://www.redditstatic.com/avatars/defaults/v2/avatar_default_5.png', 'https://www.redditstatic.com/avatars/defaults/v2/avatar_default_0.png', 'https://www.redditstatic.com/avatars/defaults/v2/avatar_default_4.png', 'https://www.redditstatic.com/avatars/defaults/v2/avatar_default_3.png', 'https://www.redditstatic.com/avatars/defaults/v2/avatar_default_6.png', 'https://www.redditstatic.com/avatars/defaults/v2/avatar_default_1.png']",,,,,,,,,,,
https://www.reddit.com,com.reddit.RedditAppleSSO,https://devvit-gateway.reddit.com,705819728788-b2c1kcs7tst3b7ghv7at0hkqmtc68ckl.apps.googleusercontent.com,https://www.redditstatic.com/shreddit/,False,client-manifest.json,https://www.redditstatic.com/,https://www.reddit.com,https://www.reddit.com,['https://www.redditstatic.com/'],https://www.redditstatic.com/js/concat,https://www.redditstatic.com/shreddit/,https://events.redditmedia.com/v2j,ShredditFrontend-v1,eW9vM3lhZW00VW9naDVleGFlZm9lcGhlZTZQaG9o,False,https://w3-reporting.reddit.com/reports,,,,,,,,,,,,,
,,,,,,,,,,,,,,,,,,,,https://9f057df6115a4bb488c08ea12a835e6e@error-tracking.reddit.com/o418887/5810803,True,production,,,,,,,,
,,,,,,,,,,,,,,,,,,enabled,,,,,enabled,enabled,enabled,enabled,enabled,enabled,enabled,enabled
,,,,,,,,,,,,,,,,,,,"['https://www.reddit.com/r/webscraping/t support constructed stylesheets. See https:/lit.dev/docs/api/LitElement/#LitElement.styles        window.litNonce = ', 'https://www.redditstatic.com/avatars/defaults/v2/avatar_default_7.png', 'https://www.redditstatic.com/avatars/defaults/v2/avatar_default_5.png', 'https://www.redditstatic.com/avatars/defaults/v2/avatar_default_0.png', 'https://www.redditstatic.com/avatars/defaults/v2/avatar_default_4.png', 'https://www.redditstatic.com/avatars/defaults/v2/avatar_default_3.png', 'https://www.redditstatic.com/avatars/defaults/v2/avatar_default_6.png']",,,,,,,,,,,
https://www.reddit.com,com.reddit.RedditAppleSSO,https://devvit-gateway.reddit.com,705819728788-b2c1kcs7tst3b7ghv7at0hkqmtc68ckl.apps.googleusercontent.com,https://www.redditstatic.com/shreddit/,False,client-manifest.json,https://www.redditstatic.com/,https://www.reddit.com,https://www.reddit.com,['https://www.redditstatic.com/'],https://www.redditstatic.com/js/concat,https://www.redditstatic.com/shreddit/,https://events.redditmedia.com/v2j,ShredditFrontend-v1,eW9vM3lhZW00VW9naDVleGFlZm9lcGhlZTZQaG9o,False,https://w3-reporting.reddit.com/reports,,,,,,,,,,,,,
,,,,,,,,,,,,,,,,,,,,https://9f057df6115a4bb488c08ea12a835e6e@error-tracking.reddit.com/o418887/5810803,True,production,,,,,,,,
,,,,,,,,,,,,,,,,,,enabled,,,,,enabled,enabled,enabled,enabled,enabled,enabled,enabled,enabled
,,,,,,,,,,,,,,,,,,,"['https://www.reddit.com/r/webscraping/t support constructed stylesheets. See https:/lit.dev/docs/api/LitElement/#LitElement.styles        window.litNonce = ', 'https://www.redditstatic.com/avatars/defaults/v2/avatar_default_7.png', 'https://www.redditstatic.com/avatars/defaults/v2/avatar_default_5.png', 'https://www.redditstatic.com/avatars/defaults/v2/avatar_default_0.png', 'https://www.redditstatic.com/avatars/defaults/v2/avatar_default_3.png', 'https://www.redditstatic.com/avatars/defaults/v2/avatar_default_4.png', 'https://www.redditstatic.com/avatars/defaults/v2/avatar_default_6.png']",,,,,,,,,,,
https://www.reddit.com,com.reddit.RedditAppleSSO,https://devvit-gateway.reddit.com,705819728788-b2c1kcs7tst3b7ghv7at0hkqmtc68ckl.apps.googleusercontent.com,https://www.redditstatic.com/shreddit/,False,client-manifest.json,https://www.redditstatic.com/,https://www.reddit.com,https://www.reddit.com,['https://www.redditstatic.com/'],https://www.redditstatic.com/js/concat,https://www.redditstatic.com/shreddit/,https://events.redditmedia.com/v2j,ShredditFrontend-v1,eW9vM3lhZW00VW9naDVleGFlZm9lcGhlZTZQaG9o,False,https://w3-reporting.reddit.com/reports,,,,,,,,,,,,,
,,,,,,,,,,,,,,,,,,,,https://9f057df6115a4bb488c08ea12a835e6e@error-tracking.reddit.com/o418887/5810803,True,production,,,,,,,,
,,,,,,,,,,,,,,,,,,enabled,,,,,enabled,enabled,enabled,enabled,enabled,enabled,enabled,enabled
,,,,,,,,,,,,,,,,,,,"['https://www.reddit.com/r/webscraping/t support constructed stylesheets. See https:/lit.dev/docs/api/LitElement/#LitElement.styles        window.litNonce = ', 'https://www.redditstatic.com/avatars/defaults/v2/avatar_default_7.png', 'https://www.redditstatic.com/avatars/defaults/v2/avatar_default_5.png', 'https://www.redditstatic.com/avatars/defaults/v2/avatar_default_4.png', 'https://www.redditstatic.com/avatars/defaults/v2/avatar_default_0.png', 'https://www.redditstatic.com/avatars/defaults/v2/avatar_default_3.png', 'https://www.redditstatic.com/avatars/defaults/v2/avatar_default_6.png']",,,,,,,,,,,
https://www.reddit.com,com.reddit.RedditAppleSSO,https://devvit-gateway.reddit.com,705819728788-b2c1kcs7tst3b7ghv7at0hkqmtc68ckl.apps.googleusercontent.com,https://www.redditstatic.com/shreddit/,False,client-manifest.json,https://www.redditstatic.com/,https://www.reddit.com,https://www.reddit.com,['https://www.redditstatic.com/'],https://www.redditstatic.com/js/concat,https://www.redditstatic.com/shreddit/,https://events.redditmedia.com/v2j,ShredditFrontend-v1,eW9vM3lhZW00VW9naDVleGFlZm9lcGhlZTZQaG9o,False,https://w3-reporting.reddit.com/reports,,,,,,,,,,,,,
,,,,,,,,,,,,,,,,,,,,https://9f057df6115a4bb488c08ea12a835e6e@error-tracking.reddit.com/o418887/5810803,True,production,,,,,,,,
,,,,,,,,,,,,,,,,,,enabled,,,,,enabled,enabled,enabled,enabled,enabled,enabled,enabled,enabled
,,,,,,,,,,,,,,,,,,,"['https://www.reddit.com/r/webscraping/t support constructed stylesheets. See https:/lit.dev/docs/api/LitElement/#LitElement.styles        window.litNonce = ', 'https://www.redditstatic.com/avatars/defaults/v2/avatar_default_7.png', 'https://www.redditstatic.com/avatars/defaults/v2/avatar_default_5.png', 'https://www.redditstatic.com/avatars/defaults/v2/avatar_default_0.png', 'https://www.redditstatic.com/avatars/defaults/v2/avatar_default_4.png', 'https://www.redditstatic.com/avatars/defaults/v2/avatar_default_3.png', 'https://www.redditstatic.com/avatars/defaults/v2/avatar_default_6.png']",,,,,,,,,,,
https://www.reddit.com,com.reddit.RedditAppleSSO,https://devvit-gateway.reddit.com,705819728788-b2c1kcs7tst3b7ghv7at0hkqmtc68ckl.apps.googleusercontent.com,https://www.redditstatic.com/shreddit/,False,client-manifest.json,https://www.redditstatic.com/,https://www.reddit.com,https://www.reddit.com,['https://www.redditstatic.com/'],https://www.redditstatic.com/js/concat,https://www.redditstatic.com/shreddit/,https://events.redditmedia.com/v2j,ShredditFrontend-v1,eW9vM3lhZW00VW9naDVleGFlZm9lcGhlZTZQaG9o,False,https://w3-reporting.reddit.com/reports,,,,,,,,,,,,,
,,,,,,,,,,,,,,,,,,,,https://9f057df6115a4bb488c08ea12a835e6e@error-tracking.reddit.com/o418887/5810803,True,production,,,,,,,,
,,,,,,,,,,,,,,,,,,enabled,,,,,enabled,enabled,enabled,enabled,enabled,enabled,enabled,enabled
,,,,,,,,,,,,,,,,,,,"['https://www.reddit.com/r/webscraping/t support constructed stylesheets. See https:/lit.dev/docs/api/LitElement/#LitElement.styles        window.litNonce = ', 'https://www.redditstatic.com/avatars/defaults/v2/avatar_default_7.png', 'https://www.redditstatic.com/avatars/defaults/v2/avatar_default_5.png', 'https://www.redditstatic.com/avatars/defaults/v2/avatar_default_0.png', 'https://www.redditstatic.com/avatars/defaults/v2/avatar_default_4.png', 'https://www.redditstatic.com/avatars/defaults/v2/avatar_default_3.png', 'https://www.redditstatic.com/avatars/defaults/v2/avatar_default_6.png']",,,,,,,,,,,
https://www.reddit.com,com.reddit.RedditAppleSSO,https://devvit-gateway.reddit.com,705819728788-b2c1kcs7tst3b7ghv7at0hkqmtc68ckl.apps.googleusercontent.com,https://www.redditstatic.com/shreddit/,False,client-manifest.json,https://www.redditstatic.com/,https://www.reddit.com,https://www.reddit.com,['https://www.redditstatic.com/'],https://www.redditstatic.com/js/concat,https://www.redditstatic.com/shreddit/,https://events.redditmedia.com/v2j,ShredditFrontend-v1,eW9vM3lhZW00VW9naDVleGFlZm9lcGhlZTZQaG9o,False,https://w3-reporting.reddit.com/reports,,,,,,,,,,,,,
,,,,,,,,,,,,,,,,,,,,https://9f057df6115a4bb488c08ea12a835e6e@error-tracking.reddit.com/o418887/5810803,True,production,,,,,,,,
,,,,,,,,,,,,,,,,,,enabled,,,,,enabled,enabled,enabled,enabled,enabled,enabled,enabled,enabled
,,,,,,,,,,,,,,,,,,,"['https://www.reddit.com/r/webscraping/t support constructed stylesheets. See https:/lit.dev/docs/api/LitElement/#LitElement.styles        window.litNonce = ', 'https://www.redditstatic.com/avatars/defaults/v2/avatar_default_0.png', 'https://www.redditstatic.com/avatars/defaults/v2/avatar_default_7.png', 'https://www.redditstatic.com/avatars/defaults/v2/avatar_default_5.png', 'https://www.redditstatic.com/avatars/defaults/v2/avatar_default_4.png', 'https://www.redditstatic.com/avatars/defaults/v2/avatar_default_3.png', 'https://www.redditstatic.com/avatars/defaults/v2/avatar_default_6.png']",,,,,,,,,,,
https://www.reddit.com,com.reddit.RedditAppleSSO,https://devvit-gateway.reddit.com,705819728788-b2c1kcs7tst3b7ghv7at0hkqmtc68ckl.apps.googleusercontent.com,https://www.redditstatic.com/shreddit/,False,client-manifest.json,https://www.redditstatic.com/,https://www.reddit.com,https://www.reddit.com,['https://www.redditstatic.com/'],https://www.redditstatic.com/js/concat,https://www.redditstatic.com/shreddit/,https://events.redditmedia.com/v2j,ShredditFrontend-v1,eW9vM3lhZW00VW9naDVleGFlZm9lcGhlZTZQaG9o,False,https://w3-reporting.reddit.com/reports,,,,,,,,,,,,,
,,,,,,,,,,,,,,,,,,,,https://9f057df6115a4bb488c08ea12a835e6e@error-tracking.reddit.com/o418887/5810803,True,production,,,,,,,,
,,,,,,,,,,,,,,,,,,enabled,,,,,enabled,enabled,enabled,enabled,enabled,enabled,enabled,enabled
,,,,,,,,,,,,,,,,,,,"['https://www.reddit.com/r/webscraping/t support constructed stylesheets. See https:/lit.dev/docs/api/LitElement/#LitElement.styles        window.litNonce = ', 'https://www.redditstatic.com/avatars/defaults/v2/avatar_default_7.png', 'https://www.redditstatic.com/avatars/defaults/v2/avatar_default_5.png', 'https://www.redditstatic.com/avatars/defaults/v2/avatar_default_0.png', 'https://www.redditstatic.com/avatars/defaults/v2/avatar_default_4.png', 'https://www.redditstatic.com/avatars/defaults/v2/avatar_default_3.png', 'https://www.redditstatic.com/avatars/defaults/v2/avatar_default_6.png']",,,,,,,,,,,
https://www.reddit.com,com.reddit.RedditAppleSSO,https://devvit-gateway.reddit.com,705819728788-b2c1kcs7tst3b7ghv7at0hkqmtc68ckl.apps.googleusercontent.com,https://www.redditstatic.com/shreddit/,False,client-manifest.json,https://www.redditstatic.com/,https://www.reddit.com,https://www.reddit.com,['https://www.redditstatic.com/'],https://www.redditstatic.com/js/concat,https://www.redditstatic.com/shreddit/,https://events.redditmedia.com/v2j,ShredditFrontend-v1,eW9vM3lhZW00VW9naDVleGFlZm9lcGhlZTZQaG9o,False,https://w3-reporting.reddit.com/reports,,,,,,,,,,,,,
,,,,,,,,,,,,,,,,,,,,https://9f057df6115a4bb488c08ea12a835e6e@error-tracking.reddit.com/o418887/5810803,True,production,,,,,,,,
,,,,,,,,,,,,,,,,,,enabled,,,,,enabled,enabled,enabled,enabled,enabled,enabled,enabled,enabled
,,,,,,,,,,,,,,,,,,,"['https://www.reddit.com/r/webscraping/t support constructed stylesheets. See https:/lit.dev/docs/api/LitElement/#LitElement.styles        window.litNonce = ', 'https://www.redditstatic.com/avatars/defaults/v2/avatar_default_7.png', 'https://www.redditstatic.com/avatars/defaults/v2/avatar_default_5.png', 'https://www.redditstatic.com/avatars/defaults/v2/avatar_default_0.png', 'https://www.redditstatic.com/avatars/defaults/v2/avatar_default_4.png', 'https://www.redditstatic.com/avatars/defaults/v2/avatar_default_3.png', 'https://www.redditstatic.com/avatars/defaults/v2/avatar_default_2.png', 'https://www.redditstatic.com/avatars/defaults/v2/avatar_default_6.png']",,,,,,,,,,,
https://www.reddit.com,com.reddit.RedditAppleSSO,https://devvit-gateway.reddit.com,705819728788-b2c1kcs7tst3b7ghv7at0hkqmtc68ckl.apps.googleusercontent.com,https://www.redditstatic.com/shreddit/,False,client-manifest.json,https://www.redditstatic.com/,https://www.reddit.com,https://www.reddit.com,['https://www.redditstatic.com/'],https://www.redditstatic.com/js/concat,https://www.redditstatic.com/shreddit/,https://events.redditmedia.com/v2j,ShredditFrontend-v1,eW9vM3lhZW00VW9naDVleGFlZm9lcGhlZTZQaG9o,False,https://w3-reporting.reddit.com/reports,,,,,,,,,,,,,
,,,,,,,,,,,,,,,,,,,,https://9f057df6115a4bb488c08ea12a835e6e@error-tracking.reddit.com/o418887/5810803,True,production,,,,,,,,
,,,,,,,,,,,,,,,,,,enabled,,,,,enabled,enabled,enabled,enabled,enabled,enabled,enabled,enabled
,,,,,,,,,,,,,,,,,,,"['https://www.reddit.com/r/webscraping/t support constructed stylesheets. See https:/lit.dev/docs/api/LitElement/#LitElement.styles        window.litNonce = ', 'https://www.redditstatic.com/avatars/defaults/v2/avatar_default_7.png', 'https://www.redditstatic.com/avatars/defaults/v2/avatar_default_5.png', 'https://www.redditstatic.com/avatars/defaults/v2/avatar_default_0.png', 'https://www.redditstatic.com/avatars/defaults/v2/avatar_default_4.png', 'https://www.redditstatic.com/avatars/defaults/v2/avatar_default_3.png', 'https://www.redditstatic.com/avatars/defaults/v2/avatar_default_6.png']",,,,,,,,,,,
https://www.reddit.com,com.reddit.RedditAppleSSO,https://devvit-gateway.reddit.com,705819728788-b2c1kcs7tst3b7ghv7at0hkqmtc68ckl.apps.googleusercontent.com,https://www.redditstatic.com/shreddit/,False,client-manifest.json,https://www.redditstatic.com/,https://www.reddit.com,https://www.reddit.com,['https://www.redditstatic.com/'],https://www.redditstatic.com/js/concat,https://www.redditstatic.com/shreddit/,https://events.redditmedia.com/v2j,ShredditFrontend-v1,eW9vM3lhZW00VW9naDVleGFlZm9lcGhlZTZQaG9o,False,https://w3-reporting.reddit.com/reports,,,,,,,,,,,,,
,,,,,,,,,,,,,,,,,,,,https://9f057df6115a4bb488c08ea12a835e6e@error-tracking.reddit.com/o418887/5810803,True,production,,,,,,,,
,,,,,,,,,,,,,,,,,,enabled,,,,,enabled,enabled,enabled,enabled,enabled,enabled,enabled,enabled
,,,,,,,,,,,,,,,,,,,"['https://www.reddit.com/r/webscraping/t support constructed stylesheets. See https:/lit.dev/docs/api/LitElement/#LitElement.styles        window.litNonce = ', 'https://www.redditstatic.com/avatars/defaults/v2/avatar_default_7.png', 'https://www.redditstatic.com/avatars/defaults/v2/avatar_default_5.png', 'https://www.redditstatic.com/avatars/defaults/v2/avatar_default_6.png', 'https://www.redditstatic.com/avatars/defaults/v2/avatar_default_0.png', 'https://www.redditstatic.com/avatars/defaults/v2/avatar_default_4.png', 'https://www.redditstatic.com/avatars/defaults/v2/avatar_default_3.png']",,,,,,,,,,,
https://www.reddit.com,com.reddit.RedditAppleSSO,https://devvit-gateway.reddit.com,705819728788-b2c1kcs7tst3b7ghv7at0hkqmtc68ckl.apps.googleusercontent.com,https://www.redditstatic.com/shreddit/,False,client-manifest.json,https://www.redditstatic.com/,https://www.reddit.com,https://www.reddit.com,['https://www.redditstatic.com/'],https://www.redditstatic.com/js/concat,https://www.redditstatic.com/shreddit/,https://events.redditmedia.com/v2j,ShredditFrontend-v1,eW9vM3lhZW00VW9naDVleGFlZm9lcGhlZTZQaG9o,False,https://w3-reporting.reddit.com/reports,,,,,,,,,,,,,
,,,,,,,,,,,,,,,,,,,,https://9f057df6115a4bb488c08ea12a835e6e@error-tracking.reddit.com/o418887/5810803,True,production,,,,,,,,
,,,,,,,,,,,,,,,,,,enabled,,,,,enabled,enabled,enabled,enabled,enabled,enabled,enabled,enabled
,,,,,,,,,,,,,,,,,,,"['https://www.reddit.com/r/webscraping/t support constructed stylesheets. See https:/lit.dev/docs/api/LitElement/#LitElement.styles        window.litNonce = ', 'https://www.redditstatic.com/avatars/defaults/v2/avatar_default_7.png', 'https://www.redditstatic.com/avatars/defaults/v2/avatar_default_5.png', 'https://www.redditstatic.com/avatars/defaults/v2/avatar_default_0.png', 'https://www.redditstatic.com/avatars/defaults/v2/avatar_default_4.png', 'https://www.redditstatic.com/avatars/defaults/v2/avatar_default_3.png', 'https://www.redditstatic.com/avatars/defaults/v2/avatar_default_6.png', 'https://www.redditstatic.com/avatars/defaults/v2/avatar_default_2.png']",,,,,,,,,,,
https://www.reddit.com,com.reddit.RedditAppleSSO,https://devvit-gateway.reddit.com,705819728788-b2c1kcs7tst3b7ghv7at0hkqmtc68ckl.apps.googleusercontent.com,https://www.redditstatic.com/shreddit/,False,client-manifest.json,https://www.redditstatic.com/,https://www.reddit.com,https://www.reddit.com,['https://www.redditstatic.com/'],https://www.redditstatic.com/js/concat,https://www.redditstatic.com/shreddit/,https://events.redditmedia.com/v2j,ShredditFrontend-v1,eW9vM3lhZW00VW9naDVleGFlZm9lcGhlZTZQaG9o,False,https://w3-reporting.reddit.com/reports,,,,,,,,,,,,,
,,,,,,,,,,,,,,,,,,,,https://9f057df6115a4bb488c08ea12a835e6e@error-tracking.reddit.com/o418887/5810803,True,production,,,,,,,,
,,,,,,,,,,,,,,,,,,enabled,,,,,enabled,enabled,enabled,enabled,enabled,enabled,enabled,enabled
,,,,,,,,,,,,,,,,,,,"['https://www.reddit.com/r/webscraping/t support constructed stylesheets. See https:/lit.dev/docs/api/LitElement/#LitElement.styles        window.litNonce = ', 'https://www.redditstatic.com/avatars/defaults/v2/avatar_default_3.png', 'https://www.redditstatic.com/avatars/defaults/v2/avatar_default_7.png', 'https://www.redditstatic.com/avatars/defaults/v2/avatar_default_5.png', 'https://www.redditstatic.com/avatars/defaults/v2/avatar_default_2.png', 'https://www.redditstatic.com/avatars/defaults/v2/avatar_default_0.png', 'https://www.redditstatic.com/avatars/defaults/v2/avatar_default_4.png', 'https://www.redditstatic.com/avatars/defaults/v2/avatar_default_6.png']",,,,,,,,,,,
https://www.reddit.com,com.reddit.RedditAppleSSO,https://devvit-gateway.reddit.com,705819728788-b2c1kcs7tst3b7ghv7at0hkqmtc68ckl.apps.googleusercontent.com,https://www.redditstatic.com/shreddit/,False,client-manifest.json,https://www.redditstatic.com/,https://www.reddit.com,https://www.reddit.com,['https://www.redditstatic.com/'],https://www.redditstatic.com/js/concat,https://www.redditstatic.com/shreddit/,https://events.redditmedia.com/v2j,ShredditFrontend-v1,eW9vM3lhZW00VW9naDVleGFlZm9lcGhlZTZQaG9o,False,https://w3-reporting.reddit.com/reports,,,,,,,,,,,,,
,,,,,,,,,,,,,,,,,,,,https://9f057df6115a4bb488c08ea12a835e6e@error-tracking.reddit.com/o418887/5810803,True,production,,,,,,,,
,,,,,,,,,,,,,,,,,,enabled,,,,,enabled,enabled,enabled,enabled,enabled,enabled,enabled,enabled
,,,,,,,,,,,,,,,,,,,"['https://www.reddit.com/r/webscraping/t support constructed stylesheets. See https:/lit.dev/docs/api/LitElement/#LitElement.styles        window.litNonce = ', 'https://www.redditstatic.com/avatars/defaults/v2/avatar_default_7.png', 'https://www.redditstatic.com/avatars/defaults/v2/avatar_default_5.png', 'https://www.redditstatic.com/avatars/defaults/v2/avatar_default_0.png', 'https://www.redditstatic.com/avatars/defaults/v2/avatar_default_4.png', 'https://www.redditstatic.com/avatars/defaults/v2/avatar_default_3.png', 'https://www.redditstatic.com/avatars/defaults/v2/avatar_default_6.png']",,,,,,,,,,,
https://www.reddit.com,com.reddit.RedditAppleSSO,https://devvit-gateway.reddit.com,705819728788-b2c1kcs7tst3b7ghv7at0hkqmtc68ckl.apps.googleusercontent.com,https://www.redditstatic.com/shreddit/,False,client-manifest.json,https://www.redditstatic.com/,https://www.reddit.com,https://www.reddit.com,['https://www.redditstatic.com/'],https://www.redditstatic.com/js/concat,https://www.redditstatic.com/shreddit/,https://events.redditmedia.com/v2j,ShredditFrontend-v1,eW9vM3lhZW00VW9naDVleGFlZm9lcGhlZTZQaG9o,False,https://w3-reporting.reddit.com/reports,,,,,,,,,,,,,
,,,,,,,,,,,,,,,,,,,,https://9f057df6115a4bb488c08ea12a835e6e@error-tracking.reddit.com/o418887/5810803,True,production,,,,,,,,
,,,,,,,,,,,,,,,,,,enabled,,,,,enabled,enabled,enabled,enabled,enabled,enabled,enabled,enabled
,,,,,,,,,,,,,,,,,,,"['https://www.reddit.com/r/webscraping/t support constructed stylesheets. See https:/lit.dev/docs/api/LitElement/#LitElement.styles        window.litNonce = ', 'https://www.redditstatic.com/avatars/defaults/v2/avatar_default_7.png', 'https://www.redditstatic.com/avatars/defaults/v2/avatar_default_5.png', 'https://www.redditstatic.com/avatars/defaults/v2/avatar_default_0.png', 'https://www.redditstatic.com/avatars/defaults/v2/avatar_default_4.png', 'https://www.redditstatic.com/avatars/defaults/v2/avatar_default_3.png', 'https://www.redditstatic.com/avatars/defaults/v2/avatar_default_6.png']",,,,,,,,,,,
https://www.reddit.com,com.reddit.RedditAppleSSO,https://devvit-gateway.reddit.com,705819728788-b2c1kcs7tst3b7ghv7at0hkqmtc68ckl.apps.googleusercontent.com,https://www.redditstatic.com/shreddit/,False,client-manifest.json,https://www.redditstatic.com/,https://www.reddit.com,https://www.reddit.com,['https://www.redditstatic.com/'],https://www.redditstatic.com/js/concat,https://www.redditstatic.com/shreddit/,https://events.redditmedia.com/v2j,ShredditFrontend-v1,eW9vM3lhZW00VW9naDVleGFlZm9lcGhlZTZQaG9o,False,https://w3-reporting.reddit.com/reports,,,,,,,,,,,,,
,,,,,,,,,,,,,,,,,,,,https://9f057df6115a4bb488c08ea12a835e6e@error-tracking.reddit.com/o418887/5810803,True,production,,,,,,,,
,,,,,,,,,,,,,,,,,,enabled,,,,,enabled,enabled,enabled,enabled,enabled,enabled,enabled,enabled
,,,,,,,,,,,,,,,,,,,"['https://www.reddit.com/r/webscraping/t support constructed stylesheets. See https:/lit.dev/docs/api/LitElement/#LitElement.styles        window.litNonce = ', 'https://www.redditstatic.com/avatars/defaults/v2/avatar_default_7.png', 'https://www.redditstatic.com/avatars/defaults/v2/avatar_default_5.png', 'https://www.redditstatic.com/avatars/defaults/v2/avatar_default_0.png', 'https://www.redditstatic.com/avatars/defaults/v2/avatar_default_4.png', 'https://www.redditstatic.com/avatars/defaults/v2/avatar_default_3.png', 'https://www.redditstatic.com/avatars/defaults/v2/avatar_default_6.png']",,,,,,,,,,,
https://www.reddit.com,com.reddit.RedditAppleSSO,https://devvit-gateway.reddit.com,705819728788-b2c1kcs7tst3b7ghv7at0hkqmtc68ckl.apps.googleusercontent.com,https://www.redditstatic.com/shreddit/,False,client-manifest.json,https://www.redditstatic.com/,https://www.reddit.com,https://www.reddit.com,['https://www.redditstatic.com/'],https://www.redditstatic.com/js/concat,https://www.redditstatic.com/shreddit/,https://events.redditmedia.com/v2j,ShredditFrontend-v1,eW9vM3lhZW00VW9naDVleGFlZm9lcGhlZTZQaG9o,False,https://w3-reporting.reddit.com/reports,,,,,,,,,,,,,
,,,,,,,,,,,,,,,,,,,,https://9f057df6115a4bb488c08ea12a835e6e@error-tracking.reddit.com/o418887/5810803,True,production,,,,,,,,
,,,,,,,,,,,,,,,,,,enabled,,,,,enabled,enabled,enabled,enabled,enabled,enabled,enabled,enabled
,,,,,,,,,,,,,,,,,,,"['https://www.reddit.com/r/webscraping/t support constructed stylesheets. See https:/lit.dev/docs/api/LitElement/#LitElement.styles        window.litNonce = ', 'https://www.redditstatic.com/avatars/defaults/v2/avatar_default_7.png', 'https://www.redditstatic.com/avatars/defaults/v2/avatar_default_5.png', 'https://www.redditstatic.com/avatars/defaults/v2/avatar_default_0.png', 'https://www.redditstatic.com/avatars/defaults/v2/avatar_default_4.png', 'https://www.redditstatic.com/avatars/defaults/v2/avatar_default_3.png', 'https://www.redditstatic.com/avatars/defaults/v2/avatar_default_6.png']",,,,,,,,,,,
https://www.reddit.com,com.reddit.RedditAppleSSO,https://devvit-gateway.reddit.com,705819728788-b2c1kcs7tst3b7ghv7at0hkqmtc68ckl.apps.googleusercontent.com,https://www.redditstatic.com/shreddit/,False,client-manifest.json,https://www.redditstatic.com/,https://www.reddit.com,https://www.reddit.com,['https://www.redditstatic.com/'],https://www.redditstatic.com/js/concat,https://www.redditstatic.com/shreddit/,https://events.redditmedia.com/v2j,ShredditFrontend-v1,eW9vM3lhZW00VW9naDVleGFlZm9lcGhlZTZQaG9o,False,https://w3-reporting.reddit.com/reports,,,,,,,,,,,,,
,,,,,,,,,,,,,,,,,,,,https://9f057df6115a4bb488c08ea12a835e6e@error-tracking.reddit.com/o418887/5810803,True,production,,,,,,,,
,,,,,,,,,,,,,,,,,,enabled,,,,,enabled,enabled,enabled,enabled,enabled,enabled,enabled,enabled
,,,,,,,,,,,,,,,,,,,"['https://www.reddit.com/r/webscraping/t support constructed stylesheets. See https:/lit.dev/docs/api/LitElement/#LitElement.styles        window.litNonce = ', 'https://www.redditstatic.com/avatars/defaults/v2/avatar_default_7.png', 'https://www.redditstatic.com/avatars/defaults/v2/avatar_default_5.png', 'https://www.redditstatic.com/avatars/defaults/v2/avatar_default_0.png', 'https://www.redditstatic.com/avatars/defaults/v2/avatar_default_4.png', 'https://www.redditstatic.com/avatars/defaults/v2/avatar_default_3.png', 'https://www.redditstatic.com/avatars/defaults/v2/avatar_default_6.png']",,,,,,,,,,,
